{
  "schemaVersion" : "0.1",
  "workflows" : [ {
    "descriptionResource" : "svi.workflow.case.1684820571426.description.txt",
    "enabled" : true,
    "entityDefinedProcessVariables" : [ "svi_attempted_fraud_amount", "svi_fraud_amount_recovered", "svi_successful_fraud_amount", "svi_case_investigator", "svi_case_approver", "svi_case_reviewer", "svi_case_admin", "svi_case_status", "svi_case_action", "svi_case_type" ],
    "entityName" : "case",
    "graphicalModel" : "{\"linkFromPortIdProperty\":\"fromPort\",\"linkToPortIdProperty\":\"toPort\",\"modelData\":{\"version\":10.21,\"entityIdsUpdated\":true},\"nodeDataArray\":[{\"key\":\"StartEvent1684802631387\",\"category\":\"event\",\"text\":\"Start\",\"textResource\":\"svi.workflow.case.1684820571426.StartEvent1684802631387.name.txt\",\"item\":\"StartEvent\",\"descriptionResource\":\"svi.workflow.case.1684820571426.StartEvent1684802631387.description.txt\",\"entityFieldVariables\":[],\"loc\":\"20 50\",\"taskActions\":[],\"gateway\":false},{\"key\":\"UserTask1684787098861\",\"category\":\"activity\",\"text\":\"Assign ownership\",\"textResource\":\"svi.workflow.case.1684820571426.UserTask1684787098861.name.txt\",\"item\":\"UserTask\",\"descriptionResource\":\"svi.workflow.case.1684820571426.UserTask1684787098861.description.txt\",\"participants\":[{\"id\":\"investigator\",\"type\":\"group\",\"name\":\"investigator\"}],\"entityFieldVariables\":[],\"loc\":\"20 140\",\"size\":{\"width\":200,\"height\":70},\"taskActions\":[{\"id\":\"taskOption1684802671714\",\"name\":\"Completed\",\"processVariables\":[],\"entityFieldVariables\":[{\"id\":\"case_status\",\"name\":\"case_status\",\"label\":\"Case Status\",\"defaultValue\":\"\",\"value\":\"WF_UI\",\"type\":\"REFERENCE_DATA\",\"isEntity\":true,\"constrainingListName\":\"wf_case_status\",\"cascadingReferenceSettingsModel\":\"{\\\"isFilteredByCode\\\":false,\\\"listItem\\\":{\\\"label\\\":\\\"Under investigation\\\",\\\"code\\\":\\\"WF_UI\\\"}}\",\"verifyValueIsSet\":false,\"setToNull\":false},{\"id\":\"case_action\",\"name\":\"case_action\",\"label\":\"Case Action\",\"defaultValue\":\"\",\"value\":\"CA_C\",\"type\":\"REFERENCE_DATA\",\"isEntity\":true,\"constrainingListName\":\"case_action\",\"cascadingReferenceSettingsModel\":\"{\\\"isFilteredByCode\\\":false,\\\"listItem\\\":{\\\"label\\\":\\\"Claim\\\",\\\"code\\\":\\\"CA_C\\\"}}\",\"verifyValueIsSet\":false,\"setToNull\":false}],\"nameResource\":\"svi.workflow.case.1684820571426.UserTask1684787098861.action.taskOption1684802671714.name.txt\",\"value\":\"taskOption1684802671714\"}],\"gateway\":false},{\"key\":\"ParallelGateway1684787098862\",\"category\":\"gateway\",\"text\":\"Parallel Gateway\",\"textResource\":\"svi.workflow.case.1684820571426.ParallelGateway1684787098862.name.txt\",\"item\":\"ParallelGateway\",\"descriptionResource\":\"svi.workflow.case.1684820571426.ParallelGateway1684787098862.description.txt\",\"entityFieldVariables\":[],\"loc\":\"20 230\",\"taskActions\":[],\"precedence\":[{\"from\":\"ParallelGateway1684787098862\",\"to\":\"UserTask1684802688959\",\"fromPort\":\"leftPort\",\"toPort\":\"topPort\",\"textResource\":\"svi.workflow.case.1684820571426.ParallelGateway1684787098862_UserTask1684802688959.name.txt\",\"key\":\"ParallelGateway1684787098862_UserTask1684802688959\",\"descriptionResource\":\"svi.workflow.case.1684818503249.ParallelGateway1684787098862_UserTask1684802688959.description.txt\",\"incomplete\":false,\"endPoint\":\"Conduct investigation\",\"order\":0},{\"from\":\"ParallelGateway1684787098862\",\"to\":\"UserTask1684802692320\",\"fromPort\":\"rightPort\",\"toPort\":\"topPort\",\"textResource\":\"svi.workflow.case.1684820571426.ParallelGateway1684787098862_UserTask1684802692320.name.txt\",\"key\":\"ParallelGateway1684787098862_UserTask1684802692320\",\"descriptionResource\":\"svi.workflow.case.1684818503249.ParallelGateway1684787098862_UserTask1684802692320.description.txt\",\"incomplete\":false,\"endPoint\":\"Gather information\",\"order\":1}],\"gateway\":true},{\"key\":\"UserTask1684802688959\",\"category\":\"activity\",\"text\":\"Conduct investigation\",\"textResource\":\"svi.workflow.case.1684820571426.UserTask1684802688959.name.txt\",\"item\":\"UserTask\",\"descriptionResource\":\"svi.workflow.case.1684820571426.UserTask1684802688959.description.txt\",\"participants\":[{\"id\":\"investigator\",\"type\":\"group\",\"name\":\"investigator\"}],\"entityFieldVariables\":[],\"loc\":\"-120 360\",\"size\":{\"width\":200,\"height\":70},\"taskActions\":[{\"id\":\"taskOption1684802688971\",\"name\":\"Completed\",\"processVariables\":[],\"entityFieldVariables\":[],\"nameResource\":\"svi.workflow.case.1684820571426.UserTask1684802688959.action.taskOption1684802688971.name.txt\",\"value\":\"taskOption1684802688971\"}],\"gateway\":false},{\"key\":\"UserTask1684802692320\",\"category\":\"activity\",\"text\":\"Gather information\",\"textResource\":\"svi.workflow.case.1684820571426.UserTask1684802692320.name.txt\",\"item\":\"UserTask\",\"descriptionResource\":\"svi.workflow.case.1684820571426.UserTask1684802692320.description.txt\",\"participants\":[{\"id\":\"investigator\",\"type\":\"group\",\"name\":\"investigator\"}],\"entityFieldVariables\":[],\"loc\":\"190 360\",\"size\":{\"width\":200,\"height\":70},\"taskActions\":[{\"id\":\"taskOption1684802692332\",\"name\":\"Completed\",\"processVariables\":[],\"entityFieldVariables\":[],\"nameResource\":\"svi.workflow.case.1684820571426.UserTask1684802692320.action.taskOption1684802692332.name.txt\",\"value\":\"taskOption1684802692332\"}],\"gateway\":false},{\"key\":\"ParallelGateway1684802724344\",\"category\":\"gateway\",\"text\":\"Parallel Gateway\",\"textResource\":\"svi.workflow.case.1684820571426.ParallelGateway1684802724344.name.txt\",\"item\":\"ParallelGateway\",\"descriptionResource\":\"svi.workflow.case.1684820571426.ParallelGateway1684802724344.description.txt\",\"entityFieldVariables\":[],\"loc\":\"30 480\",\"taskActions\":[],\"precedence\":[{\"from\":\"ParallelGateway1684802724344\",\"to\":\"UserTask1684802751957\",\"fromPort\":\"bottomPort\",\"toPort\":\"topPort\",\"textResource\":\"svi.workflow.case.1684820571426.ParallelGateway1684802724344_UserTask1684802751957.name.txt\",\"key\":\"ParallelGateway1684802724344_UserTask1684802751957\",\"descriptionResource\":\"svi.workflow.case.1684818503249.ParallelGateway1684802724344_UserTask1684802751957.description.txt\",\"incomplete\":false,\"endPoint\":\"Conclude investigation\",\"order\":0}],\"gateway\":true},{\"key\":\"UserTask1684802751957\",\"category\":\"activity\",\"text\":\"Conclude investigation\",\"textResource\":\"svi.workflow.case.1684820571426.UserTask1684802751957.name.txt\",\"item\":\"UserTask\",\"descriptionResource\":\"svi.workflow.case.1684820571426.UserTask1684802751957.description.txt\",\"participants\":[{\"id\":\"investigator\",\"type\":\"group\",\"name\":\"investigator\"}],\"entityFieldVariables\":[],\"loc\":\"30 600\",\"size\":{\"width\":200,\"height\":70},\"taskActions\":[{\"id\":\"taskOption1684817823810\",\"name\":\"Non-Suspicious\",\"processVariables\":[{\"id\":\"WorkflowVariable1\",\"name\":\"wf_case_action\",\"label\":\"wf_case_action\",\"value\":\"CA_NS\",\"type\":\"REFERENCE_DATA\",\"isEntity\":false,\"userSelectionStrategy\":\"USERS\",\"constrainingListName\":\"case_action\",\"cascadingReferenceSettingsModel\":\"{\\\"isFilteredByCode\\\":false,\\\"filterByItem\\\":null,\\\"listItem\\\":{\\\"label\\\":\\\"Non-Suspicious\\\",\\\"code\\\":\\\"CA_NS\\\"}}\",\"verifyValueIsSet\":false,\"setToNull\":false}],\"entityFieldVariables\":[{\"id\":\"case_action\",\"name\":\"case_action\",\"label\":\"Case Action\",\"defaultValue\":\"\",\"value\":\"CA_NS\",\"type\":\"REFERENCE_DATA\",\"isEntity\":true,\"constrainingListName\":\"case_action\",\"cascadingReferenceSettingsModel\":\"{\\\"isFilteredByCode\\\":false,\\\"listItem\\\":{\\\"label\\\":\\\"Non-Suspicious\\\",\\\"code\\\":\\\"CA_NS\\\"}}\",\"verifyValueIsSet\":false,\"setToNull\":false}],\"nameResource\":\"svi.workflow.case.1684820571426.UserTask1684802751957.action.taskOption1684817823810.name.txt\",\"value\":\"taskOption1684817823810\"},{\"id\":\"taskOption1684802751977\",\"name\":\"Suspicious\",\"processVariables\":[{\"id\":\"WorkflowVariable1\",\"name\":\"wf_case_action\",\"label\":\"wf_case_action\",\"value\":\"CA_S\",\"type\":\"REFERENCE_DATA\",\"isEntity\":false,\"userSelectionStrategy\":\"USERS\",\"constrainingListName\":\"case_action\",\"cascadingReferenceSettingsModel\":\"{\\\"isFilteredByCode\\\":false,\\\"filterByItem\\\":null,\\\"listItem\\\":{\\\"label\\\":\\\"Suspicious\\\",\\\"code\\\":\\\"CA_S\\\"}}\",\"verifyValueIsSet\":false,\"setToNull\":false}],\"entityFieldVariables\":[{\"id\":\"case_action\",\"name\":\"case_action\",\"label\":\"Case Action\",\"defaultValue\":\"\",\"value\":\"CA_S\",\"type\":\"REFERENCE_DATA\",\"isEntity\":true,\"constrainingListName\":\"case_action\",\"cascadingReferenceSettingsModel\":\"{\\\"isFilteredByCode\\\":false,\\\"listItem\\\":{\\\"label\\\":\\\"Suspicious\\\",\\\"code\\\":\\\"CA_S\\\"}}\",\"verifyValueIsSet\":false,\"setToNull\":false}],\"nameResource\":\"svi.workflow.case.1684820571426.UserTask1684802751957.action.taskOption1684802751977.name.txt\",\"value\":\"taskOption1684802751977\"}],\"gateway\":false},{\"key\":\"WriteToServiceTask1684787098862\",\"category\":\"activity\",\"text\":\"Investigation completed\",\"textResource\":\"svi.workflow.case.1684820571426.WriteToServiceTask1684787098862.name.txt\",\"item\":\"WriteToServiceTask\",\"descriptionResource\":\"svi.workflow.case.1684820571426.WriteToServiceTask1684787098862.description.txt\",\"entityFieldVariables\":[{\"id\":\"case_status\",\"name\":\"case_status\",\"label\":\"Case Status\",\"defaultValue\":\"\",\"value\":\"WF_R\",\"type\":\"REFERENCE_DATA\",\"isEntity\":true,\"constrainingListName\":\"wf_case_status\",\"cascadingReferenceSettingsModel\":\"{\\\"isFilteredByCode\\\":false,\\\"listItem\\\":{\\\"label\\\":\\\"Review\\\",\\\"code\\\":\\\"WF_R\\\"}}\",\"verifyValueIsSet\":false,\"setToNull\":false}],\"loc\":\"30 700\",\"size\":{\"width\":200,\"height\":70},\"taskActions\":[],\"gateway\":false},{\"key\":\"ExclusiveGateway1684787098862\",\"category\":\"gateway\",\"text\":\"Exclusive Gateway\",\"textResource\":\"svi.workflow.case.1684820571426.ExclusiveGateway1684787098862.name.txt\",\"item\":\"ExclusiveGateway\",\"descriptionResource\":\"svi.workflow.case.1684820571426.ExclusiveGateway1684787098862.description.txt\",\"entityFieldVariables\":[],\"loc\":\"30 800\",\"taskActions\":[],\"precedence\":[{\"from\":\"ExclusiveGateway1684787098862\",\"to\":\"UserTask1684802822344\",\"fromPort\":\"leftPort\",\"toPort\":\"topPort\",\"text\":\"Suspicious\",\"textResource\":\"svi.workflow.case.1684820571426.ExclusiveGateway1684787098862_UserTask1684802822344.name.txt\",\"key\":\"ExclusiveGateway1684787098862_UserTask1684802822344\",\"conditionData\":{\"id\":\"conditionGroup55127975-7600-116e-411c-aa12145d0cc0\",\"isRootGroup\":true,\"selectedAndOrOption\":\"OR\",\"conditionBuilderItems\":[{\"id\":\"conditionGroup4eaf9d52-4e4a-1a9a-900e-56ae0fb7bf2d\",\"selectedAndOrOption\":\"OR\",\"index\":0,\"conditionBuilderItems\":[{\"id\":\"conditionRulea499a38c-b5a5-f534-4c9e-1cfddf1e4307\",\"lhsInput\":{\"id\":\"WorkflowVariable1\",\"name\":\"wf_case_action\",\"label\":\"wf_case_action\",\"value\":\"\",\"type\":\"REFERENCE_DATA\"},\"rhsInput\":{\"value\":\"CA_S\"},\"selectedAndOrOption\":\"AND\",\"operatorInput\":\"equals\",\"index\":0}]}]},\"incomplete\":false,\"endPoint\":\"Manager review\",\"order\":0},{\"from\":\"ExclusiveGateway1684787098862\",\"to\":\"WriteToServiceTask1684818585334\",\"fromPort\":\"rightPort\",\"toPort\":\"topPort\",\"text\":\"Otherwise\",\"textResource\":\"svi.workflow.case.1684820571426.ExclusiveGateway1684787098862_WriteToServiceTask1684818585334.name.txt\",\"key\":\"ExclusiveGateway1684787098862_ScriptTask1684787098861\",\"descriptionResource\":\"svi.workflow.case.1684818503249.ExclusiveGateway1684787098862_ScriptTask1684787098861.description.txt\",\"conditionData\":{\"id\":\"conditionGroupd1cf89b5-6fef-8410-1078-bf4a9f70b848\",\"isRootGroup\":true,\"selectedAndOrOption\":\"OR\",\"conditionBuilderItems\":[{\"id\":\"conditionGroup0e738bc7-8fea-367a-ff74-6f226c431a12\",\"selectedAndOrOption\":\"OR\",\"index\":0,\"conditionBuilderItems\":[{\"id\":\"conditionRule038b9840-9067-29b0-5184-42faf6310245\",\"lhsInput\":{\"id\":\"WorkflowVariable1\",\"name\":\"wf_case_action\",\"label\":\"wf_case_action\",\"value\":\"\",\"type\":\"REFERENCE_DATA\"},\"rhsInput\":{\"value\":\"CA_NS\"},\"selectedAndOrOption\":\"AND\",\"operatorInput\":\"equals\",\"index\":0}]}]},\"incomplete\":false,\"endPoint\":\"Write Service\",\"order\":1}],\"gateway\":true},{\"key\":\"UserTask1684802822344\",\"category\":\"activity\",\"text\":\"Manager review\",\"textResource\":\"svi.workflow.case.1684820571426.UserTask1684802822344.name.txt\",\"item\":\"UserTask\",\"descriptionResource\":\"svi.workflow.case.1684820571426.UserTask1684802822344.description.txt\",\"participants\":[{\"id\":\"reviewer\",\"type\":\"group\",\"name\":\"reviewer\"}],\"entityFieldVariables\":[],\"loc\":\"-160 900\",\"size\":{\"width\":200,\"height\":70},\"taskActions\":[{\"id\":\"taskOption1684802822356\",\"name\":\"Accepted\",\"processVariables\":[{\"id\":\"WorkflowVariable1\",\"name\":\"wf_case_action\",\"label\":\"wf_case_action\",\"value\":\"CA_R\",\"type\":\"REFERENCE_DATA\",\"isEntity\":false,\"userSelectionStrategy\":\"USERS\",\"constrainingListName\":\"case_action\",\"cascadingReferenceSettingsModel\":\"{\\\"isFilteredByCode\\\":false,\\\"filterByItem\\\":null,\\\"listItem\\\":{\\\"label\\\":\\\"Reviewed\\\",\\\"code\\\":\\\"CA_R\\\"}}\",\"verifyValueIsSet\":false,\"setToNull\":false}],\"entityFieldVariables\":[{\"id\":\"case_action\",\"name\":\"case_action\",\"label\":\"Case Action\",\"defaultValue\":\"\",\"value\":\"CA_R\",\"type\":\"REFERENCE_DATA\",\"isEntity\":true,\"constrainingListName\":\"case_action\",\"cascadingReferenceSettingsModel\":\"{\\\"isFilteredByCode\\\":false,\\\"listItem\\\":{\\\"label\\\":\\\"Reviewed\\\",\\\"code\\\":\\\"CA_R\\\"}}\",\"verifyValueIsSet\":false,\"setToNull\":false},{\"id\":\"case_status\",\"name\":\"case_status\",\"label\":\"Case Status\",\"defaultValue\":\"\",\"value\":\"WF_AR\",\"type\":\"REFERENCE_DATA\",\"isEntity\":true,\"constrainingListName\":\"wf_case_status\",\"cascadingReferenceSettingsModel\":\"{\\\"isFilteredByCode\\\":false,\\\"listItem\\\":{\\\"label\\\":\\\"Approver Review\\\",\\\"code\\\":\\\"WF_AR\\\"}}\",\"verifyValueIsSet\":false,\"setToNull\":false}],\"nameResource\":\"svi.workflow.case.1684820571426.UserTask1684802822344.action.taskOption1684802822356.name.txt\",\"value\":\"taskOption1684802822356\"},{\"id\":\"taskOption1684818173932\",\"name\":\"Rejected\",\"processVariables\":[{\"id\":\"WorkflowVariable1\",\"name\":\"wf_case_action\",\"label\":\"wf_case_action\",\"value\":\"CA_BI\",\"type\":\"REFERENCE_DATA\",\"isEntity\":false,\"userSelectionStrategy\":\"USERS\",\"constrainingListName\":\"case_action\",\"cascadingReferenceSettingsModel\":\"{\\\"isFilteredByCode\\\":false,\\\"filterByItem\\\":null,\\\"listItem\\\":{\\\"label\\\":\\\"Back to investigation\\\",\\\"code\\\":\\\"CA_BI\\\"}}\",\"verifyValueIsSet\":false,\"setToNull\":false}],\"entityFieldVariables\":[{\"id\":\"case_action\",\"name\":\"case_action\",\"label\":\"Case Action\",\"defaultValue\":\"\",\"value\":\"CA_BI\",\"type\":\"REFERENCE_DATA\",\"isEntity\":true,\"constrainingListName\":\"case_action\",\"cascadingReferenceSettingsModel\":\"{\\\"isFilteredByCode\\\":false,\\\"listItem\\\":{\\\"label\\\":\\\"Back to investigation\\\",\\\"code\\\":\\\"CA_BI\\\"}}\",\"verifyValueIsSet\":false,\"setToNull\":false},{\"id\":\"case_status\",\"name\":\"case_status\",\"label\":\"Case Status\",\"defaultValue\":\"\",\"value\":\"WF_UI\",\"type\":\"REFERENCE_DATA\",\"isEntity\":true,\"constrainingListName\":\"wf_case_status\",\"cascadingReferenceSettingsModel\":\"{\\\"isFilteredByCode\\\":false,\\\"listItem\\\":{\\\"label\\\":\\\"Under investigation\\\",\\\"code\\\":\\\"WF_UI\\\"}}\",\"verifyValueIsSet\":false,\"setToNull\":false}],\"nameResource\":\"svi.workflow.case.1684820571426.UserTask1684802822344.action.taskOption1684818173932.name.txt\",\"value\":\"taskOption1684818173932\"}],\"gateway\":false},{\"key\":\"ExclusiveGateway1684802844157\",\"category\":\"gateway\",\"text\":\"Exclusive Gateway\",\"textResource\":\"svi.workflow.case.1684820571426.ExclusiveGateway1684802844157.name.txt\",\"item\":\"ExclusiveGateway\",\"descriptionResource\":\"svi.workflow.case.1684820571426.ExclusiveGateway1684802844157.description.txt\",\"entityFieldVariables\":[],\"loc\":\"-220 1010\",\"taskActions\":[],\"precedence\":[{\"from\":\"ExclusiveGateway1684802844157\",\"to\":\"UserTask1684802751957\",\"fromPort\":\"leftPort\",\"toPort\":\"leftPort\",\"text\":\"Rejected\",\"textResource\":\"svi.workflow.case.1684820571426.ExclusiveGateway1684802844157_UserTask1684802751957.name.txt\",\"key\":\"ExclusiveGateway1684802844157_UserTask1684802751957\",\"conditionData\":{\"id\":\"conditionGroup41770df5-f09d-390c-27c8-c41d47400906\",\"isRootGroup\":true,\"selectedAndOrOption\":\"OR\",\"conditionBuilderItems\":[{\"id\":\"conditionGroup55fdf558-e2cb-3c74-0ae5-433810c8bc71\",\"selectedAndOrOption\":\"OR\",\"index\":0,\"conditionBuilderItems\":[{\"id\":\"conditionRule38bb2fa2-d5d8-5bed-501b-407bb7bdba1e\",\"lhsInput\":{\"id\":\"WorkflowVariable1\",\"name\":\"wf_case_action\",\"label\":\"wf_case_action\",\"value\":\"\",\"type\":\"REFERENCE_DATA\"},\"rhsInput\":{\"value\":\"CA_BI\"},\"selectedAndOrOption\":\"AND\",\"operatorInput\":\"equals\",\"index\":0}]}]},\"incomplete\":false,\"endPoint\":\"Conclude investigation\",\"order\":0},{\"from\":\"ExclusiveGateway1684802844157\",\"to\":\"WriteToServiceTask1684818585334\",\"fromPort\":\"rightPort\",\"toPort\":\"leftPort\",\"text\":\"Accepted\",\"textResource\":\"svi.workflow.case.1684820571426.ExclusiveGateway1684802844157_WriteToServiceTask1684818585334.name.txt\",\"key\":\"ExclusiveGateway1684802844157_ScriptTask1684787098861\",\"descriptionResource\":\"svi.workflow.case.1684818503249.ExclusiveGateway1684802844157_ScriptTask1684787098861.description.txt\",\"conditionData\":{\"id\":\"conditionGroup51f4dbb2-7d49-e5b2-41a0-416956865526\",\"isRootGroup\":true,\"selectedAndOrOption\":\"OR\",\"conditionBuilderItems\":[{\"id\":\"conditionGroup3955d784-ff5e-052c-18e6-2fc159e22000\",\"selectedAndOrOption\":\"OR\",\"index\":0,\"conditionBuilderItems\":[{\"id\":\"conditionRule68793a67-ac98-bc21-a78c-c1d01acb4a70\",\"lhsInput\":{\"id\":\"WorkflowVariable1\",\"name\":\"wf_case_action\",\"label\":\"wf_case_action\",\"value\":\"\",\"type\":\"REFERENCE_DATA\"},\"rhsInput\":{\"value\":\"CA_R\"},\"selectedAndOrOption\":\"AND\",\"operatorInput\":\"equals\",\"index\":0}]}]},\"incomplete\":false,\"endPoint\":\"Write Service\",\"order\":1}],\"gateway\":true},{\"key\":\"ScriptTask1684787098861\",\"category\":\"activity\",\"text\":\"Calculate total fraud\",\"textResource\":\"svi.workflow.case.1684820571426.ScriptTask1684787098861.name.txt\",\"item\":\"ScriptTask\",\"descriptionResource\":\"svi.workflow.case.1684820571426.ScriptTask1684787098861.description.txt\",\"entityFieldVariables\":[],\"loc\":\"160 1010\",\"size\":{\"width\":200,\"height\":70},\"script\":\"try{\\r\\n\\r\\nprint(\\\"DEBUG 1: \\\" +svi_attempted_fraud_amount);\\r\\nprint(\\\"DEBUG 2: \\\" +svi_fraud_amount_recovered);\\r\\n\\r\\nvar x = svi_attempted_fraud_amount - svi_fraud_amount_recovered;\\r\\n\\r\\n\\r\\nprint(\\\"DEBUG 3: \\\" +x);\\r\\n \\r\\n\\r\\nexecution.setVariable(\\\"svi_successful_fraud_amount\\\", x);\\r\\n\\r\\nprint(\\\"DEBUG 4: \\\" +svi_successful_fraud_amount);\\r\\n\\r\\n}\\r\\n\\r\\ncatch (e) {\\r\\n\\r\\nexecution.setVariable(\\\"wf_error\\\",1);\\r\\n\\r\\nthrow \\\"Failed. Exception: \\\" + e;\\r\\n\\r\\n}\",\"taskActions\":[],\"gateway\":false},{\"key\":\"UserTask1684802989966\",\"category\":\"activity\",\"text\":\"Approve investigation\",\"textResource\":\"svi.workflow.case.1684820571426.UserTask1684802989966.name.txt\",\"item\":\"UserTask\",\"descriptionResource\":\"svi.workflow.case.1684820571426.UserTask1684802989966.description.txt\",\"participants\":[{\"id\":\"approver\",\"type\":\"group\",\"name\":\"approver\"}],\"entityFieldVariables\":[],\"loc\":\"270 1520\",\"size\":{\"width\":200,\"height\":70},\"taskActions\":[{\"id\":\"taskOption1684802989982\",\"name\":\"Completed\",\"processVariables\":[],\"entityFieldVariables\":[],\"pagePrompt\":{\"defaults\":[{\"id\":\"344d1680-64fc-4279-ab3b-58a93e3508c3\",\"name\":\"case-closure-date\"}]},\"nameResource\":\"svi.workflow.case.1684820571426.UserTask1684802989966.action.taskOption1684802989982.name.txt\",\"value\":\"taskOption1684802989982\"}],\"gateway\":false},{\"key\":\"EndEvent1684787098861\",\"category\":\"event\",\"text\":\"End\",\"textResource\":\"svi.workflow.case.1684820571426.EndEvent1684787098861.name.txt\",\"item\":\"EndEvent\",\"descriptionResource\":\"svi.workflow.case.1684820571426.EndEvent1684787098861.description.txt\",\"entityFieldVariables\":[],\"loc\":\"-190 1450\",\"taskActions\":[],\"gateway\":false},{\"key\":\"ExclusiveGateway1684803337781\",\"category\":\"gateway\",\"text\":\"Exclusive Gateway\",\"textResource\":\"svi.workflow.case.1684820571426.ExclusiveGateway1684803337781.name.txt\",\"item\":\"ExclusiveGateway\",\"descriptionResource\":\"svi.workflow.case.1684820571426.ExclusiveGateway1684803337781.description.txt\",\"entityFieldVariables\":[],\"loc\":\"160 1270\",\"taskActions\":[],\"precedence\":[{\"from\":\"ExclusiveGateway1684803337781\",\"to\":\"UserTask1684802989966\",\"fromPort\":\"rightPort\",\"toPort\":\"topPort\",\"text\":\"Fraud more than 1000\",\"textResource\":\"svi.workflow.case.1684820571426.ExclusiveGateway1684803337781_UserTask1684802989966.name.txt\",\"key\":\"ExclusiveGateway1684803337781_UserTask1684802989966\",\"conditionData\":{\"id\":\"conditionGroupd64976b5-5dce-4f5c-5b4d-95d011b41561\",\"isRootGroup\":true,\"selectedAndOrOption\":\"OR\",\"conditionBuilderItems\":[{\"id\":\"conditionGroup8d2ec9ca-e7df-7107-0fdb-55f72173c535\",\"selectedAndOrOption\":\"OR\",\"index\":0,\"conditionBuilderItems\":[{\"id\":\"conditionRule73f3282f-7e22-ff96-e1ce-3e1f515051cd\",\"lhsInput\":{\"id\":\"svi_successful_fraud_amount\",\"name\":\"svi_successful_fraud_amount\",\"label\":\"Successful Fraud Amount\",\"value\":\"\",\"type\":\"NUMERIC\"},\"rhsInput\":{\"value\":\"1000\"},\"selectedAndOrOption\":\"AND\",\"operatorInput\":\"greater_than\",\"index\":0}]}]},\"incomplete\":false,\"endPoint\":\"Approve investigation\",\"order\":0},{\"from\":\"ExclusiveGateway1684803337781\",\"to\":\"UserTask1684818045062\",\"fromPort\":\"leftPort\",\"toPort\":\"topPort\",\"text\":\"Fraud less than 1000\",\"textResource\":\"svi.workflow.case.1684820571426.ExclusiveGateway1684803337781_UserTask1684818045062.name.txt\",\"key\":\"ExclusiveGateway1684803337781_EndEvent1684787098861\",\"descriptionResource\":\"svi.workflow.case.1684803903764.ExclusiveGateway1684803337781_EndEvent1684787098861.description.txt\",\"conditionData\":{\"id\":\"conditionGroup2fdf731f-e22e-a1d7-9cfc-26e6c35859b0\",\"isRootGroup\":true,\"selectedAndOrOption\":\"OR\",\"conditionBuilderItems\":[{\"id\":\"conditionGroupd0ad727c-22c1-af4f-e8aa-5339fd486da3\",\"selectedAndOrOption\":\"OR\",\"index\":0,\"conditionBuilderItems\":[{\"id\":\"conditionRule526f1880-1487-9e64-9359-9c21e55535d0\",\"lhsInput\":{\"id\":\"svi_successful_fraud_amount\",\"name\":\"svi_successful_fraud_amount\",\"label\":\"Successful Fraud Amount\",\"value\":\"\",\"type\":\"NUMERIC\"},\"rhsInput\":{\"value\":\"1000\"},\"selectedAndOrOption\":\"AND\",\"operatorInput\":\"less_than_or_equal\",\"index\":0}]}]},\"incomplete\":false,\"endPoint\":\"Assign closure date\",\"order\":1}],\"gateway\":true},{\"key\":\"UserTask1684818045062\",\"category\":\"activity\",\"text\":\"Assign closure date\",\"textResource\":\"svi.workflow.case.1684820571426.UserTask1684818045062.name.txt\",\"item\":\"UserTask\",\"descriptionResource\":\"svi.workflow.case.1684820571426.UserTask1684818045062.description.txt\",\"participants\":[{\"id\":\"reviewer\",\"type\":\"group\",\"name\":\"reviewer\"}],\"entityFieldVariables\":[],\"loc\":\"-190 1350\",\"size\":{\"width\":200,\"height\":70},\"taskActions\":[{\"id\":\"taskOption1684818045073\",\"name\":\"Completed\",\"processVariables\":[],\"entityFieldVariables\":[],\"pagePrompt\":{\"defaults\":[{\"id\":\"344d1680-64fc-4279-ab3b-58a93e3508c3\",\"name\":\"case-closure-date\"}]},\"nameResource\":\"svi.workflow.case.1684820571426.UserTask1684818045062.action.taskOption1684818045073.name.txt\",\"value\":\"taskOption1684818045073\"}],\"gateway\":false},{\"key\":\"WriteToServiceTask1684818585334\",\"category\":\"activity\",\"text\":\"Write Service\",\"textResource\":\"svi.workflow.case.1684820571426.WriteToServiceTask1684818585334.name.txt\",\"item\":\"WriteToServiceTask\",\"descriptionResource\":\"svi.workflow.case.1684820571426.WriteToServiceTask1684818585334.description.txt\",\"processVariables\":[{\"id\":\"svi_attempted_fraud_amount\",\"name\":\"svi_attempted_fraud_amount\",\"label\":\"Attempted Fraud Amount\",\"defaultValue\":\"\",\"value\":\"{attempted_fraud_amount}\",\"valueVariableId\":\"attempted_fraud_amount\",\"valueVariableName\":\"attempted_fraud_amount\",\"type\":\"NUMERIC\",\"isEntity\":true,\"verifyValueIsSet\":true,\"setToNull\":false},{\"id\":\"svi_fraud_amount_recovered\",\"name\":\"svi_fraud_amount_recovered\",\"label\":\"Fraud Amount Recovered\",\"defaultValue\":\"\",\"value\":\"{fraud_amount_recovered}\",\"valueVariableId\":\"fraud_amount_recovered\",\"valueVariableName\":\"fraud_amount_recovered\",\"type\":\"NUMERIC\",\"isEntity\":true,\"verifyValueIsSet\":true,\"setToNull\":false}],\"loc\":\"160 900\",\"size\":{\"width\":200,\"height\":70},\"taskActions\":[],\"gateway\":false},{\"key\":\"WriteToServiceTask1684820531025\",\"category\":\"activity\",\"text\":\"Write Service\",\"textResource\":\"svi.workflow.case.1684820571426.WriteToServiceTask1684820531025.name.txt\",\"item\":\"WriteToServiceTask\",\"descriptionResource\":\"svi.workflow.case.1684820571426.WriteToServiceTask1684820531025.description.txt\",\"entityFieldVariables\":[{\"id\":\"successful_fraud_amount\",\"name\":\"successful_fraud_amount\",\"label\":\"Successful Fraud Amount\",\"defaultValue\":\"\",\"value\":\"{svi_successful_fraud_amount}\",\"valueVariableId\":\"svi_successful_fraud_amount\",\"valueVariableName\":\"svi_successful_fraud_amount\",\"type\":\"NUMERIC\",\"isEntity\":true,\"verifyValueIsSet\":false,\"setToNull\":false}],\"loc\":\"160 1150\",\"size\":{\"width\":200,\"height\":70},\"taskActions\":[],\"gateway\":false}],\"linkDataArray\":[{\"from\":\"ParallelGateway1684787098862\",\"to\":\"UserTask1684802688959\",\"fromPort\":\"leftPort\",\"toPort\":\"topPort\",\"points\":[-10,230,-40,230,-119,230,-119,263,-119,297,-119,327],\"textResource\":\"svi.workflow.case.1684820571426.ParallelGateway1684787098862_UserTask1684802688959.name.txt\",\"key\":\"ParallelGateway1684787098862_UserTask1684802688959\",\"descriptionResource\":\"svi.workflow.case.1684820571426.ParallelGateway1684787098862_UserTask1684802688959.description.txt\"},{\"from\":\"ParallelGateway1684787098862\",\"to\":\"UserTask1684802692320\",\"fromPort\":\"rightPort\",\"toPort\":\"topPort\",\"points\":[50,230,80,230,190,230,190,263,190,297,190,327],\"textResource\":\"svi.workflow.case.1684820571426.ParallelGateway1684787098862_UserTask1684802692320.name.txt\",\"key\":\"ParallelGateway1684787098862_UserTask1684802692320\",\"descriptionResource\":\"svi.workflow.case.1684820571426.ParallelGateway1684787098862_UserTask1684802692320.description.txt\"},{\"from\":\"UserTask1684787098861\",\"to\":\"ParallelGateway1684787098862\",\"fromPort\":\"bottomPort\",\"toPort\":\"topPort\",\"points\":[20,172,20,202,20,202,20,169,20,169,20,199],\"textResource\":\"svi.workflow.case.1684820571426.UserTask1684787098861_ParallelGateway1684787098862.name.txt\",\"key\":\"UserTask1684787098861_ParallelGateway1684787098862\",\"descriptionResource\":\"svi.workflow.case.1684820571426.UserTask1684787098861_ParallelGateway1684787098862.description.txt\"},{\"from\":\"StartEvent1684802631387\",\"to\":\"UserTask1684787098861\",\"fromPort\":\"bottomPort\",\"toPort\":\"topPort\",\"points\":[20,71,20,101,20,101,20,77,20,77,20,107],\"textResource\":\"svi.workflow.case.1684820571426.StartEvent1684802631387_UserTask1684787098861.name.txt\",\"key\":\"StartEvent1684802631387_UserTask1684787098861\",\"descriptionResource\":\"svi.workflow.case.1684820571426.StartEvent1684802631387_UserTask1684787098861.description.txt\"},{\"from\":\"ParallelGateway1684802724344\",\"to\":\"UserTask1684802751957\",\"fromPort\":\"bottomPort\",\"toPort\":\"topPort\",\"points\":[30,510,30,540,30,540,30,537,30,537,30,567],\"textResource\":\"svi.workflow.case.1684820571426.ParallelGateway1684802724344_UserTask1684802751957.name.txt\",\"key\":\"ParallelGateway1684802724344_UserTask1684802751957\",\"descriptionResource\":\"svi.workflow.case.1684820571426.ParallelGateway1684802724344_UserTask1684802751957.description.txt\"},{\"from\":\"UserTask1684802751957\",\"to\":\"WriteToServiceTask1684787098862\",\"fromPort\":\"bottomPort\",\"toPort\":\"topPort\",\"points\":[30,632,30,662,30,662,30,637,30,637,30,667],\"textResource\":\"svi.workflow.case.1684820571426.UserTask1684802751957_WriteToServiceTask1684787098862.name.txt\",\"key\":\"UserTask1684802751957_WriteToServiceTask1684787098862\",\"descriptionResource\":\"svi.workflow.case.1684820571426.UserTask1684802751957_WriteToServiceTask1684787098862.description.txt\"},{\"from\":\"WriteToServiceTask1684787098862\",\"to\":\"ExclusiveGateway1684787098862\",\"fromPort\":\"bottomPort\",\"toPort\":\"topPort\",\"points\":[30,732,30,762,30,762,30,739,30,739,30,769],\"textResource\":\"svi.workflow.case.1684820571426.WriteToServiceTask1684787098862_ExclusiveGateway1684787098862.name.txt\",\"key\":\"WriteToServiceTask1684787098862_ExclusiveGateway1684787098862\",\"descriptionResource\":\"svi.workflow.case.1684820571426.WriteToServiceTask1684787098862_ExclusiveGateway1684787098862.description.txt\"},{\"from\":\"ExclusiveGateway1684787098862\",\"to\":\"UserTask1684802822344\",\"fromPort\":\"leftPort\",\"toPort\":\"topPort\",\"points\":[0,799,-30,799,-160,799,-160,818,-160,837,-160,867],\"text\":\"Suspicious\",\"textResource\":\"svi.workflow.case.1684820571426.ExclusiveGateway1684787098862_UserTask1684802822344.name.txt\",\"key\":\"ExclusiveGateway1684787098862_UserTask1684802822344\",\"descriptionResource\":\"svi.workflow.case.1684820571426.ExclusiveGateway1684787098862_UserTask1684802822344.description.txt\",\"conditionData\":{\"id\":\"conditionGroup55127975-7600-116e-411c-aa12145d0cc0\",\"isRootGroup\":true,\"selectedAndOrOption\":\"OR\",\"conditionBuilderItems\":[{\"id\":\"conditionGroup4eaf9d52-4e4a-1a9a-900e-56ae0fb7bf2d\",\"selectedAndOrOption\":\"OR\",\"index\":0,\"conditionBuilderItems\":[{\"id\":\"conditionRulea499a38c-b5a5-f534-4c9e-1cfddf1e4307\",\"lhsInput\":{\"id\":\"WorkflowVariable1\",\"name\":\"wf_case_action\",\"label\":\"wf_case_action\",\"value\":\"\",\"type\":\"REFERENCE_DATA\"},\"rhsInput\":{\"value\":\"CA_S\"},\"selectedAndOrOption\":\"AND\",\"operatorInput\":\"equals\",\"index\":0}]}]}},{\"from\":\"UserTask1684802822344\",\"to\":\"ExclusiveGateway1684802844157\",\"fromPort\":\"bottomPort\",\"toPort\":\"topPort\",\"points\":[-160,932,-160,962,-190,962,-190,949,-220,949,-220,979],\"textResource\":\"svi.workflow.case.1684820571426.UserTask1684802822344_ExclusiveGateway1684802844157.name.txt\",\"key\":\"UserTask1684802822344_ExclusiveGateway1684802844157\",\"descriptionResource\":\"svi.workflow.case.1684820571426.UserTask1684802822344_ExclusiveGateway1684802844157.description.txt\"},{\"from\":\"ExclusiveGateway1684787098862\",\"to\":\"WriteToServiceTask1684818585334\",\"fromPort\":\"rightPort\",\"toPort\":\"topPort\",\"points\":[60,799,90,799,160,799,160,818,160,837,160,867],\"text\":\"Otherwise\",\"textResource\":\"svi.workflow.case.1684820571426.ExclusiveGateway1684787098862_WriteToServiceTask1684818585334.name.txt\",\"key\":\"ExclusiveGateway1684787098862_ScriptTask1684787098861\",\"descriptionResource\":\"svi.workflow.case.1684820571426.ExclusiveGateway1684787098862_WriteToServiceTask1684818585334.description.txt\",\"conditionData\":{\"id\":\"conditionGroupd1cf89b5-6fef-8410-1078-bf4a9f70b848\",\"isRootGroup\":true,\"selectedAndOrOption\":\"OR\",\"conditionBuilderItems\":[{\"id\":\"conditionGroup0e738bc7-8fea-367a-ff74-6f226c431a12\",\"selectedAndOrOption\":\"OR\",\"index\":0,\"conditionBuilderItems\":[{\"id\":\"conditionRule038b9840-9067-29b0-5184-42faf6310245\",\"lhsInput\":{\"id\":\"WorkflowVariable1\",\"name\":\"wf_case_action\",\"label\":\"wf_case_action\",\"value\":\"\",\"type\":\"REFERENCE_DATA\"},\"rhsInput\":{\"value\":\"CA_NS\"},\"selectedAndOrOption\":\"AND\",\"operatorInput\":\"equals\",\"index\":0}]}]}},{\"from\":\"UserTask1684802688959\",\"to\":\"ParallelGateway1684802724344\",\"fromPort\":\"bottomPort\",\"toPort\":\"leftPort\",\"points\":[-119,392,-119,422,-119,479,-75,479,-30,479,0,479],\"textResource\":\"svi.workflow.case.1684820571426.UserTask1684802688959_ParallelGateway1684802724344.name.txt\",\"key\":\"UserTask1684802688959_ParallelGateway1684802724344\",\"descriptionResource\":\"svi.workflow.case.1684820571426.UserTask1684802688959_ParallelGateway1684802724344.description.txt\"},{\"from\":\"UserTask1684802692320\",\"to\":\"ParallelGateway1684802724344\",\"fromPort\":\"bottomPort\",\"toPort\":\"rightPort\",\"points\":[190,392,190,422,190,479,140,479,90,479,60,479],\"textResource\":\"svi.workflow.case.1684820571426.UserTask1684802692320_ParallelGateway1684802724344.name.txt\",\"key\":\"UserTask1684802692320_ParallelGateway1684802724344\",\"descriptionResource\":\"svi.workflow.case.1684820571426.UserTask1684802692320_ParallelGateway1684802724344.description.txt\"},{\"from\":\"ExclusiveGateway1684802844157\",\"to\":\"WriteToServiceTask1684818585334\",\"fromPort\":\"rightPort\",\"toPort\":\"leftPort\",\"points\":[-189,1010,-159,1010,-156,1010,-156,1010,-52,1010,-52,900,32,900,62,900],\"text\":\"Accepted\",\"textResource\":\"svi.workflow.case.1684820571426.ExclusiveGateway1684802844157_WriteToServiceTask1684818585334.name.txt\",\"key\":\"ExclusiveGateway1684802844157_ScriptTask1684787098861\",\"descriptionResource\":\"svi.workflow.case.1684820571426.ExclusiveGateway1684802844157_WriteToServiceTask1684818585334.description.txt\",\"conditionData\":{\"id\":\"conditionGroup51f4dbb2-7d49-e5b2-41a0-416956865526\",\"isRootGroup\":true,\"selectedAndOrOption\":\"OR\",\"conditionBuilderItems\":[{\"id\":\"conditionGroup3955d784-ff5e-052c-18e6-2fc159e22000\",\"selectedAndOrOption\":\"OR\",\"index\":0,\"conditionBuilderItems\":[{\"id\":\"conditionRule68793a67-ac98-bc21-a78c-c1d01acb4a70\",\"lhsInput\":{\"id\":\"WorkflowVariable1\",\"name\":\"wf_case_action\",\"label\":\"wf_case_action\",\"value\":\"\",\"type\":\"REFERENCE_DATA\"},\"rhsInput\":{\"value\":\"CA_R\"},\"selectedAndOrOption\":\"AND\",\"operatorInput\":\"equals\",\"index\":0}]}]}},{\"from\":\"ExclusiveGateway1684802844157\",\"to\":\"UserTask1684802751957\",\"fromPort\":\"leftPort\",\"toPort\":\"leftPort\",\"points\":[-250,1010,-280,1010,-280,600,-189,600,-97,600,-67,600],\"text\":\"Rejected\",\"textResource\":\"svi.workflow.case.1684820571426.ExclusiveGateway1684802844157_UserTask1684802751957.name.txt\",\"key\":\"ExclusiveGateway1684802844157_UserTask1684802751957\",\"descriptionResource\":\"svi.workflow.case.1684820571426.ExclusiveGateway1684802844157_UserTask1684802751957.description.txt\",\"conditionData\":{\"id\":\"conditionGroup41770df5-f09d-390c-27c8-c41d47400906\",\"isRootGroup\":true,\"selectedAndOrOption\":\"OR\",\"conditionBuilderItems\":[{\"id\":\"conditionGroup55fdf558-e2cb-3c74-0ae5-433810c8bc71\",\"selectedAndOrOption\":\"OR\",\"index\":0,\"conditionBuilderItems\":[{\"id\":\"conditionRule38bb2fa2-d5d8-5bed-501b-407bb7bdba1e\",\"lhsInput\":{\"id\":\"WorkflowVariable1\",\"name\":\"wf_case_action\",\"label\":\"wf_case_action\",\"value\":\"\",\"type\":\"REFERENCE_DATA\"},\"rhsInput\":{\"value\":\"CA_BI\"},\"selectedAndOrOption\":\"AND\",\"operatorInput\":\"equals\",\"index\":0}]}]}},{\"from\":\"UserTask1684802989966\",\"to\":\"EndEvent1684787098861\",\"fromPort\":\"leftPort\",\"toPort\":\"bottomPort\",\"points\":[172,1520,142,1520,-190,1520,-190,1511,-190,1503,-190,1473],\"textResource\":\"svi.workflow.case.1684820571426.UserTask1684802989966_EndEvent1684787098861.name.txt\",\"key\":\"UserTask1684802989966_EndEvent1684787098861\",\"descriptionResource\":\"svi.workflow.case.1684820571426.UserTask1684802989966_EndEvent1684787098861.description.txt\"},{\"from\":\"ScriptTask1684787098861\",\"to\":\"WriteToServiceTask1684820531025\",\"fromPort\":\"bottomPort\",\"toPort\":\"topPort\",\"points\":[160,1042,160,1072,160,1079,160,1079,160,1086,160,1116],\"textResource\":\"svi.workflow.case.1684820571426.ScriptTask1684787098861_WriteToServiceTask1684820531025.name.txt\",\"key\":\"ScriptTask1684787098861_ExclusiveGateway1684803337781\",\"descriptionResource\":\"svi.workflow.case.1684820571426.ScriptTask1684787098861_WriteToServiceTask1684820531025.description.txt\"},{\"from\":\"ExclusiveGateway1684803337781\",\"to\":\"UserTask1684802989966\",\"fromPort\":\"rightPort\",\"toPort\":\"topPort\",\"points\":[190,1270,220,1270,270,1270,270,1363,270,1457,270,1487],\"text\":\"Fraud more than 1000\",\"textResource\":\"svi.workflow.case.1684820571426.ExclusiveGateway1684803337781_UserTask1684802989966.name.txt\",\"key\":\"ExclusiveGateway1684803337781_UserTask1684802989966\",\"descriptionResource\":\"svi.workflow.case.1684820571426.ExclusiveGateway1684803337781_UserTask1684802989966.description.txt\",\"conditionData\":{\"id\":\"conditionGroupd64976b5-5dce-4f5c-5b4d-95d011b41561\",\"isRootGroup\":true,\"selectedAndOrOption\":\"OR\",\"conditionBuilderItems\":[{\"id\":\"conditionGroup8d2ec9ca-e7df-7107-0fdb-55f72173c535\",\"selectedAndOrOption\":\"OR\",\"index\":0,\"conditionBuilderItems\":[{\"id\":\"conditionRule73f3282f-7e22-ff96-e1ce-3e1f515051cd\",\"lhsInput\":{\"id\":\"svi_successful_fraud_amount\",\"name\":\"svi_successful_fraud_amount\",\"label\":\"Successful Fraud Amount\",\"value\":\"\",\"type\":\"NUMERIC\"},\"rhsInput\":{\"value\":\"1000\"},\"selectedAndOrOption\":\"AND\",\"operatorInput\":\"greater_than\",\"index\":0}]}]}},{\"from\":\"ExclusiveGateway1684803337781\",\"to\":\"UserTask1684818045062\",\"fromPort\":\"leftPort\",\"toPort\":\"topPort\",\"points\":[129,1270,99,1270,-190,1270,-190,1278,-190,1287,-190,1317],\"text\":\"Fraud less than 1000\",\"textResource\":\"svi.workflow.case.1684820571426.ExclusiveGateway1684803337781_UserTask1684818045062.name.txt\",\"key\":\"ExclusiveGateway1684803337781_UserTask1684818045062\",\"descriptionResource\":\"svi.workflow.case.1684820571426.ExclusiveGateway1684803337781_UserTask1684818045062.description.txt\",\"conditionData\":{\"id\":\"conditionGroup2fdf731f-e22e-a1d7-9cfc-26e6c35859b0\",\"isRootGroup\":true,\"selectedAndOrOption\":\"OR\",\"conditionBuilderItems\":[{\"id\":\"conditionGroupd0ad727c-22c1-af4f-e8aa-5339fd486da3\",\"selectedAndOrOption\":\"OR\",\"index\":0,\"conditionBuilderItems\":[{\"id\":\"conditionRule526f1880-1487-9e64-9359-9c21e55535d0\",\"lhsInput\":{\"id\":\"svi_successful_fraud_amount\",\"name\":\"svi_successful_fraud_amount\",\"label\":\"Successful Fraud Amount\",\"value\":\"\",\"type\":\"NUMERIC\"},\"rhsInput\":{\"value\":\"1000\"},\"selectedAndOrOption\":\"AND\",\"operatorInput\":\"less_than_or_equal\",\"index\":0}]}]}},{\"from\":\"UserTask1684818045062\",\"to\":\"EndEvent1684787098861\",\"fromPort\":\"bottomPort\",\"toPort\":\"topPort\",\"points\":[-190,1382,-190,1412,-190,1412,-190,1397,-190,1397,-190,1427],\"textResource\":\"svi.workflow.case.1684820571426.UserTask1684818045062_EndEvent1684787098861.name.txt\",\"key\":\"UserTask1684818045062_EndEvent1684787098861\",\"descriptionResource\":\"svi.workflow.case.1684820571426.UserTask1684818045062_EndEvent1684787098861.description.txt\"},{\"from\":\"WriteToServiceTask1684818585334\",\"to\":\"ScriptTask1684787098861\",\"fromPort\":\"bottomPort\",\"toPort\":\"topPort\",\"points\":[160,932,160,962,160,962,160,947,160,947,160,977],\"textResource\":\"svi.workflow.case.1684820571426.WriteToServiceTask1684818585334_ScriptTask1684787098861.name.txt\",\"key\":\"WriteToServiceTask1684818585334_ScriptTask1684787098861\",\"descriptionResource\":\"svi.workflow.case.1684820571426.WriteToServiceTask1684818585334_ScriptTask1684787098861.description.txt\"},{\"from\":\"WriteToServiceTask1684820531025\",\"to\":\"ExclusiveGateway1684803337781\",\"fromPort\":\"bottomPort\",\"toPort\":\"topPort\",\"points\":[160,1183,160,1213,160,1213,160,1209,160,1209,160,1239],\"textResource\":\"svi.workflow.case.1684820571426.WriteToServiceTask1684820531025_ExclusiveGateway1684803337781.name.txt\",\"key\":\"WriteToServiceTask1684820531025_ExclusiveGateway1684803337781\",\"descriptionResource\":\"svi.workflow.case.1684820571426.WriteToServiceTask1684820531025_ExclusiveGateway1684803337781.description.txt\"}],\"class\":\"go.GraphLinksModel\"}",
    "label" : "Case Workflow",
    "labelResource" : "svi.workflow.case.1684820571426.label.txt",
    "name" : "case_workflow_1",
    "useForAutoStart" : true,
    "userDefinedProcessVariables" : [ {
      "cascadingReferenceSettingsModel" : "{\"isFilteredByCode\":false,\"filterByItem\":null,\"listItem\":null}",
      "constrainingListName" : "case_action",
      "id" : "WorkflowVariable1",
      "isEntity" : false,
      "label" : "wf_case_action",
      "name" : "wf_case_action",
      "type" : "REFERENCE_DATA"
    } ],
    "version" : 2
  } ],
  "handlerName" : "workflow"
}