{
  "deferToParentFlag" : false,
  "dependencies" : [ {
    "contentType" : "application/vnd.sas.investigation.meta.solution",
    "id" : "sas_visual_investigator_default"
  }, {
    "contentType" : "application/vnd.sas.investigation.meta.entity",
    "id" : "alerts"
  } ],
  "displayFlag" : true,
  "parentReference" : {
    "contentType" : "application/vnd.sas.investigation.meta.entity",
    "id" : "alerts"
  },
  "payload" : {
    "schemaVersion" : "10.8.0",
    "conditions" : [ {
      "items" : [ {
        "condition" : {
          "type" : "eq",
          "parameters" : [ "Object.fields.domain_id", "wl_domain" ]
        },
        "id" : "57059118-271e-0656-7922-08b60264f199",
        "name" : "Watchlist",
        "ownerName" : "alerts"
      }, {
        "condition" : {
          "type" : "and",
          "parameters" : [ {
            "type" : "cond",
            "parameters" : [ "57059118-271e-0656-7922-08b60264f199" ]
          }, {
            "type" : "eq",
            "parameters" : [ "Object.fields.actionable_entity_type_nm", "PTY" ]
          } ]
        },
        "description" : "distinguish between external account and customer",
        "id" : "a2a5233d-e5b5-ed69-14be-8a1547748909",
        "name" : "PTYWatchlist",
        "ownerName" : "alerts"
      }, {
        "condition" : {
          "type" : "and",
          "parameters" : [ {
            "type" : "cond",
            "parameters" : [ "57059118-271e-0656-7922-08b60264f199" ]
          }, {
            "type" : "eq",
            "parameters" : [ "Object.fields.actionable_entity_type_nm", "EXT" ]
          } ]
        },
        "description" : "distinguish between external account and customer",
        "id" : "ca8e2877-36d6-8c2b-029e-f4b31fa9ae3c",
        "name" : "EXTWatchlist",
        "ownerName" : "alerts"
      } ],
      "ownerName" : "alerts"
    } ],
    "handlerName" : "datahub"
  },
  "publishCode" : "OPEN",
  "reference" : {
    "contentType" : "application/vnd.sas.investigation.meta.condition",
    "id" : "alerts"
  },
  "resourceCategoryLabelKey" : "svi.datahub.transport.condition.category.label.txt",
  "resourceLabelKey" : "svi.datahub.condition.alerts.name.txt",
  "resourceSubcategoryLabelKey" : "svi.datahub.transport.condition.subcategory.label.txt",
  "resourceTypeLabelKey" : "svi.datahub.transport.condition.type.label.txt",
  "solutionReference" : {
    "contentType" : "application/vnd.sas.investigation.meta.solution",
    "id" : "sas_visual_investigator_default"
  },
  "transportSchemaVersion" : 1
}