{
  "deferToParentFlag" : false,
  "dependencies" : [ {
    "contentType" : "application/vnd.sas.investigation.meta.solution",
    "id" : "sas_visual_investigator_default"
  }, {
    "contentType" : "application/vnd.sas.investigation.meta.entity",
    "id" : "case_master"
  } ],
  "displayFlag" : true,
  "parentReference" : {
    "contentType" : "application/vnd.sas.investigation.meta.entity",
    "id" : "case_master"
  },
  "payload" : {
    "schemaVersion" : "10.8.0",
    "conditions" : [ {
      "items" : [ {
        "condition" : {
          "type" : "neq",
          "parameters" : [ "Object.fields.CUSTOMER_TYPE", "Private Foundation" ]
        },
        "id" : "09430962-bb04-c6fe-14c4-8c7a10251e95",
        "name" : "Customer Type - PF",
        "ownerName" : "case_master"
      }, {
        "condition" : {
          "type" : "neq",
          "parameters" : [ "Object.fields.CUSTOMER_TYPE", "Special Purpose Vehicle" ]
        },
        "id" : "21a78b25-d04d-b352-cfd5-58d2b330d224",
        "name" : "Customer Type - SPV",
        "ownerName" : "case_master"
      }, {
        "condition" : {
          "type" : "eq",
          "parameters" : [ "Object.fields.SCR_OTRISK_SCR_HIT", "No" ]
        },
        "id" : "29c67dde-404d-d4ce-c85f-5546b25ca7d6",
        "name" : "Screening Hit",
        "ownerName" : "case_master"
      }, {
        "condition" : {
          "type" : "neq",
          "parameters" : [ "Object.fields.CC_OWNED_PARENT_LISTED", "Yes" ]
        },
        "id" : "2dbf2c2c-0fb2-175e-c18b-e636c2a93273",
        "name" : "Parent Listed",
        "ownerName" : "case_master"
      }, {
        "condition" : {
          "type" : "neq",
          "parameters" : [ "Object.fields.CUSTOMER_TYPE", "Private Holding Trust" ]
        },
        "id" : "3b8f96f1-7eaa-2fd3-24ec-7395b8d51566",
        "name" : "Customer Type - PHT",
        "ownerName" : "case_master"
      }, {
        "condition" : {
          "type" : "eq",
          "parameters" : [ "Object.fields.EXCEPTION_FLAG", "No" ]
        },
        "id" : "4d82bd49-b831-107c-46ea-e3e4825e80f6",
        "name" : "Exception Flag",
        "ownerName" : "case_master"
      }, {
        "condition" : {
          "type" : "neq",
          "parameters" : [ "Object.fields.CLIENT_NBFI_FI", "Yes" ]
        },
        "id" : "56da397d-fb42-42ac-49c7-f2e1e1a5cfef",
        "name" : "Client NBFI",
        "ownerName" : "case_master"
      }, {
        "condition" : {
          "type" : "neq",
          "parameters" : [ "Object.fields.CC_STK_EXCG_LISTED", "Yes" ]
        },
        "id" : "5fb6d7d4-2213-0071-be82-a71c7f1b97da",
        "name" : "Stock Exchange Listed",
        "ownerName" : "case_master"
      }, {
        "condition" : {
          "type" : "neq",
          "parameters" : [ "Object.fields.CUSTOMER_TYPE", "Fund" ]
        },
        "id" : "6674d9bd-6ed4-28dd-4f97-8215a05d554f",
        "name" : "Customer Type - F",
        "ownerName" : "case_master"
      }, {
        "condition" : {
          "type" : "neq",
          "parameters" : [ "Object.fields.CUSTOMER_TYPE", "Sovereign Wealth Fund" ]
        },
        "id" : "66a52a94-1952-9ff8-76a0-31c1191412b9",
        "name" : "Customer Type - SWF",
        "ownerName" : "case_master"
      }, {
        "condition" : {
          "type" : "neq",
          "parameters" : [ "Object.fields.CUSTOMER_TYPE", "Operating Trust" ]
        },
        "id" : "6cba63e9-d8ac-5b7d-20a9-94ef022f9bb5",
        "name" : "Customer Type - OT",
        "ownerName" : "case_master"
      }, {
        "condition" : {
          "type" : "eq",
          "parameters" : [ "Object.fields.SCR_OTRISK_CTRY_INC_TYPE", "No" ]
        },
        "id" : "7717d3b8-05c6-4791-9707-f61a68ea751f",
        "name" : "Bearer Share Country",
        "ownerName" : "case_master"
      }, {
        "condition" : {
          "type" : "eq",
          "parameters" : [ "Object.fields.SCR_OTRISK_HBCR_CRS_BRD_TRS", "No" ]
        },
        "id" : "79c52bf5-6b3c-0b70-85d7-749c9290e478",
        "name" : "Anti Bribery",
        "ownerName" : "case_master"
      }, {
        "condition" : {
          "type" : "neq",
          "parameters" : [ "Object.fields.CUSTOMER_TYPE", "Corporate Service Provider" ]
        },
        "id" : "8746d544-0ba3-ed6a-5a40-ca085d70dd77",
        "name" : "Customer Type - CSP",
        "ownerName" : "case_master"
      }, {
        "condition" : {
          "type" : "eq",
          "parameters" : [ "Object.fields.CLIENT_ESG_SCOPE", "No" ]
        },
        "id" : "90b54168-7e64-8f7b-c96f-1eb125561e94",
        "name" : "Client Esg Scope",
        "ownerName" : "case_master"
      }, {
        "condition" : {
          "type" : "neq",
          "parameters" : [ "Object.fields.CUSTOMER_TYPE", "Commercial Holding Trust" ]
        },
        "id" : "c19c459e-8ad5-ede7-10b7-53ea329641ba",
        "name" : "Customer Type - CHT",
        "ownerName" : "case_master"
      }, {
        "condition" : {
          "type" : "eq",
          "parameters" : [ "Object.fields.SCR_OTRISK_SANC_EXP_SEQ", "No" ]
        },
        "id" : "e2a60d88-fc68-8b1c-7fa9-f4fda6787bca",
        "name" : "Sanction Exposure",
        "ownerName" : "case_master"
      }, {
        "condition" : {
          "type" : "eq",
          "parameters" : [ "Object.fields.SCR_OTRISK_GEO_RSK_6_FL_EXP", "No" ]
        },
        "id" : "e3bca4cb-cf2b-5e53-9d44-ff845fe37c85",
        "name" : "Geographic Risk",
        "ownerName" : "case_master"
      }, {
        "condition" : {
          "type" : "neq",
          "parameters" : [ "Object.fields.CUSTOMER_TYPE", "Holding Company" ]
        },
        "id" : "fe4bc009-c083-3ab6-ab70-7ea66059c89a",
        "name" : "Customer Type - HC",
        "ownerName" : "case_master"
      } ],
      "ownerName" : "case_master"
    } ],
    "handlerName" : "datahub"
  },
  "publishCode" : "OPEN",
  "reference" : {
    "contentType" : "application/vnd.sas.investigation.meta.condition",
    "id" : "case_master"
  },
  "resourceCategoryLabelKey" : "svi.datahub.transport.condition.category.label.txt",
  "resourceLabelKey" : "svi.datahub.condition.case_master.name.txt",
  "resourceSubcategoryLabelKey" : "svi.datahub.transport.condition.subcategory.label.txt",
  "resourceTypeLabelKey" : "svi.datahub.transport.condition.type.label.txt",
  "solutionReference" : {
    "contentType" : "application/vnd.sas.investigation.meta.solution",
    "id" : "sas_visual_investigator_default"
  },
  "transportSchemaVersion" : 1
}