{
  "schemaVersion" : "10.7.0",
  "actionItems" : [ {
    "documentType" : "B_O",
    "items" : [ {
      "action" : "editButton",
      "documentType" : "B_O",
      "order" : 1,
      "uuid" : "96364b7d-4984-49a8-b674-211cf40af010"
    }, {
      "action" : "deleteButton",
      "documentType" : "B_O",
      "order" : 2,
      "uuid" : "cf122f05-7cd7-42ae-a8d0-edfc78fc4208"
    }, {
      "action" : "relateToButton",
      "documentType" : "B_O",
      "order" : 3,
      "uuid" : "515f7d18-a6ba-4d80-81f4-424c8d2e165d"
    }, {
      "action" : "refreshPageButton",
      "documentType" : "B_O",
      "order" : 5,
      "uuid" : "bb787972-3221-40a3-98e2-bc8ab1ae0d9a"
    } ]
  } ],
  "handlerName" : "datahub"
}