{
  "schemaVersion" : "10.7.0",
  "actionItems" : [ {
    "documentType" : "BoardMember_Details",
    "items" : [ {
      "action" : "editButton",
      "documentType" : "BoardMember_Details",
      "order" : 1,
      "uuid" : "29aa5377-e990-4e17-80fd-5285124ab52d"
    }, {
      "action" : "deleteButton",
      "documentType" : "BoardMember_Details",
      "order" : 2,
      "uuid" : "77e461ea-881d-4dab-907b-3d78c63f0914"
    }, {
      "action" : "refreshPageButton",
      "documentType" : "BoardMember_Details",
      "order" : 3,
      "uuid" : "9b753af5-dc83-41d7-b4f4-7c06be069537"
    }, {
      "action" : "relateToButton",
      "documentType" : "BoardMember_Details",
      "order" : 4,
      "uuid" : "eeb990f4-aa0d-4d51-8fcc-8e2e3afcb863"
    } ]
  } ],
  "handlerName" : "datahub"
}