{
  "schemaVersion" : "10.7.0",
  "actionItems" : [ {
    "documentType" : "Company_Information",
    "items" : [ {
      "action" : "editButton",
      "documentType" : "Company_Information",
      "order" : 1,
      "uuid" : "94fdd8e1-da23-4c90-851a-fe9aedacc6db"
    }, {
      "action" : "deleteButton",
      "documentType" : "Company_Information",
      "order" : 2,
      "uuid" : "d5847bd3-d901-4b81-8c4a-24fac4b8283d"
    }, {
      "action" : "refreshPageButton",
      "documentType" : "Company_Information",
      "order" : 3,
      "uuid" : "cc2bbddb-78a7-4c7c-a766-d6957b993acd"
    }, {
      "action" : "relateToButton",
      "documentType" : "Company_Information",
      "order" : 4,
      "uuid" : "9c5a95d3-1b69-4ce7-96e8-552511c3e9f1"
    } ]
  } ],
  "handlerName" : "datahub"
}