{
  "schemaVersion" : "10.7.0",
  "actionItems" : [ {
    "documentType" : "Company_Contact_Details",
    "items" : [ {
      "action" : "editButton",
      "documentType" : "Company_Contact_Details",
      "order" : 1,
      "uuid" : "291dd179-17cb-43c7-8676-1d77d70b7c4a"
    }, {
      "action" : "deleteButton",
      "documentType" : "Company_Contact_Details",
      "order" : 2,
      "uuid" : "7ca4ee3d-f652-4200-8661-a20c30b5e881"
    }, {
      "action" : "relateToButton",
      "documentType" : "Company_Contact_Details",
      "order" : 3,
      "uuid" : "d70ca2b7-ddea-4d3d-8a30-c539a7824aa4"
    }, {
      "action" : "refreshPageButton",
      "documentType" : "Company_Contact_Details",
      "order" : 4,
      "uuid" : "66a26c4b-ae01-464f-9b5a-16b281321fca"
    } ]
  } ],
  "handlerName" : "datahub"
}