{
  "schemaVersion" : "10.7.0",
  "actionItems" : [ {
    "documentType" : "FATCA",
    "items" : [ {
      "action" : "editButton",
      "documentType" : "FATCA",
      "order" : 1,
      "uuid" : "e29ce1d4-347a-47e0-a123-04d6f5ec3ab9"
    }, {
      "action" : "deleteButton",
      "documentType" : "FATCA",
      "order" : 2,
      "uuid" : "c023a6d7-d297-41fd-9975-d4d7124aeee5"
    }, {
      "action" : "refreshPageButton",
      "documentType" : "FATCA",
      "order" : 3,
      "uuid" : "a96d0be0-e793-420e-9e7e-befa75931a2c"
    }, {
      "action" : "relateToButton",
      "documentType" : "FATCA",
      "order" : 4,
      "uuid" : "2eeb1b19-db00-4409-81eb-bfff133dfe3b"
    } ]
  } ],
  "handlerName" : "datahub"
}