{
  "schemaVersion" : "10.7.0",
  "actionItems" : [ {
    "documentType" : "I_O",
    "items" : [ {
      "action" : "editButton",
      "documentType" : "I_O",
      "order" : 1,
      "uuid" : "f8e73a1b-6647-483e-895c-6bcb20255e08"
    }, {
      "action" : "deleteButton",
      "documentType" : "I_O",
      "order" : 2,
      "uuid" : "501abc22-e384-4abd-bf44-53d3e76bbc66"
    }, {
      "action" : "relateToButton",
      "documentType" : "I_O",
      "order" : 3,
      "uuid" : "005b494f-002e-448e-86bc-80ca32e0b1c6"
    }, {
      "action" : "refreshPageButton",
      "documentType" : "I_O",
      "order" : 4,
      "uuid" : "31ebcb2a-6401-476c-91e7-98ac1ada0328"
    }, {
      "action" : "addToWorkspaceButton",
      "documentType" : "I_O",
      "order" : 5,
      "uuid" : "6b163fd8-bbc9-4e60-9129-0fa350061bfb"
    } ]
  } ],
  "handlerName" : "datahub"
}