{
  "schemaVersion" : "10.7.0",
  "actionItems" : [ {
    "documentType" : "Investment_Account_Detail",
    "items" : [ {
      "action" : "editButton",
      "documentType" : "Investment_Account_Detail",
      "order" : 1,
      "uuid" : "bba4b184-f448-4286-8e67-471e7ac1da56"
    }, {
      "action" : "deleteButton",
      "documentType" : "Investment_Account_Detail",
      "order" : 2,
      "uuid" : "ebbefdeb-8fa2-4283-8bd1-02ba90949e71"
    }, {
      "action" : "relateToButton",
      "documentType" : "Investment_Account_Detail",
      "order" : 3,
      "uuid" : "7ae985ee-a0e6-46db-bea1-9b389f2df317"
    }, {
      "action" : "refreshPageButton",
      "documentType" : "Investment_Account_Detail",
      "order" : 4,
      "uuid" : "03431f20-6ebe-4061-8111-c8a942b265f2"
    } ]
  } ],
  "handlerName" : "datahub"
}