{
  "schemaVersion" : "10.7.0",
  "actionItems" : [ {
    "documentType" : "KYC_and_Staff_Details",
    "items" : [ {
      "action" : "editButton",
      "documentType" : "KYC_and_Staff_Details",
      "order" : 1,
      "uuid" : "62392227-a1e1-484e-a30e-0efbdbe499b8"
    }, {
      "action" : "deleteButton",
      "documentType" : "KYC_and_Staff_Details",
      "order" : 2,
      "uuid" : "79857df7-12cf-4cb1-a787-a079cba3d7fe"
    }, {
      "action" : "relateToButton",
      "documentType" : "KYC_and_Staff_Details",
      "order" : 3,
      "uuid" : "46478abb-7e89-47f9-9f87-d5cffa8e5780"
    }, {
      "action" : "refreshPageButton",
      "documentType" : "KYC_and_Staff_Details",
      "order" : 4,
      "uuid" : "d44d57ac-b1c6-454b-8cd3-559acae94247"
    } ]
  } ],
  "handlerName" : "datahub"
}