{
  "schemaVersion" : "10.7.0",
  "actionItems" : [ {
    "documentType" : "Portfolio_Details",
    "items" : [ {
      "action" : "editButton",
      "documentType" : "Portfolio_Details",
      "order" : 1,
      "uuid" : "9264a44d-0d96-49e9-b0cb-61d68fed0b3a"
    }, {
      "action" : "deleteButton",
      "documentType" : "Portfolio_Details",
      "order" : 2,
      "uuid" : "b544b1aa-1aa9-415c-902a-335669ba4e50"
    }, {
      "action" : "relateToButton",
      "documentType" : "Portfolio_Details",
      "order" : 3,
      "uuid" : "5db315d0-4edd-4af5-90a5-0c671ed71024"
    }, {
      "action" : "refreshPageButton",
      "documentType" : "Portfolio_Details",
      "order" : 4,
      "uuid" : "f4804472-491a-4195-9a0c-6dd9b58f57f2"
    } ]
  } ],
  "handlerName" : "datahub"
}