{
  "schemaVersion" : "10.7.0",
  "actionItems" : [ {
    "documentType" : "ShareHolder_Details",
    "items" : [ {
      "action" : "editButton",
      "documentType" : "ShareHolder_Details",
      "order" : 1,
      "uuid" : "532fd544-5288-4aa1-a33c-896a118514ec"
    }, {
      "action" : "deleteButton",
      "documentType" : "ShareHolder_Details",
      "order" : 2,
      "uuid" : "dd5246f8-2f51-4ede-b676-fc361b6b8a2f"
    }, {
      "action" : "relateToButton",
      "documentType" : "ShareHolder_Details",
      "order" : 3,
      "uuid" : "bc725f45-c2c7-4ee5-9e0e-ac0102ce8bf0"
    }, {
      "action" : "refreshPageButton",
      "documentType" : "ShareHolder_Details",
      "order" : 4,
      "uuid" : "c66eb393-5144-460a-95e0-0dc6ac127a0b"
    } ]
  } ],
  "handlerName" : "datahub"
}