{
  "schemaVersion" : "10.7.0",
  "actionItems" : [ {
    "documentType" : "UB_O",
    "items" : [ {
      "action" : "editButton",
      "documentType" : "UB_O",
      "order" : 1,
      "uuid" : "19962873-028e-4fda-8881-8ebd2ef448cb"
    }, {
      "action" : "deleteButton",
      "documentType" : "UB_O",
      "order" : 2,
      "uuid" : "100975d9-bc36-4bb5-b5ab-f9047a183312"
    }, {
      "action" : "relateToButton",
      "documentType" : "UB_O",
      "order" : 3,
      "uuid" : "501fb11b-fc65-4012-b5da-6f924d296ff5"
    }, {
      "action" : "refreshPageButton",
      "documentType" : "UB_O",
      "order" : 4,
      "uuid" : "37cb47ca-2c46-4a94-8be2-d494bc526c30"
    } ]
  } ],
  "handlerName" : "datahub"
}