{
  "deferToParentFlag" : false,
  "dependencies" : [ {
    "contentType" : "application/vnd.sas.investigation.triage.strategy",
    "id" : "strategy_default"
  }, {
    "contentType" : "application/vnd.sas.investigation.triage.domain",
    "id" : "svidomain"
  }, {
    "contentType" : "application/vnd.sas.investigation.meta.solution",
    "id" : "sas_visual_investigator_default"
  } ],
  "displayFlag" : true,
  "parentReference" : {
    "contentType" : "application/vnd.sas.investigation.triage.strategy",
    "id" : "strategy_default"
  },
  "payload" : {
    "acceptManualAlerts" : false,
    "dispositions" : [ ],
    "domainId" : "svidomain",
    "holdDefaultDuration" : 60,
    "queueAutoActivateDelta" : 200,
    "queueAutoActivateScore" : 950,
    "queueAutoCloseDays" : 120,
    "queueDescription" : "This is the default alert queue",
    "queueId" : "queue_default",
    "queueName" : "Default Alert Queue",
    "queuePriority" : 32767,
    "queueStatus" : "ACTIVE",
    "queueSticky" : false,
    "serviceSortField" : "curr_score_val",
    "serviceSortOrder" : "asc",
    "strategyId" : "strategy_default",
    "suppressDefaultDuration" : 30,
    "userCreatedQueue" : false,
    "version" : 1
  },
  "publishCode" : "OPEN",
  "reference" : {
    "contentType" : "application/vnd.sas.investigation.triage.queue",
    "id" : "queue_default"
  },
  "resourceCategoryLabelKey" : "svi.alert.transport.configuration.item.category.queues.label.txt",
  "resourceLabelKey" : "svi.alert.queue.svidomain.queue_default.name.txt",
  "resourceTypeLabelKey" : "svi.alert.transport.configuration.item.type.queue.label.txt",
  "solutionReference" : {
    "contentType" : "application/vnd.sas.investigation.meta.solution",
    "id" : "sas_visual_investigator_default"
  },
  "transportSchemaVersion" : 1
}