{
  "deferToParentFlag" : false,
  "dependencies" : [ {
    "contentType" : "application/vnd.sas.investigation.meta.solution",
    "id" : "sas_visual_investigator_default"
  }, {
    "contentType" : "application/vnd.sas.investigation.usergroup",
    "id" : "cs_aml_investigator"
  } ],
  "displayFlag" : true,
  "parentReference" : {
    "contentType" : "application/vnd.sas.investigation.usergroup",
    "id" : "cs_aml_investigator"
  },
  "payload" : [ "svi.alert.alert_generation", "svi.alert.assign", "svi.alert.bulk_disposition", "svi.alert.claim", "svi.alert.disposition", "svi.alert.reactivate", "svi.alert.release", "svi.attachment.add", "svi.attachment.manage", "svi.centrality", "svi.comment.edit", "svi.documents.create", "svi.documents.delete", "svi.documents.edit", "svi.feature.jobs", "svi.grid.export", "svi.homepage", "svi.links.create", "svi.links.delete", "svi.links.edit", "svi.print", "svi.search", "svi.workflows.tasks" ],
  "publishCode" : "OPEN",
  "reference" : {
    "contentType" : "application/vnd.sas.investigation.usergroup.feature",
    "id" : "cs_aml_investigator"
  },
  "resourceLabelKey" : "svi.feature.assignment.label.txt",
  "resourceTypeLabelKey" : "svi.feature.assignment.type.txt",
  "solutionReference" : {
    "contentType" : "application/vnd.sas.investigation.meta.solution",
    "id" : "sas_visual_investigator_default"
  },
  "transportSchemaVersion" : 1
}