{
  "deferToParentFlag" : false,
  "dependencies" : [ {
    "contentType" : "application/vnd.sas.investigation.meta.solution",
    "id" : "sas_visual_investigator_default"
  }, {
    "contentType" : "application/vnd.sas.investigation.usergroup",
    "id" : "cs_aml_scenario_analyst"
  } ],
  "displayFlag" : true,
  "parentReference" : {
    "contentType" : "application/vnd.sas.investigation.usergroup",
    "id" : "cs_aml_scenario_analyst"
  },
  "payload" : [ "svi.attachment.add", "svi.attachment.manage", "svi.comment.edit", "svi.documents.create", "svi.documents.delete", "svi.documents.edit", "svi.feature.jobs", "svi.grid.export", "svi.homepage", "svi.links.create", "svi.links.delete", "svi.links.edit", "svi.print", "svi.search", "svi.vsd.flow.origincopy.delete", "svi.vsd.flow.origincopy.edit.properties", "svi.vsd.flow.test", "svi.vsd.flow.view", "svi.vsd.scenario.origincopy.delete", "svi.vsd.scenario.origincopy.edit.parameter.values", "svi.vsd.scenario.origincopy.edit.properties", "svi.workflows.tasks" ],
  "publishCode" : "OPEN",
  "reference" : {
    "contentType" : "application/vnd.sas.investigation.usergroup.feature",
    "id" : "cs_aml_scenario_analyst"
  },
  "resourceLabelKey" : "svi.feature.assignment.label.txt",
  "resourceTypeLabelKey" : "svi.feature.assignment.type.txt",
  "solutionReference" : {
    "contentType" : "application/vnd.sas.investigation.meta.solution",
    "id" : "sas_visual_investigator_default"
  },
  "transportSchemaVersion" : 1
}