{
  "deferToParentFlag" : false,
  "dependencies" : [ {
    "contentType" : "application/vnd.sas.investigation.meta.solution",
    "id" : "sas_visual_investigator_default"
  }, {
    "contentType" : "application/vnd.sas.investigation.usergroup",
    "id" : "cs_aml_tm_group"
  } ],
  "displayFlag" : true,
  "parentReference" : {
    "contentType" : "application/vnd.sas.investigation.usergroup",
    "id" : "cs_aml_tm_group"
  },
  "payload" : [ "aml", "aml.crr.alert.close", "aml.document.collection", "aml.entity.clone", "aml.entity.update", "aml.fact.update", "aml.report.create", "aml.transaction", "aml.validation", "cdd.transaction", "svi.scorecard.view" ],
  "publishCode" : "OPEN",
  "reference" : {
    "contentType" : "application/vnd.sas.investigation.usergroup.feature",
    "id" : "cs_aml_tm_group"
  },
  "resourceLabelKey" : "svi.feature.assignment.label.txt",
  "resourceTypeLabelKey" : "svi.feature.assignment.type.txt",
  "solutionReference" : {
    "contentType" : "application/vnd.sas.investigation.meta.solution",
    "id" : "sas_visual_investigator_default"
  },
  "transportSchemaVersion" : 1
}