{
  "deferToParentFlag" : false,
  "dependencies" : [ {
    "contentType" : "application/vnd.sas.investigation.meta.solution",
    "id" : "sas_visual_investigator_default"
  }, {
    "contentType" : "application/vnd.sas.investigation.usergroup",
    "id" : "cs_core_users"
  } ],
  "displayFlag" : true,
  "parentReference" : {
    "contentType" : "application/vnd.sas.investigation.usergroup",
    "id" : "cs_core_users"
  },
  "payload" : [ "aml", "svi.analyzeindex", "svi.attachment.manage", "svi.centrality", "svi.feature.jobs", "svi.grid.export", "svi.homepage", "svi.print", "svi.search", "svi.transport.export", "svi.transport.import", "svi.vsd.export", "svi.vsd.flow.publish", "svi.vsd.flow.test", "svi.vsd.flow.view", "svi.vsd.import", "svi.workflows.tasks" ],
  "publishCode" : "OPEN",
  "reference" : {
    "contentType" : "application/vnd.sas.investigation.usergroup.feature",
    "id" : "cs_core_users"
  },
  "resourceLabelKey" : "svi.feature.assignment.label.txt",
  "resourceTypeLabelKey" : "svi.feature.assignment.type.txt",
  "solutionReference" : {
    "contentType" : "application/vnd.sas.investigation.meta.solution",
    "id" : "sas_visual_investigator_default"
  },
  "transportSchemaVersion" : 1
}