{
  "deferToParentFlag" : false,
  "dependencies" : [ {
    "contentType" : "application/vnd.sas.investigation.meta.solution",
    "id" : "sas_visual_investigator_default"
  } ],
  "displayFlag" : true,
  "parentReference" : {
    "contentType" : "application/vnd.sas.investigation.meta.solution",
    "id" : "sas_visual_investigator_default"
  },
  "payload" : [ "aml", "aml.crr.alert.close", "aml.document.collection", "aml.entity.clone", "aml.entity.update", "aml.fact.update", "aml.report.create", "aml.transaction", "aml.validation", "cdd.transaction", "sim.searches.admin", "sim.searches.manage.organization.searches", "sim.searches.notifications", "sim.searches.share", "svi.access.entity.edit", "svi.access.entity.read", "svi.access.mobile", "svi.administration", "svi.administration.alerts", "svi.administration.core_metadata", "svi.administration.reference_data", "svi.administration.sand", "svi.administration.solution.publish", "svi.administration.workflows", "svi.administration.workflows.process", "svi.alert.alert_generation", "svi.alert.assign", "svi.alert.bulk_disposition", "svi.alert.claim", "svi.alert.disposition", "svi.alert.domain_creation", "svi.alert.operational_management.view", "svi.alert.reactivate", "svi.alert.release", "svi.alert.restore_scenario", "svi.alert.suppress_scenario", "svi.analyzeindex", "svi.attachment.add", "svi.attachment.delete", "svi.attachment.manage", "svi.audit", "svi.centrality", "svi.comment.edit", "svi.documents.create", "svi.documents.delete", "svi.documents.edit", "svi.elevate.own.capabilities", "svi.feature.assign.group", "svi.feature.jobs", "svi.grid.export", "svi.homepage", "svi.links.create", "svi.links.delete", "svi.links.edit", "svi.print", "svi.scorecard.admin", "svi.scorecard.batch_job.admin", "svi.scorecard.view", "svi.search", "svi.text_analytics", "svi.transport.export", "svi.transport.import", "svi.vsd.export", "svi.vsd.flow.create", "svi.vsd.flow.delete", "svi.vsd.flow.edit", "svi.vsd.flow.origincopy.delete", "svi.vsd.flow.origincopy.edit.properties", "svi.vsd.flow.publish", "svi.vsd.flow.schedule", "svi.vsd.flow.test", "svi.vsd.flow.view", "svi.vsd.import", "svi.vsd.job.administer", "svi.vsd.scenario.create", "svi.vsd.scenario.origincopy.delete", "svi.vsd.scenario.origincopy.edit.parameter.values", "svi.vsd.scenario.origincopy.edit.properties", "svi.vsd.segment.administration", "svi.workflows.operational_management.view", "svi.workflows.start.manual", "svi.workflows.tasks", "svi.workspace.export.analytics" ],
  "publishCode" : "OPEN",
  "reference" : {
    "contentType" : "application/vnd.sas.investigation.usergroup.feature",
    "id" : "SASAdministrators"
  },
  "resourceCategoryLabelKey" : "svi.feature.assignment.category.label.txt",
  "resourceLabelKey" : "svi.feature.assignment.label.txt",
  "resourceTypeLabelKey" : "svi.feature.assignment.type.txt",
  "solutionReference" : {
    "contentType" : "application/vnd.sas.investigation.meta.solution",
    "id" : "sas_visual_investigator_default"
  },
  "transportSchemaVersion" : 1
}