{
  "schemaVersion" : "10.7.0",
  "links" : [ {
    "cardinality" : "MANY_TO_ONE",
    "cascadeType" : "NONE",
    "fromObjectLabel" : "Alert",
    "fromObjectName" : "alerts",
    "historyEnabled" : false,
    "joinKeyFieldName" : "actionable_entity_id",
    "localizedLabels" : [ {
      "label" : "Alert to Alerted Object",
      "localeCd" : "en-US"
    } ],
    "localizedReverseLabels" : [ {
      "label" : "Alert Alertedobjec Rev",
      "localeCd" : "en-US"
    } ],
    "managed" : false,
    "name" : "alert_alertedObject",
    "qualifiedName" : "alerts__alert_alertedObject",
    "readOnly" : true,
    "reindexRequired" : false,
    "required" : false,
    "reverseName" : "alert_alertedObjec_rev",
    "symmetric" : false,
    "systemReserved" : false,
    "toObjectTypeFieldName" : "actionable_entity_type_nm",
    "type" : "LINK",
    "useCustomIndex" : false
  } ],
  "handlerName" : "datahub"
}