{
  "schemaVersion" : "10.7.0",
  "links" : [ {
    "cardinality" : "MANY_TO_ONE",
    "cascadeType" : "NONE",
    "createdAtTimeFieldName" : "created_at_dttm",
    "dataStoreAssignedTimeZone" : "Etc/UTC",
    "dataStoreDefaultSchemaName" : "fdhdata",
    "dataStoreName" : "DEFAULT_STORE",
    "fields" : [ {
      "autoGenerated" : true,
      "columnName" : "auto_generated_sk",
      "dataType" : "STRING",
      "displayIndex" : 0,
      "indexedForSearch" : false,
      "length" : 36,
      "localizedLabels" : [ {
        "label" : "Auto Generated Sk",
        "localeCd" : "en-US"
      } ],
      "name" : "auto_generated_sk",
      "primaryKeyField" : true,
      "primaryKeySeqNo" : 1,
      "readOnly" : true,
      "required" : true,
      "showTimeZone" : false,
      "systemReserved" : true,
      "unique" : false
    }, {
      "autoGenerated" : false,
      "columnName" : "created_at_dttm",
      "dataType" : "TIMESTAMP",
      "displayIndex" : 3,
      "indexedForSearch" : false,
      "localizedLabels" : [ {
        "label" : "Created At Dttm",
        "localeCd" : "en-US"
      } ],
      "name" : "created_at_dttm",
      "primaryKeyField" : false,
      "readOnly" : true,
      "required" : false,
      "showTimeZone" : false,
      "systemReserved" : true,
      "unique" : false
    }, {
      "autoGenerated" : false,
      "columnName" : "created_by_user_id",
      "dataType" : "STRING",
      "displayIndex" : 5,
      "indexedForSearch" : false,
      "length" : 255,
      "localizedLabels" : [ {
        "label" : "Created By User Id",
        "localeCd" : "en-US"
      } ],
      "name" : "created_by_user_id",
      "primaryKeyField" : false,
      "readOnly" : true,
      "required" : false,
      "showTimeZone" : false,
      "systemReserved" : true,
      "unique" : false
    }, {
      "autoGenerated" : false,
      "columnName" : "last_updated_at_dttm",
      "dataType" : "TIMESTAMP",
      "displayIndex" : 4,
      "indexedForSearch" : false,
      "localizedLabels" : [ {
        "label" : "Last Updated At Dttm",
        "localeCd" : "en-US"
      } ],
      "name" : "last_updated_at_dttm",
      "primaryKeyField" : false,
      "readOnly" : true,
      "required" : false,
      "showTimeZone" : false,
      "systemReserved" : true,
      "unique" : false
    }, {
      "autoGenerated" : false,
      "columnName" : "last_updated_by_user_id",
      "dataType" : "STRING",
      "displayIndex" : 6,
      "indexedForSearch" : false,
      "length" : 255,
      "localizedLabels" : [ {
        "label" : "Last Updated By User Id",
        "localeCd" : "en-US"
      } ],
      "name" : "last_updated_by_user_id",
      "primaryKeyField" : false,
      "readOnly" : true,
      "required" : false,
      "showTimeZone" : false,
      "systemReserved" : true,
      "unique" : false
    }, {
      "autoGenerated" : false,
      "columnName" : "sfe_disp_id",
      "dataType" : "STRING",
      "displayIndex" : 0,
      "indexedForSearch" : false,
      "length" : 36,
      "localizedLabels" : [ {
        "label" : "Sfe Disp Id",
        "localeCd" : "en-US"
      } ],
      "name" : "sfe_disp_id",
      "primaryKeyField" : false,
      "readOnly" : false,
      "required" : true,
      "showTimeZone" : false,
      "systemReserved" : true,
      "unique" : false
    }, {
      "autoGenerated" : false,
      "columnName" : "to_entity_type_id",
      "dataType" : "STRING",
      "displayIndex" : 2,
      "indexedForSearch" : false,
      "length" : 36,
      "localizedLabels" : [ {
        "label" : "To Entity Type Id",
        "localeCd" : "en-US"
      } ],
      "name" : "to_entity_type_id",
      "primaryKeyField" : false,
      "readOnly" : false,
      "required" : true,
      "showTimeZone" : false,
      "systemReserved" : true,
      "unique" : false
    }, {
      "autoGenerated" : false,
      "columnName" : "to_entity_type_nm",
      "dataType" : "STRING",
      "displayIndex" : 1,
      "indexedForSearch" : false,
      "length" : 36,
      "localizedLabels" : [ {
        "label" : "To Entity Type Nm",
        "localeCd" : "en-US"
      } ],
      "name" : "to_entity_type_nm",
      "primaryKeyField" : false,
      "readOnly" : false,
      "required" : true,
      "showTimeZone" : false,
      "systemReserved" : true,
      "unique" : false
    }, {
      "autoGenerated" : false,
      "columnName" : "version",
      "dataType" : "LONG",
      "displayIndex" : 7,
      "indexedForSearch" : false,
      "localizedLabels" : [ {
        "label" : "Version",
        "localeCd" : "en-US"
      } ],
      "name" : "version",
      "primaryKeyField" : false,
      "readOnly" : true,
      "required" : true,
      "showTimeZone" : false,
      "systemReserved" : true,
      "unique" : false
    } ],
    "fromObjectLabel" : "Alerting Activity",
    "fromObjectName" : "alerting_activity",
    "historyEnabled" : false,
    "joinKeyFieldName" : "to_entity_type_id",
    "lastUpdatedAtTimeFieldName" : "last_updated_at_dttm",
    "localizedLabels" : [ {
      "label" : "Alerting Activity to Many",
      "localeCd" : "en-US"
    } ],
    "localizedReverseLabels" : [ {
      "label" : "Many To Alerting Activity",
      "localeCd" : "en-US"
    } ],
    "managed" : true,
    "name" : "alerting_activity_to_many",
    "qualifiedName" : "alerting_activity__alerting_activity_to_many",
    "readOnly" : false,
    "reindexRequired" : false,
    "required" : false,
    "reverseName" : "many_to_alerting_activity",
    "symmetric" : false,
    "systemReserved" : false,
    "tableName" : "Alerting_Activity_to_Many",
    "toObjectTypeFieldName" : "to_entity_type_nm",
    "type" : "LINK",
    "useCustomIndex" : false
  } ],
  "handlerName" : "datahub"
}