{
  "schemaVersion" : "10.7.0",
  "links" : [ {
    "cardinality" : "ONE_TO_MANY",
    "cascadeType" : "NONE",
    "color" : "#c3c3c3",
    "dashType" : "solid",
    "fromObjectLabel" : "Customer",
    "fromObjectName" : "customer",
    "historyEnabled" : false,
    "joinConditions" : [ {
      "type" : "Conditional",
      "leftOperand" : {
        "type" : "FieldRef",
        "objectName" : "customer",
        "fieldName" : "cif"
      },
      "rightOperands" : [ {
        "type" : "FieldRef",
        "objectName" : "cus_address",
        "fieldName" : "customer_number"
      } ],
      "operator" : "EQ"
    } ],
    "localizedLabels" : [ {
      "label" : "Customer to Address",
      "localeCd" : "en-US"
    } ],
    "localizedReverseLabels" : [ {
      "label" : "Address to Customer",
      "localeCd" : "en-US"
    } ],
    "managed" : false,
    "name" : "cus_address",
    "qualifiedName" : "customer__cus_address",
    "readOnly" : true,
    "reindexRequired" : false,
    "required" : false,
    "reverseName" : "customer",
    "symmetric" : false,
    "systemReserved" : false,
    "toObjectLabel" : "Address",
    "toObjectName" : "cus_address",
    "type" : "LINK",
    "useCustomIndex" : false,
    "width" : 1
  } ],
  "handlerName" : "datahub"
}