{
  "schemaVersion" : "10.7.0",
  "links" : [ {
    "cardinality" : "MANY_TO_MANY",
    "cascadeType" : "NONE",
    "color" : "#c3c3c3",
    "createdAtTimeFieldName" : "created_at_dttm",
    "dashType" : "solid",
    "dataStoreAssignedTimeZone" : "Etc/UTC",
    "dataStoreDefaultSchemaName" : "fdhdata",
    "dataStoreName" : "DEFAULT_STORE",
    "fields" : [ {
      "autoGenerated" : true,
      "columnName" : "auto_generated_sk",
      "dataType" : "STRING",
      "displayIndex" : 0,
      "indexedForSearch" : false,
      "length" : 36,
      "localizedLabels" : [ {
        "label" : "Auto Generated Sk",
        "localeCd" : "en-US"
      } ],
      "name" : "auto_generated_sk",
      "primaryKeyField" : true,
      "primaryKeySeqNo" : 1,
      "readOnly" : true,
      "required" : true,
      "showTimeZone" : false,
      "systemReserved" : true,
      "unique" : false
    }, {
      "autoGenerated" : false,
      "columnName" : "created_at_dttm",
      "dataType" : "TIMESTAMP",
      "displayIndex" : 5,
      "indexedForSearch" : false,
      "localizedLabels" : [ {
        "label" : "Date-Time Created",
        "localeCd" : "en-US"
      } ],
      "name" : "created_at_dttm",
      "primaryKeyField" : false,
      "readOnly" : true,
      "required" : false,
      "showTimeZone" : false,
      "systemReserved" : true,
      "unique" : false
    }, {
      "autoGenerated" : false,
      "columnName" : "created_by_user_id",
      "dataType" : "STRING",
      "displayIndex" : 3,
      "indexedForSearch" : false,
      "length" : 255,
      "localizedLabels" : [ {
        "label" : "Created By",
        "localeCd" : "en-US"
      } ],
      "name" : "created_by_user_id",
      "primaryKeyField" : false,
      "readOnly" : true,
      "required" : false,
      "showTimeZone" : false,
      "systemReserved" : true,
      "unique" : false
    }, {
      "autoGenerated" : false,
      "columnName" : "i_o_id",
      "dataType" : "STRING",
      "displayIndex" : 1,
      "indexedForSearch" : false,
      "length" : 36,
      "localizedLabels" : [ {
        "label" : "I_O ID",
        "localeCd" : "en-US"
      } ],
      "name" : "i_o_id",
      "primaryKeyField" : false,
      "readOnly" : false,
      "required" : true,
      "showTimeZone" : false,
      "systemReserved" : true,
      "unique" : false
    }, {
      "autoGenerated" : false,
      "columnName" : "last_updated_at_dttm",
      "dataType" : "TIMESTAMP",
      "displayIndex" : 6,
      "indexedForSearch" : false,
      "localizedLabels" : [ {
        "label" : "Last Modified Date-Time",
        "localeCd" : "en-US"
      } ],
      "name" : "last_updated_at_dttm",
      "primaryKeyField" : false,
      "readOnly" : true,
      "required" : false,
      "showTimeZone" : false,
      "systemReserved" : true,
      "unique" : false
    }, {
      "autoGenerated" : false,
      "columnName" : "last_updated_by_user_id",
      "dataType" : "STRING",
      "displayIndex" : 4,
      "indexedForSearch" : false,
      "length" : 255,
      "localizedLabels" : [ {
        "label" : "Last Modified By",
        "localeCd" : "en-US"
      } ],
      "name" : "last_updated_by_user_id",
      "primaryKeyField" : false,
      "readOnly" : true,
      "required" : false,
      "showTimeZone" : false,
      "systemReserved" : true,
      "unique" : false
    }, {
      "autoGenerated" : false,
      "columnName" : "ub_o_id",
      "dataType" : "STRING",
      "displayIndex" : 2,
      "indexedForSearch" : false,
      "length" : 36,
      "localizedLabels" : [ {
        "label" : "UB_O ID",
        "localeCd" : "en-US"
      } ],
      "name" : "ub_o_id",
      "primaryKeyField" : false,
      "readOnly" : false,
      "required" : true,
      "showTimeZone" : false,
      "systemReserved" : true,
      "unique" : false
    }, {
      "autoGenerated" : false,
      "columnName" : "version",
      "dataType" : "LONG",
      "displayIndex" : 7,
      "indexedForSearch" : false,
      "localizedLabels" : [ {
        "label" : "Version",
        "localeCd" : "en-US"
      } ],
      "name" : "version",
      "primaryKeyField" : false,
      "readOnly" : true,
      "required" : true,
      "showTimeZone" : false,
      "systemReserved" : true,
      "unique" : false
    } ],
    "fromObjectLabel" : "I_O",
    "fromObjectName" : "I_O",
    "historyEnabled" : false,
    "joinConditions" : [ {
      "type" : "Conditional",
      "leftOperand" : {
        "type" : "FieldRef",
        "objectName" : "I_O",
        "fieldName" : "i_o_id"
      },
      "rightOperands" : [ {
        "type" : "FieldRef",
        "objectName" : "^RELATION^",
        "fieldName" : "i_o_id"
      } ],
      "operator" : "EQ"
    }, {
      "type" : "Conditional",
      "leftOperand" : {
        "type" : "FieldRef",
        "objectName" : "^RELATION^",
        "fieldName" : "ub_o_id"
      },
      "rightOperands" : [ {
        "type" : "FieldRef",
        "objectName" : "UB_O",
        "fieldName" : "ub_o_id"
      } ],
      "operator" : "EQ"
    } ],
    "lastUpdatedAtTimeFieldName" : "last_updated_at_dttm",
    "localizedLabels" : [ {
      "label" : "UB_O",
      "localeCd" : "en-US"
    } ],
    "localizedReverseLabels" : [ {
      "label" : "I_O",
      "localeCd" : "en-US"
    } ],
    "managed" : true,
    "name" : "UB_O",
    "qualifiedName" : "I_O__UB_O",
    "readOnly" : false,
    "reindexRequired" : false,
    "required" : false,
    "reverseName" : "I_O",
    "symmetric" : false,
    "systemReserved" : false,
    "tableName" : "IO_UBO",
    "toObjectLabel" : "UB_O",
    "toObjectName" : "UB_O",
    "type" : "LINK",
    "useCustomIndex" : false,
    "width" : 1
  } ],
  "handlerName" : "datahub"
}