{
  "deferToParentFlag" : false,
  "dependencies" : [ {
    "contentType" : "application/vnd.sas.investigation.meta.solution",
    "id" : "sas_visual_investigator_default"
  } ],
  "displayFlag" : true,
  "parentReference" : {
    "contentType" : "application/vnd.sas.investigation.meta.solution",
    "id" : "sas_visual_investigator_default"
  },
  "payload" : {
    "schemaVersion" : "10.8.0",
    "actions" : [ {
      "actionAttributes" : {
        "metadata" : {
          "path" : "scripts/sas/fcs/commons/kendo/export-excel-button-component.js"
        }
      },
      "actionName" : "exportExcelButton",
      "clientApplication" : "desktop",
      "controlName" : "exportExcelButton",
      "customAction" : true,
      "displayName" : { },
      "solutionName" : "sas_visual_investigator_default"
    } ],
    "handlerName" : "datahub"
  },
  "publishCode" : "OPEN",
  "reference" : {
    "contentType" : "application/vnd.sas.investigation.meta.action",
    "id" : "exportExcelButton"
  },
  "resourceCategoryLabelKey" : "svi.datahub.transport.action.category.label.txt",
  "resourceLabelKey" : "svi.datahub.action.exportExcelButton.displayName.txt",
  "resourceSubcategoryLabelKey" : "svi.datahub.transport.action.subcategory.label.txt",
  "resourceTypeLabelKey" : "svi.datahub.transport.action.type.label.txt",
  "solutionReference" : {
    "contentType" : "application/vnd.sas.investigation.meta.solution",
    "id" : "sas_visual_investigator_default"
  },
  "transportSchemaVersion" : 1
}