{
  "deferToParentFlag" : false,
  "dependencies" : [ {
    "contentType" : "application/vnd.sas.investigation.meta.solution",
    "id" : "sas_visual_investigator_default"
  }, {
    "contentType" : "application/vnd.sas.investigation.meta.entity",
    "id" : "alerts"
  } ],
  "displayFlag" : true,
  "parentReference" : {
    "contentType" : "application/vnd.sas.investigation.meta.solution",
    "id" : "sas_visual_investigator_default"
  },
  "publishCode" : "OPEN",
  "reference" : {
    "contentType" : "application/vnd.sas.investigation.meta.relationship",
    "id" : "alerts__alert_alertedObject"
  },
  "resourceCategoryLabelKey" : "svi.datahub.transport.relationship.category.label.txt",
  "resourceLabelKey" : "svi.datahub.link.alert_alertedObject#alerts.exportLabel.txt",
  "resourceSubcategoryLabelKey" : "svi.datahub.transport.relationship.subcategory.label.txt",
  "resourceTypeLabelKey" : "svi.datahub.transport.relationship.type.label.txt",
  "solutionReference" : {
    "contentType" : "application/vnd.sas.investigation.meta.solution",
    "id" : "sas_visual_investigator_default"
  },
  "transportSchemaVersion" : 1
}