{
  "deferToParentFlag" : false,
  "dependencies" : [ {
    "contentType" : "application/vnd.sas.investigation.meta.solution",
    "id" : "sas_visual_investigator_default"
  } ],
  "displayFlag" : true,
  "parentReference" : {
    "contentType" : "application/vnd.sas.investigation.meta.solution",
    "id" : "sas_visual_investigator_default"
  },
  "payload" : {
    "schemaVersion" : "10.8.0",
    "controlCategories" : [ {
      "displayName" : "Controls",
      "resourcedDisplayName" : "categoryControls",
      "type" : "Fields"
    } ],
    "handlerName" : "datahub"
  },
  "publishCode" : "OPEN",
  "reference" : {
    "contentType" : "application/vnd.sas.investigation.meta.page.extension.category",
    "id" : "Fields"
  },
  "resourceCategoryLabelKey" : "svi.datahub.transport.page_extension_category.category.label.txt",
  "resourceLabelKey" : "svi.datahub.controlCategory.Fields.displayName.txt",
  "resourceSubcategoryLabelKey" : "svi.datahub.transport.page_extension_category.subcategory.label.txt",
  "resourceTypeLabelKey" : "svi.datahub.transport.page_extension_category.type.label.txt",
  "solutionReference" : {
    "contentType" : "application/vnd.sas.investigation.meta.solution",
    "id" : "sas_visual_investigator_default"
  },
  "transportSchemaVersion" : 1
}