{
  "schemaVersion" : "10.7.0",
  "templates" : [ {
    "clientApplication" : "desktop",
    "metadata" : {
      "insightsEnabled" : false,
      "workspaceEnabled" : false
    },
    "name" : "_home",
    "template" : {
      "id" : "581e3c2b-a74f-43e7-34ce-6de22b8d116b",
      "screens" : [ {
        "childNodes" : [ {
          "attrs" : {
            "category" : "Panels",
            "id" : "bac2adac-a686-4cc7-3b29-bd00a27d659e",
            "type" : "ColumnGroup-Two"
          },
          "childNodes" : [ {
            "attrs" : {
              "category" : "Container",
              "id" : "ColumnContainer0",
              "type" : "ColumnContainer"
            },
            "childNodes" : [ {
              "attrs" : {
                "category" : "Home",
                "id" : "3812234c-5cd9-42f2-3ac6-1c87ff32992e",
                "type" : "homeAlertMetrics"
              },
              "childNodes" : [ ],
              "typeAttributes" : {
                "title" : {
                  "text" : "Alert Metrics"
                }
              }
            }, {
              "attrs" : {
                "category" : "Home",
                "id" : "1a9db4ec-7815-4a66-32a2-6e6583843c92",
                "type" : "homePersonalMetrics"
              },
              "childNodes" : [ ],
              "typeAttributes" : {
                "title" : {
                  "text" : "Personal Metrics"
                }
              }
            } ],
            "typeAttributes" : {
              "mdColSpan" : 6
            }
          }, {
            "attrs" : {
              "category" : "Container",
              "id" : "ColumnContainer1",
              "type" : "ColumnContainer"
            },
            "childNodes" : [ {
              "attrs" : {
                "category" : "Home",
                "id" : "853cce74-d8b2-42f9-318c-457362fab7ea",
                "type" : "homeNewDocument"
              },
              "childNodes" : [ ],
              "typeAttributes" : {
                "entities" : [ ],
                "title" : {
                  "text" : "New Document"
                }
              }
            }, {
              "attrs" : {
                "category" : "Home",
                "id" : "a63e9160-c414-4e7e-3320-eb4e566238ae",
                "type" : "homeSearch"
              },
              "childNodes" : [ ],
              "typeAttributes" : {
                "title" : {
                  "text" : "Search"
                }
              }
            }, {
              "attrs" : {
                "category" : "Home",
                "id" : "12938631-5726-443d-3183-51c957ebfdd8",
                "type" : "homeRecentDocuments"
              },
              "childNodes" : [ ],
              "typeAttributes" : {
                "title" : {
                  "text" : "Recent Documents"
                }
              }
            } ],
            "typeAttributes" : {
              "mdColSpan" : 6
            }
          } ],
          "typeAttributes" : {
            "title" : {
              "text" : "2 Columns"
            }
          }
        } ],
        "events" : { },
        "id" : "84fd9c5a-317b-4cc1-30be-3d68a487ff25",
        "name" : ""
      } ],
      "title" : ""
    },
    "templateType" : "homepage",
    "uuid" : "fc774b16-031c-45b6-aa0f-701ad6b0d0c7"
  } ],
  "handlerName" : "datahub"
}