{
  "schemaVersion" : "10.7.0",
  "templates" : [ {
    "clientApplication" : "mobile",
    "metadata" : {
      "dataSources" : [ { } ],
      "insightsEnabled" : false,
      "workspaceEnabled" : false
    },
    "name" : "_mobile_home",
    "template" : {
      "screens" : [ {
        "childNodes" : [ ],
        "events" : { },
        "id" : "36630f09-0810-4597-34d7-533eb62d42ee",
        "name" : ""
      } ],
      "title" : ""
    },
    "templateType" : "homepage",
    "uuid" : "f30cfb1d-4cae-408d-87d6-b3d0dfb9c4cd"
  } ],
  "handlerName" : "datahub"
}