{
  "schemaVersion" : "10.7.0",
  "templates" : [ {
    "clientApplication" : "desktop",
    "documentType" : "account_new",
    "metadata" : {
      "dataSources" : [ {
        "fields" : [ "account_number", "customer_number", "account_name", "acc_type", "acc_open_date", "acc_status", "currency", "load_dt" ],
        "objectName" : "account_new"
      } ],
      "insightsEnabled" : false,
      "workspaceEnabled" : false
    },
    "name" : "account_new-Summary-pane",
    "template" : {
      "id" : "8c3d130b-a1b8-48f7-a86e-b83b738feb19",
      "screens" : [ {
        "childNodes" : [ {
          "attrs" : {
            "category" : "Panels",
            "id" : "1c4cd127-b44c-4b2b-84cd-c252f1dd1e7f",
            "states" : "{readOnly:true}",
            "type" : "GroupBox"
          },
          "childNodes" : [ {
            "attrs" : {
              "category" : "Panels",
              "id" : "bd96b2b1-ea2b-4b6d-809d-3ee81c4fb2fe",
              "type" : "MasonryLayout"
            },
            "childNodes" : [ {
              "attrs" : {
                "category" : "Fields",
                "id" : "9b9aa77e-26fc-4675-90f4-dea39a5e7133",
                "states" : "{readOnly:true}",
                "type" : "TextInput"
              },
              "childNodes" : [ ],
              "inheritedAttributes" : {
                "spanCSSClass" : "sng-masonry-one"
              },
              "typeAttributes" : {
                "dataSource" : "account_number",
                "title" : {
                  "text" : "Account Number"
                }
              }
            }, {
              "attrs" : {
                "category" : "Fields",
                "id" : "a493f16d-672c-40f7-ac41-b0dfa69bfb2d",
                "states" : "{readOnly:true}",
                "type" : "TextInput"
              },
              "childNodes" : [ ],
              "inheritedAttributes" : {
                "spanCSSClass" : "sng-masonry-one"
              },
              "typeAttributes" : {
                "dataSource" : "customer_number",
                "title" : {
                  "text" : "Customer Number"
                }
              }
            }, {
              "attrs" : {
                "category" : "Fields",
                "id" : "c616c403-c37e-4052-ba37-2f47b3e767bd",
                "states" : "{readOnly:true}",
                "type" : "TextInput"
              },
              "childNodes" : [ ],
              "inheritedAttributes" : {
                "spanCSSClass" : "sng-masonry-one"
              },
              "typeAttributes" : {
                "dataSource" : "account_name",
                "title" : {
                  "text" : "Account Name"
                }
              }
            }, {
              "attrs" : {
                "category" : "Fields",
                "id" : "a01ee0db-3738-4b32-9c2f-7e7cb2862055",
                "states" : "{readOnly:true}",
                "type" : "TextInput"
              },
              "childNodes" : [ ],
              "inheritedAttributes" : {
                "spanCSSClass" : "sng-masonry-one"
              },
              "typeAttributes" : {
                "dataSource" : "acc_type",
                "title" : {
                  "text" : "Acc Type"
                }
              }
            }, {
              "attrs" : {
                "category" : "Fields",
                "id" : "b0e28b32-c7e9-46ee-af49-a3cc8546b081",
                "states" : "{readOnly:true}",
                "type" : "DateTime"
              },
              "childNodes" : [ ],
              "inheritedAttributes" : {
                "spanCSSClass" : "sng-masonry-one"
              },
              "typeAttributes" : {
                "dataSource" : "acc_open_date",
                "dateFormat" : "LOCALE",
                "title" : {
                  "text" : "Acc Open Date"
                }
              }
            }, {
              "attrs" : {
                "category" : "Fields",
                "id" : "2b318b3f-691e-47d5-9d06-44b0ad5d8d0c",
                "states" : "{readOnly:true}",
                "type" : "TextInput"
              },
              "childNodes" : [ ],
              "inheritedAttributes" : {
                "spanCSSClass" : "sng-masonry-one"
              },
              "typeAttributes" : {
                "dataSource" : "acc_status",
                "title" : {
                  "text" : "Acc Status"
                }
              }
            }, {
              "attrs" : {
                "category" : "Fields",
                "id" : "e79e6e21-5b64-42e5-98d2-2bb687900418",
                "states" : "{readOnly:true}",
                "type" : "TextInput"
              },
              "childNodes" : [ ],
              "inheritedAttributes" : {
                "spanCSSClass" : "sng-masonry-one"
              },
              "typeAttributes" : {
                "dataSource" : "currency",
                "title" : {
                  "text" : "Currency"
                }
              }
            }, {
              "attrs" : {
                "category" : "Fields",
                "id" : "074185b2-0147-467d-bbd9-a68b50a4f0b4",
                "states" : "{readOnly:true}",
                "type" : "DateTime"
              },
              "childNodes" : [ ],
              "inheritedAttributes" : {
                "spanCSSClass" : "sng-masonry-one"
              },
              "typeAttributes" : {
                "dataSource" : "load_dt",
                "dateFormat" : "LOCALE",
                "showTime" : "true",
                "title" : {
                  "text" : "Load Dt"
                }
              }
            } ],
            "typeAttributes" : {
              "title" : {
                "text" : "Cascading"
              }
            }
          } ],
          "typeAttributes" : {
            "title" : {
              "text" : "Account New"
            }
          }
        } ],
        "events" : { },
        "id" : "94756dd0-ead3-45c4-87c3-35d5457a7966",
        "name" : "Account New"
      } ],
      "title" : "Page Template for the entity \"account_new\""
    },
    "templateType" : "page",
    "uuid" : "e591bb7e-5b88-4a1e-9af7-ea850582fdeb"
  } ],
  "handlerName" : "datahub"
}