{
  "schemaVersion" : "10.7.0",
  "templates" : [ {
    "clientApplication" : "desktop",
    "documentType" : "account_new",
    "metadata" : {
      "dataSources" : [ {
        "fields" : [ "account_number", "customer_number", "account_name", "acc_type", "acc_open_date", "acc_status", "currency", "load_dt" ],
        "objectName" : "account_new"
      } ],
      "insightsEnabled" : true,
      "workspaceEnabled" : true
    },
    "name" : "account_new-Full-pane",
    "template" : {
      "id" : "9d88a13d-bd55-4605-95d5-e5ef75149d61",
      "screens" : [ {
        "childNodes" : [ {
          "attrs" : {
            "category" : "Panels",
            "id" : "02361958-4906-4dd7-a08e-c8e450f423a1",
            "states" : "{readOnly:true}",
            "type" : "GroupBox"
          },
          "childNodes" : [ {
            "attrs" : {
              "category" : "Fields",
              "id" : "d59b6ad1-20a2-469c-a141-e6094228c831",
              "states" : "{readOnly:true}",
              "type" : "TextInput"
            },
            "childNodes" : [ ],
            "typeAttributes" : {
              "dataSource" : "account_number",
              "title" : {
                "text" : "Account Number"
              }
            }
          }, {
            "attrs" : {
              "category" : "Fields",
              "id" : "1d8fef57-d2ff-4b41-9810-f844be9b32f0",
              "states" : "{readOnly:true}",
              "type" : "TextInput"
            },
            "childNodes" : [ ],
            "typeAttributes" : {
              "dataSource" : "customer_number",
              "title" : {
                "text" : "Customer Number"
              }
            }
          }, {
            "attrs" : {
              "category" : "Fields",
              "id" : "cb151d13-f6c9-4a5e-93a0-eb29427d338f",
              "states" : "{readOnly:true}",
              "type" : "TextInput"
            },
            "childNodes" : [ ],
            "typeAttributes" : {
              "dataSource" : "account_name",
              "title" : {
                "text" : "Account Name"
              }
            }
          }, {
            "attrs" : {
              "category" : "Fields",
              "id" : "31d44c60-3a8a-43ab-886d-918698bb13c2",
              "states" : "{readOnly:true}",
              "type" : "TextInput"
            },
            "childNodes" : [ ],
            "typeAttributes" : {
              "dataSource" : "acc_type",
              "title" : {
                "text" : "Acc Type"
              }
            }
          }, {
            "attrs" : {
              "category" : "Fields",
              "id" : "32df0319-81bf-4dc9-8abb-4b7943da158f",
              "states" : "{readOnly:true}",
              "type" : "DateTime"
            },
            "childNodes" : [ ],
            "typeAttributes" : {
              "dataSource" : "acc_open_date",
              "dateFormat" : "LOCALE",
              "title" : {
                "text" : "Acc Open Date"
              }
            }
          }, {
            "attrs" : {
              "category" : "Fields",
              "id" : "c5f48583-1667-43b7-8c4d-13fdf379a5ef",
              "states" : "{readOnly:true}",
              "type" : "TextInput"
            },
            "childNodes" : [ ],
            "typeAttributes" : {
              "dataSource" : "acc_status",
              "title" : {
                "text" : "Acc Status"
              }
            }
          }, {
            "attrs" : {
              "category" : "Fields",
              "id" : "acaa087a-12e7-4fb2-8eb1-d04e501ac16f",
              "states" : "{readOnly:true}",
              "type" : "TextInput"
            },
            "childNodes" : [ ],
            "typeAttributes" : {
              "dataSource" : "currency",
              "title" : {
                "text" : "Currency"
              }
            }
          }, {
            "attrs" : {
              "category" : "Fields",
              "id" : "d3536aa3-947f-4dd1-a9c4-e9499e72f569",
              "states" : "{readOnly:true}",
              "type" : "DateTime"
            },
            "childNodes" : [ ],
            "typeAttributes" : {
              "dataSource" : "load_dt",
              "dateFormat" : "LOCALE",
              "showTime" : "true",
              "title" : {
                "text" : "Load Dt"
              }
            }
          } ],
          "typeAttributes" : {
            "title" : {
              "text" : "Account New"
            }
          }
        } ],
        "events" : { },
        "id" : "d0e28fcd-31f7-49ca-b554-b6f913d48a43",
        "name" : "Account New"
      } ],
      "title" : "Page Template for the entity \"account_new\""
    },
    "templateType" : "page",
    "uuid" : "aca1e96a-809c-4f7d-a8c7-575cd504a58f"
  } ],
  "handlerName" : "datahub"
}