{
  "schemaVersion" : "10.7.0",
  "templates" : [ {
    "clientApplication" : "mobile",
    "documentType" : "account_new",
    "metadata" : {
      "dataSources" : [ {
        "fields" : [ "account_number", "customer_number", "account_name", "acc_type", "acc_open_date", "acc_status", "currency", "load_dt" ],
        "objectName" : "account_new"
      } ],
      "insightsEnabled" : false,
      "workspaceEnabled" : false
    },
    "name" : "account_new-Mobile-pane",
    "template" : {
      "id" : "9698bcd1-e9cc-4742-8740-20dba6120a95",
      "screens" : [ {
        "childNodes" : [ {
          "attrs" : {
            "category" : "MobileLayoutControls",
            "id" : "48b2749d-cd78-428a-b94a-11e58ef9f7a3",
            "states" : "{readOnly:true}",
            "type" : "mobileGroupBox"
          },
          "childNodes" : [ {
            "attrs" : {
              "category" : "MobileLayoutControls",
              "id" : "5a3b30b9-1e4b-4f14-8595-3d9404f1abff",
              "type" : "mobileColumnGroup-Two"
            },
            "childNodes" : [ {
              "attrs" : {
                "category" : "Container",
                "id" : "5608f78d-d38d-467e-8b29-970cad9c47e7",
                "type" : "ColumnContainer"
              },
              "childNodes" : [ {
                "attrs" : {
                  "category" : "MobileObjectControls",
                  "id" : "8c956565-f6a5-424b-bbac-fa14ab4d4189",
                  "states" : "{readOnly:true}",
                  "type" : "mobileTextInput"
                },
                "childNodes" : [ ],
                "typeAttributes" : {
                  "dataSource" : "account_number",
                  "title" : {
                    "text" : "Account Number"
                  }
                }
              }, {
                "attrs" : {
                  "category" : "MobileObjectControls",
                  "id" : "661cb2d6-e387-4edd-987a-8cd7e97162cb",
                  "states" : "{readOnly:true}",
                  "type" : "mobileTextInput"
                },
                "childNodes" : [ ],
                "typeAttributes" : {
                  "dataSource" : "account_name",
                  "title" : {
                    "text" : "Account Name"
                  }
                }
              }, {
                "attrs" : {
                  "category" : "MobileObjectControls",
                  "id" : "8aad09ba-d2f6-40e1-b527-08730104789c",
                  "states" : "{readOnly:true}",
                  "type" : "mobileTextInput"
                },
                "childNodes" : [ ],
                "typeAttributes" : {
                  "dataSource" : "acc_type",
                  "title" : {
                    "text" : "Acc Type"
                  }
                }
              } ],
              "typeAttributes" : {
                "mdColSpan" : "6"
              }
            }, {
              "attrs" : {
                "category" : "Container",
                "id" : "a13ced09-f706-4886-92b6-c7b6e40f0d9d",
                "type" : "ColumnContainer"
              },
              "childNodes" : [ {
                "attrs" : {
                  "category" : "MobileObjectControls",
                  "id" : "007ae128-7008-4e4a-afa1-ab48ebd370e9",
                  "states" : "{readOnly:true}",
                  "type" : "mobileTextInput"
                },
                "childNodes" : [ ],
                "typeAttributes" : {
                  "dataSource" : "customer_number",
                  "title" : {
                    "text" : "Customer Number"
                  }
                }
              }, {
                "attrs" : {
                  "category" : "MobileObjectControls",
                  "id" : "cd107848-6e53-4ee6-83c1-eb0d0c11031c",
                  "states" : "{readOnly:true}",
                  "type" : "mobileDateTime"
                },
                "childNodes" : [ ],
                "typeAttributes" : {
                  "dataSource" : "acc_open_date",
                  "dateFormat" : "LOCALE",
                  "title" : {
                    "text" : "Acc Open Date"
                  }
                }
              }, {
                "attrs" : {
                  "category" : "MobileObjectControls",
                  "id" : "f411d830-d560-4b89-85c0-15595eb54154",
                  "states" : "{readOnly:true}",
                  "type" : "mobileTextInput"
                },
                "childNodes" : [ ],
                "typeAttributes" : {
                  "dataSource" : "acc_status",
                  "title" : {
                    "text" : "Acc Status"
                  }
                }
              }, {
                "attrs" : {
                  "category" : "MobileObjectControls",
                  "id" : "3ad6ac99-a3ad-4bc0-9b89-729732082a31",
                  "states" : "{readOnly:true}",
                  "type" : "mobileTextInput"
                },
                "childNodes" : [ ],
                "typeAttributes" : {
                  "dataSource" : "currency",
                  "title" : {
                    "text" : "Currency"
                  }
                }
              }, {
                "attrs" : {
                  "category" : "MobileObjectControls",
                  "id" : "78cb14f5-61f8-4226-96f5-9a53913d9f68",
                  "states" : "{readOnly:true}",
                  "type" : "mobileDateTime"
                },
                "childNodes" : [ ],
                "typeAttributes" : {
                  "dataSource" : "load_dt",
                  "dateFormat" : "LOCALE",
                  "showTime" : "true",
                  "title" : {
                    "text" : "Load Dt"
                  }
                }
              } ],
              "typeAttributes" : {
                "mdColSpan" : "6"
              }
            } ],
            "typeAttributes" : {
              "title" : {
                "text" : "2-Column"
              }
            }
          } ],
          "typeAttributes" : {
            "title" : {
              "text" : "Account New"
            }
          }
        } ],
        "events" : { },
        "id" : "77553831-a267-47ba-8f00-0e44fd6180fe",
        "name" : "Account New"
      } ],
      "title" : "Page Template for the entity \"account_new\""
    },
    "templateType" : "page",
    "uuid" : "8d999b95-b875-4f39-ac4f-4715834847c6"
  } ],
  "handlerName" : "datahub"
}