{
  "schemaVersion" : "10.7.0",
  "templates" : [ {
    "clientApplication" : "desktop",
    "documentType" : "account_new",
    "metadata" : {
      "dataSources" : [ {
        "fields" : [ "account_number", "customer_number", "account_name", "acc_type", "acc_open_date", "acc_status", "currency", "load_dt" ],
        "objectName" : "account_new"
      } ],
      "insightsEnabled" : false,
      "workspaceEnabled" : false
    },
    "name" : "account_new-Inspector-pane",
    "template" : {
      "id" : "17031efb-bc84-4f0b-9c8e-106699325543",
      "screens" : [ {
        "childNodes" : [ {
          "attrs" : {
            "category" : "Panels",
            "id" : "4541d3c9-a273-4b03-a9c9-c2b410a9e0af",
            "states" : "{readOnly:true}",
            "type" : "GroupBox"
          },
          "childNodes" : [ {
            "attrs" : {
              "category" : "Fields",
              "id" : "8f0cad40-b35f-4f04-acf6-0048f7d554b1",
              "states" : "{readOnly:true}",
              "type" : "TextInput"
            },
            "childNodes" : [ ],
            "typeAttributes" : {
              "dataSource" : "account_number",
              "title" : {
                "text" : "Account Number"
              }
            }
          }, {
            "attrs" : {
              "category" : "Fields",
              "id" : "36569ddd-0ef1-40e4-a2a4-ae6e6e90de18",
              "states" : "{readOnly:true}",
              "type" : "TextInput"
            },
            "childNodes" : [ ],
            "typeAttributes" : {
              "dataSource" : "customer_number",
              "title" : {
                "text" : "Customer Number"
              }
            }
          }, {
            "attrs" : {
              "category" : "Fields",
              "id" : "ed49dbd9-527c-49c9-ade3-3f1ba9820ba0",
              "states" : "{readOnly:true}",
              "type" : "TextInput"
            },
            "childNodes" : [ ],
            "typeAttributes" : {
              "dataSource" : "account_name",
              "title" : {
                "text" : "Account Name"
              }
            }
          }, {
            "attrs" : {
              "category" : "Fields",
              "id" : "ed9e3bba-fbdc-47ba-bdfe-a2ee1ecf6a3f",
              "states" : "{readOnly:true}",
              "type" : "TextInput"
            },
            "childNodes" : [ ],
            "typeAttributes" : {
              "dataSource" : "acc_type",
              "title" : {
                "text" : "Acc Type"
              }
            }
          }, {
            "attrs" : {
              "category" : "Fields",
              "id" : "73951e18-1906-4066-a118-b4cec7784d34",
              "states" : "{readOnly:true}",
              "type" : "DateTime"
            },
            "childNodes" : [ ],
            "typeAttributes" : {
              "dataSource" : "acc_open_date",
              "dateFormat" : "LOCALE",
              "title" : {
                "text" : "Acc Open Date"
              }
            }
          }, {
            "attrs" : {
              "category" : "Fields",
              "id" : "f9f078ff-acf4-4874-800c-5653c41c70db",
              "states" : "{readOnly:true}",
              "type" : "TextInput"
            },
            "childNodes" : [ ],
            "typeAttributes" : {
              "dataSource" : "acc_status",
              "title" : {
                "text" : "Acc Status"
              }
            }
          }, {
            "attrs" : {
              "category" : "Fields",
              "id" : "82bceaa4-4ae5-41ac-9b73-8f64e3cf2373",
              "states" : "{readOnly:true}",
              "type" : "TextInput"
            },
            "childNodes" : [ ],
            "typeAttributes" : {
              "dataSource" : "currency",
              "title" : {
                "text" : "Currency"
              }
            }
          }, {
            "attrs" : {
              "category" : "Fields",
              "id" : "ddd97243-4392-48a8-9339-96e30dabd8f4",
              "states" : "{readOnly:true}",
              "type" : "DateTime"
            },
            "childNodes" : [ ],
            "typeAttributes" : {
              "dataSource" : "load_dt",
              "dateFormat" : "LOCALE",
              "showTime" : "true",
              "title" : {
                "text" : "Load Dt"
              }
            }
          } ],
          "typeAttributes" : {
            "title" : {
              "text" : "Account New"
            }
          }
        } ],
        "events" : { },
        "id" : "74e7d436-7b9b-4ceb-a15f-8992394a5326",
        "name" : "Account New"
      } ],
      "title" : "Page Template for the entity \"account_new\""
    },
    "templateType" : "page",
    "uuid" : "83a64172-a4c1-40ef-8217-f2a74ecb7f24"
  } ],
  "handlerName" : "datahub"
}