{
  "schemaVersion" : "10.7.0",
  "templates" : [ {
    "clientApplication" : "desktop",
    "conditions" : [ "2274c996-df83-5c75-9fb0-2bee513b8d48", "34d18f4a-753f-3221-80d8-1f4468939f66" ],
    "documentType" : "B_O",
    "metadata" : {
      "dataSources" : [ {
        "fields" : [ "b_o_id", "Name", "Shareholder_Type", "Cnt_Inc", "Percent", "Date_of_Birth" ],
        "objectName" : "B_O"
      } ],
      "insightsEnabled" : false,
      "workspaceEnabled" : false
    },
    "name" : "BO",
    "template" : {
      "screens" : [ {
        "childNodes" : [ {
          "_associatedScreenId" : "84311e6e-02b4-4ece-3f72-75f4f5d0af56",
          "attrs" : {
            "category" : "Fields",
            "id" : "7aea81b8-ea50-44e3-32e4-4b270283e949",
            "states" : {
              "readOnly" : true,
              "required" : true
            },
            "type" : "TextInput"
          },
          "childNodes" : [ ],
          "typeAttributes" : {
            "dataSource" : "b_o_id",
            "height" : "100px",
            "inputWidthCSSClass" : "sng-fit-input",
            "title" : {
              "text" : "B_O ID"
            }
          }
        }, {
          "_associatedScreenId" : "84311e6e-02b4-4ece-3f72-75f4f5d0af56",
          "attrs" : {
            "category" : "Fields",
            "id" : "2c436e34-c7a7-4cbb-332d-11e645618196",
            "states" : {
              "readOnly" : true,
              "required" : true
            },
            "type" : "TextInput"
          },
          "childNodes" : [ ],
          "typeAttributes" : {
            "dataSource" : "Name",
            "height" : "100px",
            "inputWidthCSSClass" : "sng-fit-input",
            "title" : {
              "text" : "Name"
            }
          }
        }, {
          "_associatedScreenId" : "84311e6e-02b4-4ece-3f72-75f4f5d0af56",
          "attrs" : {
            "category" : "Fields",
            "id" : "87b100bd-8c12-4166-3e86-a0761a1f7398",
            "states" : {
              "readOnly" : true,
              "required" : true
            },
            "type" : "DropdownList"
          },
          "childNodes" : [ ],
          "typeAttributes" : {
            "dataSource" : "Shareholder_Type",
            "defaultSelection" : null,
            "inputWidthCSSClass" : "sng-fit-input",
            "title" : {
              "text" : "Shareholder Type"
            }
          }
        }, {
          "_associatedScreenId" : "84311e6e-02b4-4ece-3f72-75f4f5d0af56",
          "attributes" : {
            "global" : {
              "state" : {
                "conditions" : {
                  "hidden" : {
                    "id" : "34d18f4a-753f-3221-80d8-1f4468939f66",
                    "objectState" : "ENTERED"
                  },
                  "required" : {
                    "id" : "2274c996-df83-5c75-9fb0-2bee513b8d48",
                    "objectState" : "ENTERED"
                  }
                },
                "hidden" : false,
                "required" : false
              }
            }
          },
          "attrs" : {
            "category" : "Fields",
            "id" : "69ba3f5d-1769-4d06-325a-88c92f98a771",
            "states" : {
              "readOnly" : true,
              "required" : true
            },
            "type" : "TextInput"
          },
          "childNodes" : [ ],
          "typeAttributes" : {
            "dataSource" : "Cnt_Inc",
            "height" : "100px",
            "inputWidthCSSClass" : "sng-fit-input",
            "title" : {
              "text" : "Cnt Inc"
            }
          }
        }, {
          "_associatedScreenId" : "84311e6e-02b4-4ece-3f72-75f4f5d0af56",
          "attrs" : {
            "category" : "Fields",
            "id" : "400f440c-8ed9-40ae-3a40-9261f7e3cc67",
            "states" : {
              "readOnly" : true,
              "required" : true
            },
            "type" : "TextInput"
          },
          "childNodes" : [ ],
          "typeAttributes" : {
            "dataSource" : "Percent",
            "height" : "100px",
            "inputWidthCSSClass" : "sng-fit-input",
            "title" : {
              "text" : "Percent"
            }
          }
        }, {
          "_associatedScreenId" : "84311e6e-02b4-4ece-3f72-75f4f5d0af56",
          "attributes" : {
            "global" : {
              "state" : {
                "conditions" : {
                  "hidden" : {
                    "id" : "2274c996-df83-5c75-9fb0-2bee513b8d48",
                    "objectState" : "ENTERED"
                  }
                },
                "hidden" : false,
                "required" : false
              }
            }
          },
          "attrs" : {
            "category" : "Fields",
            "id" : "6c37bb24-0901-4525-3863-9dcb750a800b",
            "states" : {
              "readOnly" : true,
              "required" : true
            },
            "type" : "DateTime"
          },
          "childNodes" : [ ],
          "typeAttributes" : {
            "dataSource" : "Date_of_Birth",
            "dateFormat" : "LOCALE",
            "showTime" : true,
            "title" : {
              "text" : "Date Of Birth"
            }
          }
        } ],
        "events" : { },
        "id" : "84311e6e-02b4-4ece-3f72-75f4f5d0af56",
        "name" : ""
      } ],
      "title" : ""
    },
    "templateType" : "page",
    "uuid" : "805f03e9-b08f-4e69-bc9e-4114c0f546db"
  } ],
  "handlerName" : "datahub"
}