{
  "schemaVersion" : "10.7.0",
  "templates" : [ {
    "clientApplication" : "desktop",
    "documentType" : "BoardMember_Details",
    "metadata" : {
      "dataSources" : [ {
        "fields" : [ "Name", "Res_Address_Country", "ID_No", "Title", "Date_of_Birth", "PEP" ],
        "objectName" : "BoardMember_Details"
      } ],
      "insightsEnabled" : false,
      "workspaceEnabled" : false
    },
    "name" : "Board Member Details",
    "template" : {
      "screens" : [ {
        "childNodes" : [ {
          "_associatedScreenId" : "392a693c-2175-47dc-3e49-d02459064d87",
          "attrs" : {
            "category" : "Fields",
            "id" : "6ac735a6-1eda-41f2-3e81-e48b9b8f9ef5",
            "states" : {
              "readOnly" : true,
              "required" : true
            },
            "type" : "TextInput"
          },
          "childNodes" : [ ],
          "typeAttributes" : {
            "dataSource" : "Name",
            "height" : "100px",
            "inputWidthCSSClass" : "sng-large-input",
            "title" : {
              "text" : "Name"
            }
          }
        }, {
          "_associatedScreenId" : "392a693c-2175-47dc-3e49-d02459064d87",
          "attrs" : {
            "category" : "Fields",
            "id" : "0862feca-dd3b-4e4e-3109-034071f0b0b0",
            "states" : {
              "readOnly" : true,
              "required" : true
            },
            "type" : "DropdownList"
          },
          "childNodes" : [ ],
          "typeAttributes" : {
            "dataSource" : "Res_Address_Country",
            "defaultSelection" : null,
            "inputWidthCSSClass" : "sng-large-input",
            "title" : {
              "text" : "Country Of Permanent Residence"
            }
          }
        }, {
          "_associatedScreenId" : "392a693c-2175-47dc-3e49-d02459064d87",
          "attrs" : {
            "category" : "Fields",
            "id" : "90e71056-afb6-4102-37cf-6d403f87a8c6",
            "states" : {
              "readOnly" : true,
              "required" : true
            },
            "type" : "TextInput"
          },
          "childNodes" : [ ],
          "typeAttributes" : {
            "dataSource" : "ID_No",
            "height" : "100px",
            "inputWidthCSSClass" : "sng-large-input",
            "title" : {
              "text" : "ID No"
            }
          }
        }, {
          "_associatedScreenId" : "392a693c-2175-47dc-3e49-d02459064d87",
          "attrs" : {
            "category" : "Fields",
            "id" : "c68bb5c2-e564-484a-3fd5-d6021d831783",
            "states" : {
              "readOnly" : true,
              "required" : true
            },
            "type" : "TextInput"
          },
          "childNodes" : [ ],
          "typeAttributes" : {
            "dataSource" : "Title",
            "height" : "100px",
            "inputWidthCSSClass" : "sng-large-input",
            "title" : {
              "text" : "Title"
            }
          }
        }, {
          "_associatedScreenId" : "392a693c-2175-47dc-3e49-d02459064d87",
          "attrs" : {
            "category" : "Fields",
            "id" : "55ea75c7-4d20-43dc-36b7-3a97325801bb",
            "states" : {
              "readOnly" : true,
              "required" : true
            },
            "type" : "DateTime"
          },
          "childNodes" : [ ],
          "typeAttributes" : {
            "dataSource" : "Date_of_Birth",
            "dateFormat" : "LOCALE",
            "showTime" : false,
            "title" : {
              "text" : "Date Of Birth"
            }
          }
        }, {
          "_associatedScreenId" : "392a693c-2175-47dc-3e49-d02459064d87",
          "attrs" : {
            "category" : "Fields",
            "id" : "3137af0c-f1f0-4525-342e-7b23ad1c99e8",
            "states" : {
              "readOnly" : true,
              "required" : true
            },
            "type" : "DropdownList"
          },
          "childNodes" : [ ],
          "typeAttributes" : {
            "dataSource" : "PEP",
            "defaultSelection" : null,
            "inputWidthCSSClass" : "sng-large-input",
            "title" : {
              "text" : "PEP"
            }
          }
        } ],
        "events" : { },
        "id" : "392a693c-2175-47dc-3e49-d02459064d87",
        "name" : ""
      } ],
      "title" : ""
    },
    "templateType" : "page",
    "uuid" : "e0f1efbd-99fb-4e64-bdd3-b7115245a1a3"
  } ],
  "handlerName" : "datahub"
}