{
  "schemaVersion" : "10.7.0",
  "templates" : [ {
    "clientApplication" : "desktop",
    "documentType" : "case",
    "metadata" : {
      "dataSources" : [ {
        "fields" : [ "case_id", "case_description", "case_admin", "case_investigator", "case_reviewer", "case_approver", "case_type", "case_status", "case_action", "case_start_date", "case_close_date", "attempted_fraud_amount", "fraud_amount_recovered", "successful_fraud_amount" ],
        "objectName" : "case"
      } ],
      "insightsEnabled" : true,
      "workspaceEnabled" : true
    },
    "name" : "case-detail-default",
    "template" : {
      "screens" : [ {
        "childNodes" : [ {
          "_associatedScreenId" : "b7486d73-4486-4dba-3ca8-293c690820b7",
          "attrs" : {
            "category" : "Fields",
            "id" : "bdfbe5a9-b828-4b13-3893-d213fd791724",
            "states" : {
              "readOnly" : true,
              "required" : true
            },
            "type" : "TextInput"
          },
          "childNodes" : [ ],
          "typeAttributes" : {
            "dataSource" : "case_id",
            "height" : "100px",
            "inputWidthCSSClass" : "sng-fit-input",
            "title" : {
              "text" : "case ID"
            }
          }
        }, {
          "_associatedScreenId" : "b7486d73-4486-4dba-3ca8-293c690820b7",
          "attrs" : {
            "category" : "Panels",
            "id" : "60fcb875-5954-4708-3ca6-8d06b83c42cc",
            "states" : {
              "readOnly" : true
            },
            "type" : "GroupBox"
          },
          "childNodes" : [ {
            "_associatedScreenId" : "b7486d73-4486-4dba-3ca8-293c690820b7",
            "attrs" : {
              "category" : "Fields",
              "id" : "002f8f83-bde2-4af1-3ea4-b070e0c2295a",
              "states" : {
                "readOnly" : true,
                "required" : true
              },
              "type" : "TextInput"
            },
            "childNodes" : [ ],
            "typeAttributes" : {
              "dataSource" : "case_description",
              "height" : "100px",
              "inputWidthCSSClass" : "sng-fit-input",
              "multiLine" : true,
              "title" : {
                "text" : "Case description"
              }
            }
          }, {
            "_associatedScreenId" : "b7486d73-4486-4dba-3ca8-293c690820b7",
            "attrs" : {
              "category" : "Panels",
              "id" : "3cb4cfc9-bdd4-476d-3115-55bc344cdb6c",
              "states" : {
                "readOnly" : true
              },
              "type" : "ColumnGroup-Two"
            },
            "childNodes" : [ {
              "_associatedScreenId" : "b7486d73-4486-4dba-3ca8-293c690820b7",
              "attrs" : {
                "category" : "Container",
                "id" : "e86c13f2-5202-497c-3eb9-fb01d94ce0ef",
                "type" : "ColumnContainer"
              },
              "childNodes" : [ {
                "_associatedScreenId" : "b7486d73-4486-4dba-3ca8-293c690820b7",
                "attrs" : {
                  "category" : "Panels",
                  "id" : "30f95c3b-f091-4394-3d75-b387dfd7c953",
                  "states" : {
                    "readOnly" : true
                  },
                  "type" : "ColumnGroup-Two"
                },
                "childNodes" : [ {
                  "_associatedScreenId" : "b7486d73-4486-4dba-3ca8-293c690820b7",
                  "attrs" : {
                    "category" : "Container",
                    "id" : "1d7e67f6-2aed-458b-3b06-d432091c1f5f",
                    "type" : "ColumnContainer"
                  },
                  "childNodes" : [ {
                    "_associatedScreenId" : "b7486d73-4486-4dba-3ca8-293c690820b7",
                    "attrs" : {
                      "category" : "Fields",
                      "id" : "77a997f3-8d51-4a74-35a8-92b3d6688c9b",
                      "states" : {
                        "readOnly" : true,
                        "required" : true
                      },
                      "type" : "UserGroupChooser"
                    },
                    "childNodes" : [ ],
                    "typeAttributes" : {
                      "dataSource" : "case_admin",
                      "inputWidthCSSClass" : "sng-fit-input",
                      "title" : {
                        "text" : "Case Admin"
                      }
                    }
                  } ],
                  "typeAttributes" : {
                    "mdColSpan" : "6"
                  }
                }, {
                  "_associatedScreenId" : "b7486d73-4486-4dba-3ca8-293c690820b7",
                  "attrs" : {
                    "category" : "Container",
                    "id" : "3e5783c0-0e64-4fb9-339f-90140f011f27",
                    "type" : "ColumnContainer"
                  },
                  "childNodes" : [ {
                    "_associatedScreenId" : "b7486d73-4486-4dba-3ca8-293c690820b7",
                    "attrs" : {
                      "category" : "Fields",
                      "id" : "9ede490b-f21d-4399-39e3-a2af0e6e2b0a",
                      "states" : {
                        "readOnly" : true,
                        "required" : true
                      },
                      "type" : "UserGroupChooser"
                    },
                    "childNodes" : [ ],
                    "typeAttributes" : {
                      "dataSource" : "case_investigator",
                      "inputWidthCSSClass" : "sng-fit-input",
                      "title" : {
                        "text" : "Case Investigator"
                      }
                    }
                  } ],
                  "typeAttributes" : {
                    "mdColSpan" : "6"
                  }
                } ],
                "typeAttributes" : {
                  "title" : {
                    "text" : "2-Column"
                  }
                }
              } ],
              "typeAttributes" : {
                "mdColSpan" : "6"
              }
            }, {
              "_associatedScreenId" : "b7486d73-4486-4dba-3ca8-293c690820b7",
              "attrs" : {
                "category" : "Container",
                "id" : "52d40f54-884c-4c09-302d-384494aab8de",
                "type" : "ColumnContainer"
              },
              "childNodes" : [ {
                "_associatedScreenId" : "b7486d73-4486-4dba-3ca8-293c690820b7",
                "attrs" : {
                  "category" : "Panels",
                  "id" : "38f08282-2021-4921-38cb-d496a83caf4e",
                  "states" : {
                    "readOnly" : true
                  },
                  "type" : "ColumnGroup-Two"
                },
                "childNodes" : [ {
                  "_associatedScreenId" : "b7486d73-4486-4dba-3ca8-293c690820b7",
                  "attrs" : {
                    "category" : "Container",
                    "id" : "293cca68-77b9-4722-3d30-b8e3750b517f",
                    "type" : "ColumnContainer"
                  },
                  "childNodes" : [ {
                    "_associatedScreenId" : "b7486d73-4486-4dba-3ca8-293c690820b7",
                    "attrs" : {
                      "category" : "Fields",
                      "id" : "e3624f35-4d2f-48bc-3a69-cba632942216",
                      "states" : {
                        "readOnly" : true,
                        "required" : true
                      },
                      "type" : "UserGroupChooser"
                    },
                    "childNodes" : [ ],
                    "typeAttributes" : {
                      "dataSource" : "case_reviewer",
                      "inputWidthCSSClass" : "sng-fit-input",
                      "title" : {
                        "text" : "Case Reviewer"
                      }
                    }
                  } ],
                  "typeAttributes" : {
                    "mdColSpan" : "6"
                  }
                }, {
                  "_associatedScreenId" : "b7486d73-4486-4dba-3ca8-293c690820b7",
                  "attrs" : {
                    "category" : "Container",
                    "id" : "a336f647-2230-43d7-3b34-caafaf25b7b7",
                    "type" : "ColumnContainer"
                  },
                  "childNodes" : [ {
                    "_associatedScreenId" : "b7486d73-4486-4dba-3ca8-293c690820b7",
                    "attrs" : {
                      "category" : "Fields",
                      "id" : "b56ecd81-31e8-431f-3e03-91959e1f5707",
                      "states" : {
                        "readOnly" : true,
                        "required" : true
                      },
                      "type" : "UserGroupChooser"
                    },
                    "childNodes" : [ ],
                    "typeAttributes" : {
                      "dataSource" : "case_approver",
                      "inputWidthCSSClass" : "sng-fit-input",
                      "title" : {
                        "text" : "Case Approver"
                      }
                    }
                  } ],
                  "typeAttributes" : {
                    "mdColSpan" : "6"
                  }
                } ],
                "typeAttributes" : {
                  "title" : {
                    "text" : "2-Column"
                  }
                }
              } ],
              "typeAttributes" : {
                "mdColSpan" : "6"
              }
            } ],
            "typeAttributes" : {
              "title" : {
                "text" : "2-Column"
              }
            }
          }, {
            "_associatedScreenId" : "b7486d73-4486-4dba-3ca8-293c690820b7",
            "attrs" : {
              "category" : "Panels",
              "id" : "ecba203b-4f14-4069-3fbb-2e60d8f0d007",
              "states" : {
                "readOnly" : true
              },
              "type" : "ColumnGroup"
            },
            "childNodes" : [ {
              "_associatedScreenId" : "b7486d73-4486-4dba-3ca8-293c690820b7",
              "attrs" : {
                "category" : "Container",
                "id" : "b97c32ad-a5c4-4e01-3c11-2111d2efb6c0",
                "type" : "ColumnContainer"
              },
              "childNodes" : [ {
                "_associatedScreenId" : "b7486d73-4486-4dba-3ca8-293c690820b7",
                "attrs" : {
                  "category" : "Fields",
                  "id" : "339c13a2-beb2-4b94-375c-82b889a9d2d6",
                  "states" : {
                    "readOnly" : true,
                    "required" : true
                  },
                  "type" : "DropdownList"
                },
                "childNodes" : [ ],
                "typeAttributes" : {
                  "dataSource" : "case_type",
                  "defaultSelection" : null,
                  "inputWidthCSSClass" : "sng-fit-input",
                  "title" : {
                    "text" : "Case Type"
                  }
                }
              } ],
              "typeAttributes" : {
                "mdColSpan" : "4"
              }
            }, {
              "_associatedScreenId" : "b7486d73-4486-4dba-3ca8-293c690820b7",
              "attrs" : {
                "category" : "Container",
                "id" : "677e971e-3125-4bf0-3905-3391834cc504",
                "type" : "ColumnContainer"
              },
              "childNodes" : [ {
                "_associatedScreenId" : "b7486d73-4486-4dba-3ca8-293c690820b7",
                "attrs" : {
                  "category" : "Fields",
                  "id" : "df7170b2-ac72-4b07-319d-d727b1e6de51",
                  "states" : {
                    "readOnly" : true,
                    "required" : true
                  },
                  "type" : "DropdownList"
                },
                "childNodes" : [ ],
                "typeAttributes" : {
                  "dataSource" : "case_status",
                  "defaultSelection" : null,
                  "inputWidthCSSClass" : "sng-fit-input",
                  "title" : {
                    "text" : "Case Status"
                  }
                }
              } ],
              "typeAttributes" : {
                "mdColSpan" : "4"
              }
            }, {
              "_associatedScreenId" : "b7486d73-4486-4dba-3ca8-293c690820b7",
              "attrs" : {
                "category" : "Container",
                "id" : "dfd46c80-9364-4ff6-3155-615511e44523",
                "type" : "ColumnContainer"
              },
              "childNodes" : [ {
                "_associatedScreenId" : "b7486d73-4486-4dba-3ca8-293c690820b7",
                "attrs" : {
                  "category" : "Fields",
                  "id" : "437ec9f6-c15b-4428-3d11-6748219a79a9",
                  "states" : {
                    "readOnly" : true,
                    "required" : true
                  },
                  "type" : "DropdownList"
                },
                "childNodes" : [ ],
                "typeAttributes" : {
                  "dataSource" : "case_action",
                  "defaultSelection" : null,
                  "inputWidthCSSClass" : "sng-fit-input",
                  "title" : {
                    "text" : "Case Action"
                  }
                }
              } ],
              "typeAttributes" : {
                "mdColSpan" : "4"
              }
            } ],
            "typeAttributes" : {
              "title" : {
                "text" : "3-Column"
              }
            }
          } ],
          "typeAttributes" : {
            "title" : {
              "text" : "Case information"
            }
          }
        }, {
          "_associatedScreenId" : "b7486d73-4486-4dba-3ca8-293c690820b7",
          "attrs" : {
            "category" : "Panels",
            "id" : "d64b75fa-94af-4136-35a4-ece785d51d76",
            "states" : {
              "readOnly" : true
            },
            "type" : "ColumnGroup-Two"
          },
          "childNodes" : [ {
            "_associatedScreenId" : "b7486d73-4486-4dba-3ca8-293c690820b7",
            "attrs" : {
              "category" : "Container",
              "id" : "9bdcc717-0859-44d6-3ef9-e09121f56871",
              "type" : "ColumnContainer"
            },
            "childNodes" : [ {
              "_associatedScreenId" : "b7486d73-4486-4dba-3ca8-293c690820b7",
              "attrs" : {
                "category" : "Panels",
                "id" : "eb6178d7-c058-417f-3ea6-a307d71b177d",
                "states" : {
                  "readOnly" : true
                },
                "type" : "GroupBox"
              },
              "childNodes" : [ {
                "_associatedScreenId" : "b7486d73-4486-4dba-3ca8-293c690820b7",
                "attrs" : {
                  "category" : "Fields",
                  "id" : "a4eda898-a6ec-4ec7-39ae-acee309b7fc4",
                  "states" : {
                    "readOnly" : true,
                    "required" : true
                  },
                  "type" : "DateTime"
                },
                "childNodes" : [ ],
                "typeAttributes" : {
                  "dataSource" : "case_start_date",
                  "dateFormat" : "LOCALE",
                  "showTime" : false,
                  "title" : {
                    "text" : "Case Start Date"
                  }
                }
              }, {
                "_associatedScreenId" : "b7486d73-4486-4dba-3ca8-293c690820b7",
                "attrs" : {
                  "category" : "Fields",
                  "id" : "26149fa8-7006-458d-3148-d57ebfba77fc",
                  "states" : {
                    "readOnly" : true,
                    "required" : true
                  },
                  "type" : "DateTime"
                },
                "childNodes" : [ ],
                "typeAttributes" : {
                  "dataSource" : "case_close_date",
                  "dateFormat" : "LOCALE",
                  "showTime" : false,
                  "title" : {
                    "text" : "Case Close Date"
                  }
                }
              } ],
              "typeAttributes" : {
                "title" : {
                  "text" : "Dates"
                }
              }
            } ],
            "typeAttributes" : {
              "mdColSpan" : "6"
            }
          }, {
            "_associatedScreenId" : "b7486d73-4486-4dba-3ca8-293c690820b7",
            "attrs" : {
              "category" : "Container",
              "id" : "98f51f6e-10cf-43b3-3009-c1b1a4e95c90",
              "type" : "ColumnContainer"
            },
            "childNodes" : [ {
              "_associatedScreenId" : "b7486d73-4486-4dba-3ca8-293c690820b7",
              "attrs" : {
                "category" : "Panels",
                "id" : "1b808343-14e9-4cde-31fe-71d6f8919c30",
                "states" : {
                  "readOnly" : true
                },
                "type" : "GroupBox"
              },
              "childNodes" : [ {
                "_associatedScreenId" : "b7486d73-4486-4dba-3ca8-293c690820b7",
                "attrs" : {
                  "category" : "Fields",
                  "id" : "4cdea8b0-6739-492d-31a0-2a1909aff641",
                  "states" : {
                    "readOnly" : true,
                    "required" : true
                  },
                  "type" : "NumberInput"
                },
                "childNodes" : [ ],
                "typeAttributes" : {
                  "alignment" : "TRAILING",
                  "dataSource" : "attempted_fraud_amount",
                  "fractional" : true,
                  "inputWidthCSSClass" : "sng-fit-input",
                  "places" : -1,
                  "title" : {
                    "text" : "Attempted Fraud Amount"
                  }
                }
              }, {
                "_associatedScreenId" : "b7486d73-4486-4dba-3ca8-293c690820b7",
                "attrs" : {
                  "category" : "Fields",
                  "id" : "8fe70de6-8b6e-493c-3818-9e8265490a82",
                  "states" : {
                    "readOnly" : true,
                    "required" : true
                  },
                  "type" : "NumberInput"
                },
                "childNodes" : [ ],
                "typeAttributes" : {
                  "alignment" : "TRAILING",
                  "dataSource" : "fraud_amount_recovered",
                  "fractional" : true,
                  "inputWidthCSSClass" : "sng-fit-input",
                  "places" : -1,
                  "title" : {
                    "text" : "Fraud Amount Recovered"
                  }
                }
              }, {
                "_associatedScreenId" : "b7486d73-4486-4dba-3ca8-293c690820b7",
                "attrs" : {
                  "category" : "Fields",
                  "id" : "f1d5d804-c979-463b-3d75-340749bf39af",
                  "states" : {
                    "readOnly" : true,
                    "required" : true
                  },
                  "type" : "NumberInput"
                },
                "childNodes" : [ ],
                "typeAttributes" : {
                  "alignment" : "TRAILING",
                  "dataSource" : "successful_fraud_amount",
                  "fractional" : true,
                  "inputWidthCSSClass" : "sng-fit-input",
                  "places" : -1,
                  "title" : {
                    "text" : "Successful Fraud Amount"
                  }
                }
              } ],
              "typeAttributes" : {
                "title" : {
                  "text" : "Fraud information"
                }
              }
            } ],
            "typeAttributes" : {
              "mdColSpan" : "6"
            }
          } ],
          "typeAttributes" : {
            "title" : {
              "text" : "2-Column"
            }
          }
        } ],
        "events" : { },
        "id" : "b7486d73-4486-4dba-3ca8-293c690820b7",
        "name" : "Case details"
      }, {
        "childNodes" : [ {
          "_associatedScreenId" : "4e688134-5c23-45fd-32c6-4b17cc6df782",
          "attrs" : {
            "category" : "Fields",
            "id" : "63233f1e-bee5-4481-3a8a-8441f4fb913f",
            "states" : {
              "readOnly" : false,
              "required" : false
            },
            "type" : "LinkedRecordSummary"
          },
          "childNodes" : [ ],
          "typeAttributes" : {
            "resultEntities" : {
              "account_new" : {
                "columns" : [ "acc_open_date", "acc_status", "acc_type", "account_name", "account_number" ],
                "label" : "Account",
                "sort" : {
                  "dir" : "asc"
                },
                "titleText" : "Account"
              },
              "case" : {
                "columns" : [ "attempted_fraud_amount", "case_action", "case_admin", "case_approver", "case_close_date", "case_investigator", "case_reviewer", "case_status", "case_type" ],
                "label" : "Case",
                "sort" : {
                  "dir" : "asc"
                },
                "titleText" : "Case"
              },
              "cus_address" : {
                "columns" : [ "address_line_1", "address_line_2", "country_code", "state_code", "zip" ],
                "label" : "Address",
                "sort" : {
                  "dir" : "asc"
                },
                "titleText" : "Address"
              },
              "cus_phone" : {
                "columns" : [ "phone_id", "phone_type" ],
                "label" : "Phone",
                "sort" : {
                  "dir" : "asc"
                },
                "titleText" : "Phone"
              },
              "customer" : {
                "columns" : [ "cus_type", "is_minor", "name", "pep", "segment" ],
                "label" : "Customer",
                "sort" : {
                  "dir" : "asc"
                },
                "titleText" : "Customer"
              },
              "findings" : {
                "columns" : [ "created_by_user_id", "last_updated_by_user_id", "last_updated_at_dttm", "status" ],
                "label" : "Findings",
                "sort" : {
                  "dir" : "asc"
                },
                "titleText" : "Findings"
              },
              "transaction" : {
                "columns" : [ "channel", "tran_amount", "tran_date", "tran_type" ],
                "label" : "Transaction",
                "sort" : {
                  "dir" : "asc"
                },
                "titleText" : "Transaction"
              }
            },
            "showObjectSummaryPages" : true,
            "showRelationshipSummaries" : true,
            "title" : {
              "text" : "Related Objects"
            },
            "traversals" : [ "a386e1d6-aa49-47eb-9ca1-fdb3323da587", "15c08891-5165-4c69-8829-72045266222d", "08faecfb-20e7-42f7-b7d8-efee0adf91da", "5b5b90a9-0e0c-45c7-ada5-d54f066e97cb", "91e1cccf-33e3-4297-8cf3-300810ac4374", "82ab887f-7b00-4720-b3fa-8adcdc18f91f", "f0ccbfe8-63bc-41bb-9567-b4bd60502480" ]
          }
        } ],
        "events" : { },
        "id" : "4e688134-5c23-45fd-32c6-4b17cc6df782",
        "name" : "Related entities"
      } ],
      "showTabs" : true,
      "title" : ""
    },
    "templateType" : "page",
    "uuid" : "e6932cbf-906e-4850-9f13-ed21a31ead73"
  } ],
  "handlerName" : "datahub"
}