{
  "schemaVersion" : "10.7.0",
  "templates" : [ {
    "clientApplication" : "desktop",
    "documentType" : "case",
    "metadata" : {
      "dataSources" : [ {
        "fields" : [ "case_id", "case_start_date", "case_type", "case_status", "case_action", "attempted_fraud_amount" ],
        "objectName" : "case"
      } ],
      "insightsEnabled" : false,
      "workspaceEnabled" : false
    },
    "name" : "case-object-inspector-pane",
    "template" : {
      "screens" : [ {
        "childNodes" : [ {
          "_associatedScreenId" : "7f816866-be3c-4583-3000-38bc8e720a99",
          "attrs" : {
            "category" : "Panels",
            "id" : "0c2ab75b-f23e-44b0-37b3-23e5144cac70",
            "states" : {
              "readOnly" : true
            },
            "type" : "GroupBox"
          },
          "childNodes" : [ {
            "_associatedScreenId" : "7f816866-be3c-4583-3000-38bc8e720a99",
            "attrs" : {
              "category" : "Fields",
              "id" : "4aaef89d-1d12-4fdf-345f-fc68befacee7",
              "states" : {
                "readOnly" : true,
                "required" : true
              },
              "type" : "TextInput"
            },
            "childNodes" : [ ],
            "typeAttributes" : {
              "dataSource" : "case_id",
              "height" : "100px",
              "inputWidthCSSClass" : "sng-fit-input",
              "title" : {
                "text" : "case ID"
              }
            }
          }, {
            "_associatedScreenId" : "7f816866-be3c-4583-3000-38bc8e720a99",
            "attrs" : {
              "category" : "Fields",
              "id" : "11789b10-7ca7-4f68-3206-47c3f263f475",
              "states" : {
                "readOnly" : true,
                "required" : true
              },
              "type" : "DateTime"
            },
            "childNodes" : [ ],
            "typeAttributes" : {
              "dataSource" : "case_start_date",
              "dateFormat" : "LOCALE",
              "showTime" : false,
              "title" : {
                "text" : "Case Start Date"
              }
            }
          }, {
            "_associatedScreenId" : "7f816866-be3c-4583-3000-38bc8e720a99",
            "attrs" : {
              "category" : "Fields",
              "id" : "a0d63317-e4b4-42a6-320e-9f8eb092df4f",
              "states" : {
                "readOnly" : true,
                "required" : true
              },
              "type" : "DropdownList"
            },
            "childNodes" : [ ],
            "typeAttributes" : {
              "dataSource" : "case_type",
              "defaultSelection" : null,
              "inputWidthCSSClass" : "sng-fit-input",
              "title" : {
                "text" : "Case Type"
              }
            }
          }, {
            "_associatedScreenId" : "7f816866-be3c-4583-3000-38bc8e720a99",
            "attrs" : {
              "category" : "Fields",
              "id" : "a5484829-46cd-4dc7-37f4-5092eec81d0f",
              "states" : {
                "readOnly" : true,
                "required" : true
              },
              "type" : "DropdownList"
            },
            "childNodes" : [ ],
            "typeAttributes" : {
              "dataSource" : "case_status",
              "defaultSelection" : null,
              "inputWidthCSSClass" : "sng-fit-input",
              "title" : {
                "text" : "Case Status"
              }
            }
          }, {
            "_associatedScreenId" : "7f816866-be3c-4583-3000-38bc8e720a99",
            "attrs" : {
              "category" : "Fields",
              "id" : "b9a5858d-9522-4fe4-30aa-e57de9b89573",
              "states" : {
                "readOnly" : true,
                "required" : true
              },
              "type" : "DropdownList"
            },
            "childNodes" : [ ],
            "typeAttributes" : {
              "dataSource" : "case_action",
              "defaultSelection" : null,
              "inputWidthCSSClass" : "sng-fit-input",
              "title" : {
                "text" : "Case Action"
              }
            }
          }, {
            "_associatedScreenId" : "7f816866-be3c-4583-3000-38bc8e720a99",
            "attrs" : {
              "category" : "Fields",
              "id" : "2c7903fc-e6c5-4d08-361f-6d3278a7aeb1",
              "states" : {
                "readOnly" : true,
                "required" : true
              },
              "type" : "NumberInput"
            },
            "childNodes" : [ ],
            "typeAttributes" : {
              "alignment" : "TRAILING",
              "dataSource" : "attempted_fraud_amount",
              "fractional" : true,
              "inputWidthCSSClass" : "sng-fit-input",
              "places" : -1,
              "title" : {
                "text" : "Attempted Fraud Amount"
              }
            }
          } ],
          "typeAttributes" : {
            "title" : {
              "text" : "Case object inspector"
            }
          }
        } ],
        "events" : { },
        "id" : "7f816866-be3c-4583-3000-38bc8e720a99",
        "name" : "Case object inspector"
      } ],
      "showTabs" : false,
      "title" : ""
    },
    "templateType" : "page",
    "uuid" : "7f7dfa90-97de-4e8f-950d-c8b1050fdfd9"
  } ],
  "handlerName" : "datahub"
}