{
  "schemaVersion" : "10.7.0",
  "templates" : [ {
    "clientApplication" : "desktop",
    "documentType" : "case",
    "metadata" : {
      "dataSources" : [ {
        "fields" : [ "case_investigator", "case_reviewer", "case_approver", "case_admin" ],
        "objectName" : "case"
      } ],
      "insightsEnabled" : false,
      "workspaceEnabled" : false
    },
    "name" : "case-create-page",
    "template" : {
      "screens" : [ {
        "childNodes" : [ {
          "_associatedScreenId" : "439372fe-25fe-4c57-3184-ef02971debe2",
          "attrs" : {
            "category" : "Fields",
            "id" : "f5e15ffd-d01a-4cd6-3796-f6052d6b9463",
            "states" : {
              "readOnly" : true,
              "required" : true
            },
            "type" : "UserGroupChooser"
          },
          "childNodes" : [ ],
          "typeAttributes" : {
            "dataSource" : "case_investigator",
            "inputWidthCSSClass" : "sng-fit-input",
            "title" : {
              "text" : "Case Investigator"
            }
          }
        }, {
          "_associatedScreenId" : "439372fe-25fe-4c57-3184-ef02971debe2",
          "attrs" : {
            "category" : "Fields",
            "id" : "fe2ce4f3-7f71-4c20-3268-cd8d6e6dff97",
            "states" : {
              "readOnly" : true,
              "required" : true
            },
            "type" : "UserGroupChooser"
          },
          "childNodes" : [ ],
          "typeAttributes" : {
            "dataSource" : "case_reviewer",
            "inputWidthCSSClass" : "sng-fit-input",
            "title" : {
              "text" : "Case Reviewer"
            }
          }
        }, {
          "_associatedScreenId" : "439372fe-25fe-4c57-3184-ef02971debe2",
          "attrs" : {
            "category" : "Fields",
            "id" : "658be65b-b4d0-4242-38c5-da4cd3e6b44e",
            "states" : {
              "readOnly" : true,
              "required" : true
            },
            "type" : "UserGroupChooser"
          },
          "childNodes" : [ ],
          "typeAttributes" : {
            "dataSource" : "case_approver",
            "inputWidthCSSClass" : "sng-fit-input",
            "title" : {
              "text" : "Case Approver"
            }
          }
        }, {
          "_associatedScreenId" : "439372fe-25fe-4c57-3184-ef02971debe2",
          "attrs" : {
            "category" : "Fields",
            "id" : "cb281461-2d35-4027-3494-e06be1c6d7ea",
            "states" : {
              "readOnly" : true,
              "required" : true
            },
            "type" : "UserGroupChooser"
          },
          "childNodes" : [ ],
          "typeAttributes" : {
            "dataSource" : "case_admin",
            "inputWidthCSSClass" : "sng-fit-input",
            "title" : {
              "text" : "Case Admin"
            }
          }
        } ],
        "events" : { },
        "id" : "439372fe-25fe-4c57-3184-ef02971debe2",
        "name" : ""
      } ],
      "title" : ""
    },
    "templateType" : "page",
    "uuid" : "f8a3551f-e02c-4684-a635-1eb59a68a6fd"
  } ],
  "handlerName" : "datahub"
}