{
  "schemaVersion" : "10.7.0",
  "templates" : [ {
    "clientApplication" : "desktop",
    "documentType" : "case",
    "metadata" : {
      "dataSources" : [ {
        "fields" : [ "case_close_date" ],
        "objectName" : "case"
      } ],
      "insightsEnabled" : false,
      "workspaceEnabled" : false
    },
    "name" : "case-closure-date",
    "template" : {
      "screens" : [ {
        "childNodes" : [ {
          "_associatedScreenId" : "015620fa-0846-48b3-3e7b-d59be7eb70c8",
          "attrs" : {
            "category" : "Fields",
            "id" : "05f5a4a4-540a-4e18-3bb5-c04000955699",
            "states" : {
              "readOnly" : true,
              "required" : true
            },
            "type" : "DateTime"
          },
          "childNodes" : [ ],
          "typeAttributes" : {
            "dataSource" : "case_close_date",
            "dateFormat" : "LOCALE",
            "showTime" : false,
            "title" : {
              "text" : "Case Close Date"
            }
          }
        } ],
        "events" : { },
        "id" : "015620fa-0846-48b3-3e7b-d59be7eb70c8",
        "name" : ""
      } ],
      "title" : ""
    },
    "templateType" : "page",
    "uuid" : "344d1680-64fc-4279-ab3b-58a93e3508c3"
  } ],
  "handlerName" : "datahub"
}