{
  "schemaVersion" : "10.7.0",
  "templates" : [ {
    "clientApplication" : "desktop",
    "documentType" : "case",
    "metadata" : {
      "dataSources" : [ {
        "fields" : [ "case_id", "case_start_date", "case_type", "case_status", "case_action", "attempted_fraud_amount", "case_admin", "case_investigator", "case_reviewer", "case_approver" ],
        "objectName" : "case"
      } ],
      "insightsEnabled" : false,
      "workspaceEnabled" : false
    },
    "name" : "case-summary-pane",
    "template" : {
      "screens" : [ {
        "childNodes" : [ {
          "_associatedScreenId" : "e34d68a2-f129-440e-3ce2-5db57100638e",
          "attrs" : {
            "category" : "Panels",
            "id" : "6d98dc6b-f9bd-4940-31f5-05b9dd2fcf70",
            "states" : {
              "readOnly" : true
            },
            "type" : "GroupBox"
          },
          "childNodes" : [ {
            "_associatedScreenId" : "e34d68a2-f129-440e-3ce2-5db57100638e",
            "attrs" : {
              "category" : "Fields",
              "id" : "be601b50-4ee1-4de1-3393-28258ce012c3",
              "states" : {
                "readOnly" : true,
                "required" : true
              },
              "type" : "TextInput"
            },
            "childNodes" : [ ],
            "typeAttributes" : {
              "dataSource" : "case_id",
              "height" : "100px",
              "inputWidthCSSClass" : "sng-fit-input",
              "title" : {
                "text" : "case ID"
              }
            }
          }, {
            "_associatedScreenId" : "e34d68a2-f129-440e-3ce2-5db57100638e",
            "attrs" : {
              "category" : "Panels",
              "id" : "39e01bc9-2862-487e-3c93-eb270e6d80d5",
              "states" : {
                "readOnly" : true
              },
              "type" : "GroupBox"
            },
            "childNodes" : [ {
              "_associatedScreenId" : "e34d68a2-f129-440e-3ce2-5db57100638e",
              "attrs" : {
                "category" : "Panels",
                "id" : "c9cb3b92-ab86-48cc-3a49-d93c547e3db2",
                "states" : {
                  "readOnly" : true
                },
                "type" : "ColumnGroup-Two"
              },
              "childNodes" : [ {
                "_associatedScreenId" : "e34d68a2-f129-440e-3ce2-5db57100638e",
                "attrs" : {
                  "category" : "Container",
                  "id" : "991f0dff-24b6-40d3-30d0-7cae6a50595b",
                  "type" : "ColumnContainer"
                },
                "childNodes" : [ {
                  "_associatedScreenId" : "e34d68a2-f129-440e-3ce2-5db57100638e",
                  "attrs" : {
                    "category" : "Panels",
                    "id" : "65711355-127c-4e87-3056-215b85e4fc4a",
                    "states" : {
                      "readOnly" : true
                    },
                    "type" : "ColumnGroup-Two"
                  },
                  "childNodes" : [ {
                    "_associatedScreenId" : "e34d68a2-f129-440e-3ce2-5db57100638e",
                    "attrs" : {
                      "category" : "Container",
                      "id" : "5d238516-d833-44f6-31a8-0f998d0a7cc8",
                      "type" : "ColumnContainer"
                    },
                    "childNodes" : [ {
                      "_associatedScreenId" : "e34d68a2-f129-440e-3ce2-5db57100638e",
                      "attrs" : {
                        "category" : "Fields",
                        "id" : "045f55fa-3cb8-466a-3331-36b74d044d55",
                        "states" : {
                          "readOnly" : true,
                          "required" : true
                        },
                        "type" : "UserGroupChooser"
                      },
                      "childNodes" : [ ],
                      "typeAttributes" : {
                        "dataSource" : "case_admin",
                        "inputWidthCSSClass" : "sng-fit-input",
                        "title" : {
                          "text" : "Case Admin"
                        }
                      }
                    } ],
                    "typeAttributes" : {
                      "mdColSpan" : "6"
                    }
                  }, {
                    "_associatedScreenId" : "e34d68a2-f129-440e-3ce2-5db57100638e",
                    "attrs" : {
                      "category" : "Container",
                      "id" : "20cb7afa-eaaf-4926-3c6d-c3a8016a2d81",
                      "type" : "ColumnContainer"
                    },
                    "childNodes" : [ {
                      "_associatedScreenId" : "e34d68a2-f129-440e-3ce2-5db57100638e",
                      "attrs" : {
                        "category" : "Fields",
                        "id" : "e7956c63-3c65-4bde-376d-d91eb2490c66",
                        "states" : {
                          "readOnly" : true,
                          "required" : true
                        },
                        "type" : "UserGroupChooser"
                      },
                      "childNodes" : [ ],
                      "typeAttributes" : {
                        "dataSource" : "case_investigator",
                        "inputWidthCSSClass" : "sng-fit-input",
                        "title" : {
                          "text" : "Case Investigator"
                        }
                      }
                    } ],
                    "typeAttributes" : {
                      "mdColSpan" : "6"
                    }
                  } ],
                  "typeAttributes" : {
                    "title" : {
                      "text" : "2-Column"
                    }
                  }
                } ],
                "typeAttributes" : {
                  "mdColSpan" : "6"
                }
              }, {
                "_associatedScreenId" : "e34d68a2-f129-440e-3ce2-5db57100638e",
                "attrs" : {
                  "category" : "Container",
                  "id" : "f8b8007f-6482-4784-3243-72f420d1428b",
                  "type" : "ColumnContainer"
                },
                "childNodes" : [ {
                  "_associatedScreenId" : "e34d68a2-f129-440e-3ce2-5db57100638e",
                  "attrs" : {
                    "category" : "Panels",
                    "id" : "52655d80-4724-45b8-3696-af82ed7f267e",
                    "states" : {
                      "readOnly" : true
                    },
                    "type" : "ColumnGroup-Two"
                  },
                  "childNodes" : [ {
                    "_associatedScreenId" : "e34d68a2-f129-440e-3ce2-5db57100638e",
                    "attrs" : {
                      "category" : "Container",
                      "id" : "b456d4dc-05b2-41ed-3f76-b10e48c333e9",
                      "type" : "ColumnContainer"
                    },
                    "childNodes" : [ {
                      "_associatedScreenId" : "e34d68a2-f129-440e-3ce2-5db57100638e",
                      "attrs" : {
                        "category" : "Fields",
                        "id" : "9e25efb1-c78d-42cd-31ef-8b68bfb90b7f",
                        "states" : {
                          "readOnly" : true,
                          "required" : true
                        },
                        "type" : "UserGroupChooser"
                      },
                      "childNodes" : [ ],
                      "typeAttributes" : {
                        "dataSource" : "case_reviewer",
                        "inputWidthCSSClass" : "sng-fit-input",
                        "title" : {
                          "text" : "Case Reviewer"
                        }
                      }
                    } ],
                    "typeAttributes" : {
                      "mdColSpan" : "6"
                    }
                  }, {
                    "_associatedScreenId" : "e34d68a2-f129-440e-3ce2-5db57100638e",
                    "attrs" : {
                      "category" : "Container",
                      "id" : "8b695da7-a30b-4d81-34f4-33ffa239e94f",
                      "type" : "ColumnContainer"
                    },
                    "childNodes" : [ {
                      "_associatedScreenId" : "e34d68a2-f129-440e-3ce2-5db57100638e",
                      "attrs" : {
                        "category" : "Fields",
                        "id" : "11d5da7d-2d9b-4ac3-3b68-d128acad2f47",
                        "states" : {
                          "readOnly" : true,
                          "required" : true
                        },
                        "type" : "UserGroupChooser"
                      },
                      "childNodes" : [ ],
                      "typeAttributes" : {
                        "dataSource" : "case_approver",
                        "inputWidthCSSClass" : "sng-fit-input",
                        "title" : {
                          "text" : "Case Approver"
                        }
                      }
                    } ],
                    "typeAttributes" : {
                      "mdColSpan" : "6"
                    }
                  } ],
                  "typeAttributes" : {
                    "title" : {
                      "text" : "2-Column"
                    }
                  }
                } ],
                "typeAttributes" : {
                  "mdColSpan" : "6"
                }
              } ],
              "typeAttributes" : {
                "title" : {
                  "text" : "2-Column"
                }
              }
            } ],
            "typeAttributes" : {
              "title" : {
                "text" : "Users involved"
              }
            }
          }, {
            "_associatedScreenId" : "e34d68a2-f129-440e-3ce2-5db57100638e",
            "attrs" : {
              "category" : "Fields",
              "id" : "3c5f9fd3-367c-4bda-3ca1-77dd16e3f8d5",
              "states" : {
                "readOnly" : true,
                "required" : true
              },
              "type" : "DateTime"
            },
            "childNodes" : [ ],
            "typeAttributes" : {
              "dataSource" : "case_start_date",
              "dateFormat" : "LOCALE",
              "showTime" : false,
              "title" : {
                "text" : "Case Start Date"
              }
            }
          }, {
            "_associatedScreenId" : "e34d68a2-f129-440e-3ce2-5db57100638e",
            "attrs" : {
              "category" : "Fields",
              "id" : "4f7bfce2-f4ca-4cf1-33f0-fae4a4bf2b1a",
              "states" : {
                "readOnly" : true,
                "required" : true
              },
              "type" : "DropdownList"
            },
            "childNodes" : [ ],
            "typeAttributes" : {
              "dataSource" : "case_type",
              "defaultSelection" : null,
              "inputWidthCSSClass" : "sng-fit-input",
              "title" : {
                "text" : "Case Type"
              }
            }
          }, {
            "_associatedScreenId" : "e34d68a2-f129-440e-3ce2-5db57100638e",
            "attrs" : {
              "category" : "Fields",
              "id" : "f1323b33-b90a-47c4-35ca-9dd2f0731122",
              "states" : {
                "readOnly" : true,
                "required" : true
              },
              "type" : "DropdownList"
            },
            "childNodes" : [ ],
            "typeAttributes" : {
              "dataSource" : "case_status",
              "defaultSelection" : null,
              "inputWidthCSSClass" : "sng-fit-input",
              "title" : {
                "text" : "Case Status"
              }
            }
          }, {
            "_associatedScreenId" : "e34d68a2-f129-440e-3ce2-5db57100638e",
            "attrs" : {
              "category" : "Fields",
              "id" : "b001b0c7-09a1-4e36-3e71-e08ee7d7073a",
              "states" : {
                "readOnly" : true,
                "required" : true
              },
              "type" : "DropdownList"
            },
            "childNodes" : [ ],
            "typeAttributes" : {
              "dataSource" : "case_action",
              "defaultSelection" : null,
              "inputWidthCSSClass" : "sng-fit-input",
              "title" : {
                "text" : "Case Action"
              }
            }
          }, {
            "_associatedScreenId" : "e34d68a2-f129-440e-3ce2-5db57100638e",
            "attrs" : {
              "category" : "Fields",
              "id" : "e62d6a08-29a7-49d7-3ecd-449e33a76519",
              "states" : {
                "readOnly" : true,
                "required" : true
              },
              "type" : "NumberInput"
            },
            "childNodes" : [ ],
            "typeAttributes" : {
              "alignment" : "TRAILING",
              "dataSource" : "attempted_fraud_amount",
              "fractional" : true,
              "inputWidthCSSClass" : "sng-fit-input",
              "places" : -1,
              "title" : {
                "text" : "Attempted Fraud Amount"
              }
            }
          } ],
          "typeAttributes" : {
            "title" : {
              "text" : "Case summary pane"
            }
          }
        } ],
        "events" : { },
        "id" : "e34d68a2-f129-440e-3ce2-5db57100638e",
        "name" : ""
      } ],
      "title" : ""
    },
    "templateType" : "page",
    "uuid" : "06be1dbd-f9b2-42fa-b37d-8cfee52b32e8"
  } ],
  "handlerName" : "datahub"
}