{
  "schemaVersion" : "10.7.0",
  "templates" : [ {
    "clientApplication" : "desktop",
    "documentType" : "Company_Information",
    "metadata" : {
      "dataSources" : [ {
        "fields" : [ "CaseID", "company_information_id", "Case_Type", "Case_Ctgry", "Ent_Name1", "Ent_Name2", "Ent_Name", "Ent_Name1_Ar", "Ent_Name2_Ar", "Ent_Name_Ar", "Ent_Acronym", "Cust_Nmbr", "CR_Nmbr", "Other_Nmbr", "CR_Exp_Date_G", "CR_Ex_Date_H", "Cntry_Reg", "Cntry_Inc", "Cntry_PO", "Cntry_HO", "Cntry_Pt_Inc", "FCC_RAM", "Paidup_Capital", "TAR_TAS_AUM", "Employee_Nmbr", "Date_Inc_G", "Date_In_H", "VAT_Reg_Nmbr", "Grp_VAT_Nmbr", "Rate_Type", "VAT_Rate", "Cust_Type", "Legal_Ent", "GSB_Flag", "Level_PA", "Cust_SIC", "Trading_Name", "Bearer_SFlag", "Explain_GS", "Holding_Company", "Type_Cust_Buss", "Desc_Client", "Type_of_Company", "Name_Client_Cust", "Industry_Client_Cust", "Prod_Serv_Client", "Fund_Inv_Indstry", "Cust_Aims_Obj", "Proh_Cust", "Phy_Address", "Nmbr_Grp_Office", "Cntry_Ram_Score", "Cntry_Ram_Ctgry", "LegalEnt_RAM_Score", "LegalEnt_RAM_Ctgry", "Buss_Ram_Score", "Buss_Ram_Ctgry", "Product_Ram_Score", "Product_Ram_Ctgry", "Calc_Ram_Score", "Calc_Ram_Ctgry", "Ram_Smg_Reference", "Overriden_Ram_Ctgry", "Final_Ram_Ctgry" ],
        "objectName" : "Company_Information"
      } ],
      "insightsEnabled" : false,
      "workspaceEnabled" : false
    },
    "name" : "Company Information",
    "template" : {
      "screens" : [ {
        "childNodes" : [ {
          "_associatedScreenId" : "86582717-9114-4ef2-3841-2a1eef238be1",
          "attrs" : {
            "category" : "Fields",
            "id" : "c94a4285-74b3-49c9-328d-bd2fc33d61e2",
            "states" : {
              "readOnly" : false,
              "required" : false
            },
            "type" : "Text"
          },
          "childNodes" : [ ],
          "typeAttributes" : {
            "tag" : "h2",
            "title" : {
              "text" : "Company Information"
            }
          }
        }, {
          "_associatedScreenId" : "86582717-9114-4ef2-3841-2a1eef238be1",
          "attrs" : {
            "category" : "Panels",
            "id" : "74d16131-fd82-4cc8-3b8f-056c638a915c",
            "states" : {
              "readOnly" : true
            },
            "type" : "ColumnGroup-Two"
          },
          "childNodes" : [ {
            "_associatedScreenId" : "86582717-9114-4ef2-3841-2a1eef238be1",
            "attrs" : {
              "category" : "Container",
              "id" : "a10195fc-12fa-42dc-324f-0c9c4b21126a",
              "type" : "ColumnContainer"
            },
            "childNodes" : [ {
              "_associatedScreenId" : "86582717-9114-4ef2-3841-2a1eef238be1",
              "attrs" : {
                "category" : "Fields",
                "id" : "26e6c3e5-3916-4013-368a-2a9f52bc1249",
                "states" : {
                  "readOnly" : true,
                  "required" : true
                },
                "type" : "TextInput"
              },
              "childNodes" : [ ],
              "typeAttributes" : {
                "dataSource" : "CaseID",
                "height" : "100px",
                "inputWidthCSSClass" : "sng-large-input",
                "title" : {
                  "text" : "Caseid"
                }
              }
            }, {
              "_associatedScreenId" : "86582717-9114-4ef2-3841-2a1eef238be1",
              "attrs" : {
                "category" : "Fields",
                "id" : "4642f1bf-9164-4341-3906-2ed97e6545a6",
                "states" : {
                  "readOnly" : true,
                  "required" : true
                },
                "type" : "TextInput"
              },
              "childNodes" : [ ],
              "typeAttributes" : {
                "dataSource" : "company_information_id",
                "height" : "100px",
                "inputWidthCSSClass" : "sng-fit-input",
                "title" : {
                  "text" : "Company_Information ID"
                }
              }
            }, {
              "_associatedScreenId" : "86582717-9114-4ef2-3841-2a1eef238be1",
              "attrs" : {
                "category" : "Fields",
                "id" : "5fbf2dff-d63b-40b7-3688-48d923d414ac",
                "states" : {
                  "readOnly" : true,
                  "required" : true
                },
                "type" : "DropdownList"
              },
              "childNodes" : [ ],
              "typeAttributes" : {
                "dataSource" : "Case_Type",
                "defaultSelection" : null,
                "inputWidthCSSClass" : "sng-large-input",
                "title" : {
                  "text" : "Case Type"
                }
              }
            }, {
              "_associatedScreenId" : "86582717-9114-4ef2-3841-2a1eef238be1",
              "attrs" : {
                "category" : "Fields",
                "id" : "6cb50f01-73d8-494f-3b73-a61befe1e689",
                "states" : {
                  "readOnly" : true,
                  "required" : true
                },
                "type" : "DropdownList"
              },
              "childNodes" : [ ],
              "typeAttributes" : {
                "dataSource" : "Case_Ctgry",
                "defaultSelection" : null,
                "inputWidthCSSClass" : "sng-large-input",
                "title" : {
                  "text" : "Case Ctgry"
                }
              }
            }, {
              "_associatedScreenId" : "86582717-9114-4ef2-3841-2a1eef238be1",
              "attrs" : {
                "category" : "Fields",
                "id" : "457c496e-847f-4537-36b4-78e83b19a2b0",
                "states" : {
                  "readOnly" : true,
                  "required" : true
                },
                "type" : "TextInput"
              },
              "childNodes" : [ ],
              "typeAttributes" : {
                "dataSource" : "Ent_Name1",
                "height" : "100px",
                "inputWidthCSSClass" : "sng-fit-input",
                "title" : {
                  "text" : "Ent Name1"
                }
              }
            }, {
              "_associatedScreenId" : "86582717-9114-4ef2-3841-2a1eef238be1",
              "attrs" : {
                "category" : "Fields",
                "id" : "edce9ddb-7e56-4ff6-3624-4f44e26c83f9",
                "states" : {
                  "readOnly" : true,
                  "required" : true
                },
                "type" : "TextInput"
              },
              "childNodes" : [ ],
              "typeAttributes" : {
                "dataSource" : "Ent_Name2",
                "height" : "100px",
                "inputWidthCSSClass" : "sng-fit-input",
                "title" : {
                  "text" : "Ent Name2"
                }
              }
            }, {
              "_associatedScreenId" : "86582717-9114-4ef2-3841-2a1eef238be1",
              "attrs" : {
                "category" : "Fields",
                "id" : "1c541c1d-afdb-4ed3-3068-2a34049d0bdf",
                "states" : {
                  "readOnly" : true,
                  "required" : true
                },
                "type" : "TextInput"
              },
              "childNodes" : [ ],
              "typeAttributes" : {
                "dataSource" : "Ent_Name",
                "height" : "100px",
                "inputWidthCSSClass" : "sng-fit-input",
                "title" : {
                  "text" : "Ent Name"
                }
              }
            }, {
              "_associatedScreenId" : "86582717-9114-4ef2-3841-2a1eef238be1",
              "attrs" : {
                "category" : "Fields",
                "id" : "568ed985-0f6b-49f3-3cf6-2145c8cefc0b",
                "states" : {
                  "readOnly" : true,
                  "required" : true
                },
                "type" : "TextInput"
              },
              "childNodes" : [ ],
              "typeAttributes" : {
                "dataSource" : "Ent_Name1_Ar",
                "height" : "100px",
                "inputWidthCSSClass" : "sng-fit-input",
                "title" : {
                  "text" : "Ent Name1(AR)"
                }
              }
            }, {
              "_associatedScreenId" : "86582717-9114-4ef2-3841-2a1eef238be1",
              "attrs" : {
                "category" : "Fields",
                "id" : "56c48f58-65ad-43b3-3c7f-e01a3b5a3d07",
                "states" : {
                  "readOnly" : true,
                  "required" : true
                },
                "type" : "TextInput"
              },
              "childNodes" : [ ],
              "typeAttributes" : {
                "dataSource" : "Ent_Name2_Ar",
                "height" : "100px",
                "inputWidthCSSClass" : "sng-fit-input",
                "title" : {
                  "text" : "Ent Name2(AR)"
                }
              }
            }, {
              "_associatedScreenId" : "86582717-9114-4ef2-3841-2a1eef238be1",
              "attrs" : {
                "category" : "Fields",
                "id" : "e2befed4-2d03-4509-3026-b6535d2040b1",
                "states" : {
                  "readOnly" : true,
                  "required" : true
                },
                "type" : "TextInput"
              },
              "childNodes" : [ ],
              "typeAttributes" : {
                "dataSource" : "Ent_Name_Ar",
                "height" : "100px",
                "inputWidthCSSClass" : "sng-fit-input",
                "title" : {
                  "text" : "Ent Name(AR)"
                }
              }
            }, {
              "_associatedScreenId" : "86582717-9114-4ef2-3841-2a1eef238be1",
              "attrs" : {
                "category" : "Fields",
                "id" : "56c3738e-9ebe-485a-32ab-a8937166a6b6",
                "states" : {
                  "readOnly" : true,
                  "required" : true
                },
                "type" : "TextInput"
              },
              "childNodes" : [ ],
              "typeAttributes" : {
                "dataSource" : "Ent_Acronym",
                "height" : "100px",
                "inputWidthCSSClass" : "sng-fit-input",
                "title" : {
                  "text" : "Ent Acronym"
                }
              }
            }, {
              "_associatedScreenId" : "86582717-9114-4ef2-3841-2a1eef238be1",
              "attrs" : {
                "category" : "Fields",
                "id" : "9f668e0f-9318-430e-3b39-4b71115771fe",
                "states" : {
                  "readOnly" : true,
                  "required" : true
                },
                "type" : "TextInput"
              },
              "childNodes" : [ ],
              "typeAttributes" : {
                "dataSource" : "Cust_Nmbr",
                "height" : "100px",
                "inputWidthCSSClass" : "sng-large-input",
                "title" : {
                  "text" : "Cust Nmbr"
                }
              }
            }, {
              "_associatedScreenId" : "86582717-9114-4ef2-3841-2a1eef238be1",
              "attrs" : {
                "category" : "Fields",
                "id" : "2b873cc0-702c-4edf-31d5-fd8b96886980",
                "states" : {
                  "readOnly" : true,
                  "required" : true
                },
                "type" : "TextInput"
              },
              "childNodes" : [ ],
              "typeAttributes" : {
                "dataSource" : "CR_Nmbr",
                "height" : "100px",
                "inputWidthCSSClass" : "sng-large-input",
                "title" : {
                  "text" : "CR Nmbr"
                }
              }
            }, {
              "_associatedScreenId" : "86582717-9114-4ef2-3841-2a1eef238be1",
              "attrs" : {
                "category" : "Fields",
                "id" : "b5a6591f-2aa9-4a18-3f60-ddcc280ac3f9",
                "states" : {
                  "readOnly" : true,
                  "required" : true
                },
                "type" : "TextInput"
              },
              "childNodes" : [ ],
              "typeAttributes" : {
                "dataSource" : "Other_Nmbr",
                "height" : "100px",
                "inputWidthCSSClass" : "sng-large-input",
                "title" : {
                  "text" : "Other Nmbr"
                }
              }
            }, {
              "_associatedScreenId" : "86582717-9114-4ef2-3841-2a1eef238be1",
              "attrs" : {
                "category" : "Fields",
                "id" : "fcb76451-bd77-4a39-3e3f-cb06b386f0a1",
                "states" : {
                  "readOnly" : true,
                  "required" : true
                },
                "type" : "DateTime"
              },
              "childNodes" : [ ],
              "typeAttributes" : {
                "dataSource" : "CR_Exp_Date_G",
                "dateFormat" : "LOCALE",
                "showTime" : false,
                "title" : {
                  "text" : "CR Exp Date G"
                }
              }
            }, {
              "_associatedScreenId" : "86582717-9114-4ef2-3841-2a1eef238be1",
              "attrs" : {
                "category" : "Fields",
                "id" : "dc726cac-737b-4b25-3827-2ad6b8e73c2f",
                "states" : {
                  "readOnly" : true,
                  "required" : true
                },
                "type" : "DateTime"
              },
              "childNodes" : [ ],
              "typeAttributes" : {
                "dataSource" : "CR_Ex_Date_H",
                "dateFormat" : "LOCALE",
                "showTime" : false,
                "title" : {
                  "text" : "CR Exp Date H"
                }
              }
            }, {
              "_associatedScreenId" : "86582717-9114-4ef2-3841-2a1eef238be1",
              "attrs" : {
                "category" : "Fields",
                "id" : "50cee9c2-d6dc-4837-3713-66614bb7b984",
                "states" : {
                  "readOnly" : true,
                  "required" : true
                },
                "type" : "DropdownList"
              },
              "childNodes" : [ ],
              "typeAttributes" : {
                "dataSource" : "Cntry_Reg",
                "defaultSelection" : null,
                "inputWidthCSSClass" : "sng-large-input",
                "title" : {
                  "text" : "Cntry Reg"
                }
              }
            }, {
              "_associatedScreenId" : "86582717-9114-4ef2-3841-2a1eef238be1",
              "attrs" : {
                "category" : "Fields",
                "id" : "4ede0b7a-38fc-4eab-3251-a47e406c6f12",
                "states" : {
                  "readOnly" : true,
                  "required" : true
                },
                "type" : "DropdownList"
              },
              "childNodes" : [ ],
              "typeAttributes" : {
                "dataSource" : "Cntry_Inc",
                "defaultSelection" : null,
                "inputWidthCSSClass" : "sng-large-input",
                "title" : {
                  "text" : "Cntry Inc"
                }
              }
            }, {
              "_associatedScreenId" : "86582717-9114-4ef2-3841-2a1eef238be1",
              "attrs" : {
                "category" : "Fields",
                "id" : "f313de60-c8b1-43cc-3810-bc3e758954cd",
                "states" : {
                  "readOnly" : true,
                  "required" : true
                },
                "type" : "DropdownList"
              },
              "childNodes" : [ ],
              "typeAttributes" : {
                "dataSource" : "Cntry_PO",
                "defaultSelection" : null,
                "inputWidthCSSClass" : "sng-large-input",
                "title" : {
                  "text" : "Cntry PO"
                }
              }
            }, {
              "_associatedScreenId" : "86582717-9114-4ef2-3841-2a1eef238be1",
              "attrs" : {
                "category" : "Fields",
                "id" : "25342caf-9f96-44cb-30ae-2c3bee074e27",
                "states" : {
                  "readOnly" : true,
                  "required" : true
                },
                "type" : "DropdownList"
              },
              "childNodes" : [ ],
              "typeAttributes" : {
                "dataSource" : "Cntry_HO",
                "defaultSelection" : null,
                "inputWidthCSSClass" : "sng-large-input",
                "title" : {
                  "text" : "Cntry HO"
                }
              }
            }, {
              "_associatedScreenId" : "86582717-9114-4ef2-3841-2a1eef238be1",
              "attrs" : {
                "category" : "Fields",
                "id" : "bc65f8b4-08bf-4070-3ecf-902c8c665865",
                "states" : {
                  "readOnly" : true,
                  "required" : true
                },
                "type" : "DropdownList"
              },
              "childNodes" : [ ],
              "typeAttributes" : {
                "dataSource" : "Cntry_Pt_Inc",
                "defaultSelection" : null,
                "inputWidthCSSClass" : "sng-large-input",
                "title" : {
                  "text" : "Cntry Pt Inc"
                }
              }
            }, {
              "_associatedScreenId" : "86582717-9114-4ef2-3841-2a1eef238be1",
              "attrs" : {
                "category" : "Fields",
                "id" : "9e96207e-f181-409f-3070-7e2e8520a4d9",
                "states" : {
                  "readOnly" : true,
                  "required" : true
                },
                "type" : "TextInput"
              },
              "childNodes" : [ ],
              "typeAttributes" : {
                "dataSource" : "FCC_RAM",
                "height" : "100px",
                "inputWidthCSSClass" : "sng-large-input",
                "title" : {
                  "text" : "Fcc Ram"
                }
              }
            }, {
              "_associatedScreenId" : "86582717-9114-4ef2-3841-2a1eef238be1",
              "attrs" : {
                "category" : "Fields",
                "id" : "5f2a0680-db6a-40d9-30eb-05b37e2a832b",
                "states" : {
                  "readOnly" : true,
                  "required" : true
                },
                "type" : "NumberInput"
              },
              "childNodes" : [ ],
              "typeAttributes" : {
                "alignment" : "TRAILING",
                "dataSource" : "Paidup_Capital",
                "fractional" : true,
                "inputWidthCSSClass" : "sng-large-input",
                "places" : 2,
                "title" : {
                  "text" : "Paidup Capital"
                }
              }
            }, {
              "_associatedScreenId" : "86582717-9114-4ef2-3841-2a1eef238be1",
              "attrs" : {
                "category" : "Fields",
                "id" : "9446f050-9f64-4dcf-3f4f-d438103528fb",
                "states" : {
                  "readOnly" : true,
                  "required" : true
                },
                "type" : "NumberInput"
              },
              "childNodes" : [ ],
              "typeAttributes" : {
                "alignment" : "TRAILING",
                "dataSource" : "TAR_TAS_AUM",
                "fractional" : true,
                "inputWidthCSSClass" : "sng-large-input",
                "places" : 2,
                "title" : {
                  "text" : "Tar Tas Aum"
                }
              }
            }, {
              "_associatedScreenId" : "86582717-9114-4ef2-3841-2a1eef238be1",
              "attrs" : {
                "category" : "Fields",
                "id" : "bb300036-65a7-45e4-39bb-b4a97c80dfb6",
                "states" : {
                  "readOnly" : true,
                  "required" : true
                },
                "type" : "NumberInput"
              },
              "childNodes" : [ ],
              "typeAttributes" : {
                "alignment" : "TRAILING",
                "dataSource" : "Employee_Nmbr",
                "fractional" : true,
                "inputWidthCSSClass" : "sng-large-input",
                "places" : 0,
                "title" : {
                  "text" : "Employee Nmbr"
                }
              }
            }, {
              "_associatedScreenId" : "86582717-9114-4ef2-3841-2a1eef238be1",
              "attrs" : {
                "category" : "Fields",
                "id" : "52281ae8-9639-4fef-3a0f-d839601ebf8c",
                "states" : {
                  "readOnly" : true,
                  "required" : true
                },
                "type" : "DateTime"
              },
              "childNodes" : [ ],
              "typeAttributes" : {
                "dataSource" : "Date_Inc_G",
                "dateFormat" : "LOCALE",
                "showTime" : false,
                "title" : {
                  "text" : "Date Inc G"
                }
              }
            }, {
              "_associatedScreenId" : "86582717-9114-4ef2-3841-2a1eef238be1",
              "attrs" : {
                "category" : "Fields",
                "id" : "91c543cb-74e6-431b-36e6-9ce7bf985b10",
                "states" : {
                  "readOnly" : true,
                  "required" : true
                },
                "type" : "DateTime"
              },
              "childNodes" : [ ],
              "typeAttributes" : {
                "dataSource" : "Date_In_H",
                "dateFormat" : "LOCALE",
                "showTime" : false,
                "title" : {
                  "text" : "Date Inc H"
                }
              }
            }, {
              "_associatedScreenId" : "86582717-9114-4ef2-3841-2a1eef238be1",
              "attrs" : {
                "category" : "Fields",
                "id" : "41a1625f-d10b-4ee0-31ef-d9456a47fa5f",
                "states" : {
                  "readOnly" : true,
                  "required" : true
                },
                "type" : "TextInput"
              },
              "childNodes" : [ ],
              "typeAttributes" : {
                "dataSource" : "VAT_Reg_Nmbr",
                "height" : "100px",
                "inputWidthCSSClass" : "sng-large-input",
                "title" : {
                  "text" : "VAT Reg Nmbr"
                }
              }
            }, {
              "_associatedScreenId" : "86582717-9114-4ef2-3841-2a1eef238be1",
              "attrs" : {
                "category" : "Fields",
                "id" : "d447dfa4-d42c-4085-35c3-2db5f002caa3",
                "states" : {
                  "readOnly" : true,
                  "required" : true
                },
                "type" : "TextInput"
              },
              "childNodes" : [ ],
              "typeAttributes" : {
                "dataSource" : "Grp_VAT_Nmbr",
                "height" : "100px",
                "inputWidthCSSClass" : "sng-large-input",
                "title" : {
                  "text" : "Grp VAT Nmbr"
                }
              }
            }, {
              "_associatedScreenId" : "86582717-9114-4ef2-3841-2a1eef238be1",
              "attrs" : {
                "category" : "Fields",
                "id" : "25533eec-57cb-4ba0-32c6-bd79a96685fe",
                "states" : {
                  "readOnly" : true,
                  "required" : true
                },
                "type" : "TextInput"
              },
              "childNodes" : [ ],
              "typeAttributes" : {
                "dataSource" : "Rate_Type",
                "height" : "100px",
                "inputWidthCSSClass" : "sng-large-input",
                "title" : {
                  "text" : "Rate Type"
                }
              }
            }, {
              "_associatedScreenId" : "86582717-9114-4ef2-3841-2a1eef238be1",
              "attrs" : {
                "category" : "Fields",
                "id" : "907333ce-f45d-4649-331e-42b3887ce8d2",
                "states" : {
                  "readOnly" : true,
                  "required" : true
                },
                "type" : "TextInput"
              },
              "childNodes" : [ ],
              "typeAttributes" : {
                "dataSource" : "VAT_Rate",
                "height" : "100px",
                "inputWidthCSSClass" : "sng-large-input",
                "title" : {
                  "text" : "VAT Rate"
                }
              }
            } ],
            "typeAttributes" : {
              "mdColSpan" : "6"
            }
          }, {
            "_associatedScreenId" : "86582717-9114-4ef2-3841-2a1eef238be1",
            "attrs" : {
              "category" : "Container",
              "id" : "81316bcb-7654-4877-30b1-0cc305b07c5f",
              "type" : "ColumnContainer"
            },
            "childNodes" : [ {
              "_associatedScreenId" : "86582717-9114-4ef2-3841-2a1eef238be1",
              "attrs" : {
                "category" : "Fields",
                "id" : "88a18b66-1ed5-4811-37e0-622171d8de70",
                "states" : {
                  "readOnly" : true,
                  "required" : true
                },
                "type" : "DropdownList"
              },
              "childNodes" : [ ],
              "typeAttributes" : {
                "dataSource" : "Cust_Type",
                "defaultSelection" : null,
                "inputWidthCSSClass" : "sng-large-input",
                "title" : {
                  "text" : "Cust Type"
                }
              }
            }, {
              "_associatedScreenId" : "86582717-9114-4ef2-3841-2a1eef238be1",
              "attrs" : {
                "category" : "Fields",
                "id" : "852eb755-f27c-4536-3a11-5f8df59612a7",
                "states" : {
                  "readOnly" : true,
                  "required" : true
                },
                "type" : "DropdownList"
              },
              "childNodes" : [ ],
              "typeAttributes" : {
                "dataSource" : "Legal_Ent",
                "defaultSelection" : null,
                "inputWidthCSSClass" : "sng-large-input",
                "title" : {
                  "text" : "Legal Ent"
                }
              }
            }, {
              "_associatedScreenId" : "86582717-9114-4ef2-3841-2a1eef238be1",
              "attrs" : {
                "category" : "Fields",
                "id" : "74a908ba-87b4-4b16-3738-a7c8d5f455d0",
                "states" : {
                  "readOnly" : true,
                  "required" : true
                },
                "type" : "DropdownList"
              },
              "childNodes" : [ ],
              "typeAttributes" : {
                "dataSource" : "GSB_Flag",
                "defaultSelection" : null,
                "inputWidthCSSClass" : "sng-large-input",
                "title" : {
                  "text" : "GSB Flag"
                }
              }
            }, {
              "_associatedScreenId" : "86582717-9114-4ef2-3841-2a1eef238be1",
              "attrs" : {
                "category" : "Fields",
                "id" : "78567f92-389a-4577-3c55-28cdfc2e0312",
                "states" : {
                  "readOnly" : true,
                  "required" : true
                },
                "type" : "DropdownList"
              },
              "childNodes" : [ ],
              "typeAttributes" : {
                "dataSource" : "Level_PA",
                "defaultSelection" : null,
                "inputWidthCSSClass" : "sng-large-input",
                "title" : {
                  "text" : "Level PA"
                }
              }
            }, {
              "_associatedScreenId" : "86582717-9114-4ef2-3841-2a1eef238be1",
              "attrs" : {
                "category" : "Fields",
                "id" : "e557e4de-1382-44b3-3e4b-1cd47eb60fd5",
                "states" : {
                  "readOnly" : true,
                  "required" : true
                },
                "type" : "TextInput"
              },
              "childNodes" : [ ],
              "typeAttributes" : {
                "dataSource" : "Cust_SIC",
                "height" : "100px",
                "inputWidthCSSClass" : "sng-large-input",
                "title" : {
                  "text" : "Cust SIC"
                }
              }
            }, {
              "_associatedScreenId" : "86582717-9114-4ef2-3841-2a1eef238be1",
              "attrs" : {
                "category" : "Fields",
                "id" : "b1099e33-d5d2-46fb-3246-d92715968507",
                "states" : {
                  "readOnly" : true,
                  "required" : true
                },
                "type" : "TextInput"
              },
              "childNodes" : [ ],
              "typeAttributes" : {
                "dataSource" : "Trading_Name",
                "height" : "100px",
                "inputWidthCSSClass" : "sng-large-input",
                "title" : {
                  "text" : "Trading Name"
                }
              }
            }, {
              "_associatedScreenId" : "86582717-9114-4ef2-3841-2a1eef238be1",
              "attrs" : {
                "category" : "Fields",
                "id" : "a4055a5d-d858-4005-3130-c9a6d73d50d0",
                "states" : {
                  "readOnly" : true,
                  "required" : true
                },
                "type" : "DropdownList"
              },
              "childNodes" : [ ],
              "typeAttributes" : {
                "dataSource" : "Bearer_SFlag",
                "defaultSelection" : null,
                "inputWidthCSSClass" : "sng-large-input",
                "title" : {
                  "text" : "Bearer Sflag"
                }
              }
            }, {
              "_associatedScreenId" : "86582717-9114-4ef2-3841-2a1eef238be1",
              "attrs" : {
                "category" : "Fields",
                "id" : "8e5f7564-7043-4b54-3cfa-5c4679f3805d",
                "states" : {
                  "readOnly" : true,
                  "required" : true
                },
                "type" : "TextInput"
              },
              "childNodes" : [ ],
              "typeAttributes" : {
                "dataSource" : "Explain_GS",
                "height" : "100px",
                "inputWidthCSSClass" : "sng-large-input",
                "title" : {
                  "text" : "Explain GS"
                }
              }
            }, {
              "_associatedScreenId" : "86582717-9114-4ef2-3841-2a1eef238be1",
              "attrs" : {
                "category" : "Fields",
                "id" : "4301f279-c775-4f60-36a4-9f23fdca8a3a",
                "states" : {
                  "readOnly" : true,
                  "required" : true
                },
                "type" : "TextInput"
              },
              "childNodes" : [ ],
              "typeAttributes" : {
                "dataSource" : "Holding_Company",
                "height" : "100px",
                "inputWidthCSSClass" : "sng-large-input",
                "title" : {
                  "text" : "Holding Company"
                }
              }
            }, {
              "_associatedScreenId" : "86582717-9114-4ef2-3841-2a1eef238be1",
              "attrs" : {
                "category" : "Fields",
                "id" : "3d6a2bb6-6bdd-46e9-33aa-ebf28672d1c9",
                "states" : {
                  "readOnly" : true,
                  "required" : true
                },
                "type" : "DropdownList"
              },
              "childNodes" : [ ],
              "typeAttributes" : {
                "dataSource" : "Type_Cust_Buss",
                "defaultSelection" : null,
                "inputWidthCSSClass" : "sng-large-input",
                "title" : {
                  "text" : "Type Cust Buss"
                }
              }
            }, {
              "_associatedScreenId" : "86582717-9114-4ef2-3841-2a1eef238be1",
              "attrs" : {
                "category" : "Fields",
                "id" : "cfbeef61-9295-4f47-30ff-6e6fc577ed19",
                "states" : {
                  "readOnly" : true,
                  "required" : true
                },
                "type" : "TextInput"
              },
              "childNodes" : [ ],
              "typeAttributes" : {
                "dataSource" : "Desc_Client",
                "height" : "100px",
                "inputWidthCSSClass" : "sng-large-input",
                "title" : {
                  "text" : "Desc Client"
                }
              }
            }, {
              "_associatedScreenId" : "86582717-9114-4ef2-3841-2a1eef238be1",
              "attrs" : {
                "category" : "Fields",
                "id" : "9e9af425-0bb6-499b-317f-5e261e2c93f4",
                "states" : {
                  "readOnly" : true,
                  "required" : true
                },
                "type" : "DropdownList"
              },
              "childNodes" : [ ],
              "typeAttributes" : {
                "dataSource" : "Type_of_Company",
                "defaultSelection" : null,
                "inputWidthCSSClass" : "sng-large-input",
                "title" : {
                  "text" : "Type Of Company"
                }
              }
            }, {
              "_associatedScreenId" : "86582717-9114-4ef2-3841-2a1eef238be1",
              "attrs" : {
                "category" : "Fields",
                "id" : "e57be6a7-f1b4-416e-3518-101deafaad3c",
                "states" : {
                  "readOnly" : true,
                  "required" : true
                },
                "type" : "TextInput"
              },
              "childNodes" : [ ],
              "typeAttributes" : {
                "dataSource" : "Name_Client_Cust",
                "height" : "100px",
                "inputWidthCSSClass" : "sng-fit-input",
                "title" : {
                  "text" : "Name Client Cust"
                }
              }
            }, {
              "_associatedScreenId" : "86582717-9114-4ef2-3841-2a1eef238be1",
              "attrs" : {
                "category" : "Fields",
                "id" : "d6a60de3-4137-465b-335a-636173373f28",
                "states" : {
                  "readOnly" : true,
                  "required" : true
                },
                "type" : "TextInput"
              },
              "childNodes" : [ ],
              "typeAttributes" : {
                "dataSource" : "Industry_Client_Cust",
                "height" : "100px",
                "inputWidthCSSClass" : "sng-fit-input",
                "title" : {
                  "text" : "Industry Client Cust"
                }
              }
            }, {
              "_associatedScreenId" : "86582717-9114-4ef2-3841-2a1eef238be1",
              "attrs" : {
                "category" : "Fields",
                "id" : "b28882f7-8cb2-4975-3dd6-6b86b94d90a2",
                "states" : {
                  "readOnly" : true,
                  "required" : true
                },
                "type" : "TextInput"
              },
              "childNodes" : [ ],
              "typeAttributes" : {
                "dataSource" : "Prod_Serv_Client",
                "height" : "100px",
                "inputWidthCSSClass" : "sng-large-input",
                "title" : {
                  "text" : "Prod Serv Client"
                }
              }
            }, {
              "_associatedScreenId" : "86582717-9114-4ef2-3841-2a1eef238be1",
              "attrs" : {
                "category" : "Fields",
                "id" : "b2381399-ab4d-4c10-384f-4786bdaafe46",
                "states" : {
                  "readOnly" : true,
                  "required" : true
                },
                "type" : "TextInput"
              },
              "childNodes" : [ ],
              "typeAttributes" : {
                "dataSource" : "Fund_Inv_Indstry",
                "height" : "100px",
                "inputWidthCSSClass" : "sng-large-input",
                "title" : {
                  "text" : "Fund Inv Indstry"
                }
              }
            }, {
              "_associatedScreenId" : "86582717-9114-4ef2-3841-2a1eef238be1",
              "attrs" : {
                "category" : "Fields",
                "id" : "fe46b563-586d-47ab-3a0d-e766b9262cc7",
                "states" : {
                  "readOnly" : true,
                  "required" : true
                },
                "type" : "TextInput"
              },
              "childNodes" : [ ],
              "typeAttributes" : {
                "dataSource" : "Cust_Aims_Obj",
                "height" : "100px",
                "inputWidthCSSClass" : "sng-fit-input",
                "title" : {
                  "text" : "Cust Aims Obj"
                }
              }
            }, {
              "_associatedScreenId" : "86582717-9114-4ef2-3841-2a1eef238be1",
              "attrs" : {
                "category" : "Fields",
                "id" : "8a105d10-9a0f-47cc-371f-255578aad260",
                "states" : {
                  "readOnly" : true,
                  "required" : true
                },
                "type" : "DropdownList"
              },
              "childNodes" : [ ],
              "typeAttributes" : {
                "dataSource" : "Proh_Cust",
                "defaultSelection" : null,
                "inputWidthCSSClass" : "sng-large-input",
                "title" : {
                  "text" : "Proh Cust"
                }
              }
            }, {
              "_associatedScreenId" : "86582717-9114-4ef2-3841-2a1eef238be1",
              "attrs" : {
                "category" : "Fields",
                "id" : "5a1c70de-7484-4a22-3695-d901b03febd1",
                "states" : {
                  "readOnly" : true,
                  "required" : true
                },
                "type" : "TextInput"
              },
              "childNodes" : [ ],
              "typeAttributes" : {
                "dataSource" : "Phy_Address",
                "height" : "100px",
                "inputWidthCSSClass" : "sng-fit-input",
                "title" : {
                  "text" : "Phy Address"
                }
              }
            }, {
              "_associatedScreenId" : "86582717-9114-4ef2-3841-2a1eef238be1",
              "attrs" : {
                "category" : "Fields",
                "id" : "cc0dd06f-988b-4e56-3f74-eee639536382",
                "states" : {
                  "readOnly" : true,
                  "required" : true
                },
                "type" : "NumberInput"
              },
              "childNodes" : [ ],
              "typeAttributes" : {
                "alignment" : "TRAILING",
                "dataSource" : "Nmbr_Grp_Office",
                "fractional" : true,
                "inputWidthCSSClass" : "sng-large-input",
                "places" : 0,
                "title" : {
                  "text" : "Nmbr Grp Office"
                }
              }
            }, {
              "_associatedScreenId" : "86582717-9114-4ef2-3841-2a1eef238be1",
              "attrs" : {
                "category" : "Fields",
                "id" : "4e01e03e-15eb-499e-3246-d04e6af9d4bd",
                "states" : {
                  "readOnly" : true,
                  "required" : true
                },
                "type" : "NumberInput"
              },
              "childNodes" : [ ],
              "typeAttributes" : {
                "alignment" : "TRAILING",
                "dataSource" : "Cntry_Ram_Score",
                "fractional" : true,
                "inputWidthCSSClass" : "sng-large-input",
                "places" : 0,
                "title" : {
                  "text" : "Cntry Ram Score"
                }
              }
            }, {
              "_associatedScreenId" : "86582717-9114-4ef2-3841-2a1eef238be1",
              "attrs" : {
                "category" : "Fields",
                "id" : "39741eb7-0997-496f-3fc3-63c907b53003",
                "states" : {
                  "readOnly" : true,
                  "required" : true
                },
                "type" : "TextInput"
              },
              "childNodes" : [ ],
              "typeAttributes" : {
                "dataSource" : "Cntry_Ram_Ctgry",
                "height" : "100px",
                "inputWidthCSSClass" : "sng-large-input",
                "title" : {
                  "text" : "Cntry Ram Ctgry"
                }
              }
            }, {
              "_associatedScreenId" : "86582717-9114-4ef2-3841-2a1eef238be1",
              "attrs" : {
                "category" : "Fields",
                "id" : "bde7e596-9f3b-4f51-3e95-02a35d78efef",
                "states" : {
                  "readOnly" : true,
                  "required" : true
                },
                "type" : "NumberInput"
              },
              "childNodes" : [ ],
              "typeAttributes" : {
                "alignment" : "TRAILING",
                "dataSource" : "LegalEnt_RAM_Score",
                "fractional" : true,
                "inputWidthCSSClass" : "sng-large-input",
                "places" : 0,
                "title" : {
                  "text" : "Legalent RAM Score"
                }
              }
            }, {
              "_associatedScreenId" : "86582717-9114-4ef2-3841-2a1eef238be1",
              "attrs" : {
                "category" : "Fields",
                "id" : "60759e86-cf22-481e-3fb8-013b5edc58e4",
                "states" : {
                  "readOnly" : true,
                  "required" : true
                },
                "type" : "TextInput"
              },
              "childNodes" : [ ],
              "typeAttributes" : {
                "dataSource" : "LegalEnt_RAM_Ctgry",
                "height" : "100px",
                "inputWidthCSSClass" : "sng-large-input",
                "title" : {
                  "text" : "Legalent RAM Ctgry"
                }
              }
            }, {
              "_associatedScreenId" : "86582717-9114-4ef2-3841-2a1eef238be1",
              "attrs" : {
                "category" : "Fields",
                "id" : "f85afe71-bb00-48fa-3c2e-69856eae702e",
                "states" : {
                  "readOnly" : true,
                  "required" : true
                },
                "type" : "NumberInput"
              },
              "childNodes" : [ ],
              "typeAttributes" : {
                "alignment" : "TRAILING",
                "dataSource" : "Buss_Ram_Score",
                "fractional" : true,
                "inputWidthCSSClass" : "sng-large-input",
                "places" : 0,
                "title" : {
                  "text" : "Buss Ram Score"
                }
              }
            }, {
              "_associatedScreenId" : "86582717-9114-4ef2-3841-2a1eef238be1",
              "attrs" : {
                "category" : "Fields",
                "id" : "bb9c9d41-8c91-4177-3569-37c69236ae33",
                "states" : {
                  "readOnly" : true,
                  "required" : true
                },
                "type" : "TextInput"
              },
              "childNodes" : [ ],
              "typeAttributes" : {
                "dataSource" : "Buss_Ram_Ctgry",
                "height" : "100px",
                "inputWidthCSSClass" : "sng-large-input",
                "title" : {
                  "text" : "Buss Ram Ctgry"
                }
              }
            }, {
              "_associatedScreenId" : "86582717-9114-4ef2-3841-2a1eef238be1",
              "attrs" : {
                "category" : "Fields",
                "id" : "cf636c94-c1f6-457b-36ea-05ffe8b346cb",
                "states" : {
                  "readOnly" : true,
                  "required" : true
                },
                "type" : "NumberInput"
              },
              "childNodes" : [ ],
              "typeAttributes" : {
                "alignment" : "TRAILING",
                "dataSource" : "Product_Ram_Score",
                "fractional" : true,
                "inputWidthCSSClass" : "sng-large-input",
                "places" : 0,
                "title" : {
                  "text" : "Product Ram Score"
                }
              }
            }, {
              "_associatedScreenId" : "86582717-9114-4ef2-3841-2a1eef238be1",
              "attrs" : {
                "category" : "Fields",
                "id" : "e4221e8b-06b2-498f-31a4-3e337776c58d",
                "states" : {
                  "readOnly" : true,
                  "required" : true
                },
                "type" : "TextInput"
              },
              "childNodes" : [ ],
              "typeAttributes" : {
                "dataSource" : "Product_Ram_Ctgry",
                "height" : "100px",
                "inputWidthCSSClass" : "sng-large-input",
                "title" : {
                  "text" : "Product Ram Ctgry"
                }
              }
            }, {
              "_associatedScreenId" : "86582717-9114-4ef2-3841-2a1eef238be1",
              "attrs" : {
                "category" : "Fields",
                "id" : "9d0f46b6-b007-478c-3297-8cf3607b33c8",
                "states" : {
                  "readOnly" : true,
                  "required" : true
                },
                "type" : "NumberInput"
              },
              "childNodes" : [ ],
              "typeAttributes" : {
                "alignment" : "TRAILING",
                "dataSource" : "Calc_Ram_Score",
                "fractional" : true,
                "inputWidthCSSClass" : "sng-large-input",
                "places" : 0,
                "title" : {
                  "text" : "Calc Ram Score"
                }
              }
            }, {
              "_associatedScreenId" : "86582717-9114-4ef2-3841-2a1eef238be1",
              "attrs" : {
                "category" : "Fields",
                "id" : "d9097aa3-ef9c-443a-317e-26cded5b547d",
                "states" : {
                  "readOnly" : true,
                  "required" : true
                },
                "type" : "TextInput"
              },
              "childNodes" : [ ],
              "typeAttributes" : {
                "dataSource" : "Calc_Ram_Ctgry",
                "height" : "100px",
                "inputWidthCSSClass" : "sng-large-input",
                "title" : {
                  "text" : "Calc Ram Ctgry"
                }
              }
            }, {
              "_associatedScreenId" : "86582717-9114-4ef2-3841-2a1eef238be1",
              "attrs" : {
                "category" : "Fields",
                "id" : "a55cc100-10ff-454f-3416-16de1bf6d0f6",
                "states" : {
                  "readOnly" : true,
                  "required" : true
                },
                "type" : "TextInput"
              },
              "childNodes" : [ ],
              "typeAttributes" : {
                "dataSource" : "Ram_Smg_Reference",
                "height" : "100px",
                "inputWidthCSSClass" : "sng-large-input",
                "title" : {
                  "text" : "Ram Smg Reference"
                }
              }
            }, {
              "_associatedScreenId" : "86582717-9114-4ef2-3841-2a1eef238be1",
              "attrs" : {
                "category" : "Fields",
                "id" : "29915e88-33ad-4292-3192-7a5bdcc60e4c",
                "states" : {
                  "readOnly" : true,
                  "required" : true
                },
                "type" : "TextInput"
              },
              "childNodes" : [ ],
              "typeAttributes" : {
                "dataSource" : "Overriden_Ram_Ctgry",
                "height" : "100px",
                "inputWidthCSSClass" : "sng-large-input",
                "title" : {
                  "text" : "Overriden Ram Ctgry"
                }
              }
            }, {
              "_associatedScreenId" : "86582717-9114-4ef2-3841-2a1eef238be1",
              "attrs" : {
                "category" : "Fields",
                "id" : "ab9916ed-bac2-4014-3062-282c7b360a9a",
                "states" : {
                  "readOnly" : true,
                  "required" : true
                },
                "type" : "TextInput"
              },
              "childNodes" : [ ],
              "typeAttributes" : {
                "dataSource" : "Final_Ram_Ctgry",
                "height" : "100px",
                "inputWidthCSSClass" : "sng-large-input",
                "title" : {
                  "text" : "Final Ram Ctgry"
                }
              }
            } ],
            "typeAttributes" : {
              "mdColSpan" : "6"
            }
          } ],
          "typeAttributes" : {
            "title" : {
              "text" : "2-Column"
            }
          }
        }, {
          "_associatedScreenId" : "86582717-9114-4ef2-3841-2a1eef238be1",
          "attrs" : {
            "category" : "Fields",
            "id" : "78a960a6-1734-4408-38bc-bda7460c31a3",
            "states" : {
              "readOnly" : false,
              "required" : false
            },
            "type" : "LinkedRecordSummary"
          },
          "childNodes" : [ ],
          "typeAttributes" : {
            "resultEntities" : {
              "Company_Contact_Details" : {
                "columns" : [ "Additional_Number", "Address_Old", "Apartment_Number", "Area_Name", "Business_Fax", "City_Name", "company_contact_details_id", "Contact_Name", "Contact_Title", "Country", "Country_Code", "Email_Address", "Mobile_Number", "PO_Box_No", "Phone_Number", "Postal_Code", "Street_Name", "Unit_No", "Website" ],
                "label" : "Company Contact Details",
                "sort" : {
                  "dir" : "asc"
                },
                "titleText" : "Company Contact Details"
              }
            },
            "showObjectSummaryPages" : false,
            "showRelationshipSummaries" : true,
            "title" : {
              "text" : "Related Objects"
            },
            "traversals" : [ "fe56e6d0-3311-42e6-9b79-a53ed4f7511f" ]
          }
        }, {
          "_associatedScreenId" : "86582717-9114-4ef2-3841-2a1eef238be1",
          "attrs" : {
            "category" : "Fields",
            "id" : "b79f25ae-1866-45ee-3078-e7dcad897ea7",
            "states" : {
              "readOnly" : false,
              "required" : false
            },
            "type" : "LinkedRecordSummary"
          },
          "childNodes" : [ ],
          "typeAttributes" : {
            "resultEntities" : {
              "BoardMember_Details" : {
                "columns" : [ "boardmember_details_id", "Date_of_Birth", "ID_No", "Name", "PEP", "Res_Address_Country", "Title" ],
                "label" : "Boardmember Details",
                "sort" : {
                  "dir" : "asc"
                },
                "titleText" : "Boardmember Details"
              }
            },
            "showObjectSummaryPages" : false,
            "showRelationshipSummaries" : true,
            "title" : {
              "text" : "Related Objects"
            },
            "traversals" : [ "f847a13a-d372-422e-9e16-32024c6a1263" ]
          }
        }, {
          "_associatedScreenId" : "86582717-9114-4ef2-3841-2a1eef238be1",
          "attrs" : {
            "category" : "Fields",
            "id" : "6e023a24-b1e2-407e-33cb-3af679520799",
            "states" : {
              "readOnly" : false,
              "required" : false
            },
            "type" : "LinkedRecordSummary"
          },
          "childNodes" : [ ],
          "typeAttributes" : {
            "resultEntities" : {
              "Portfolio_Details" : {
                "columns" : [ "Portfolio_Number", "portfolio_details_id" ],
                "label" : "Portfolio Details",
                "sort" : {
                  "dir" : "asc"
                },
                "titleText" : "Portfolio Details"
              }
            },
            "showObjectSummaryPages" : false,
            "showRelationshipSummaries" : true,
            "title" : {
              "text" : "Related Objects"
            },
            "traversals" : [ "83840c40-8d42-4c54-b976-81ad4ac18e8a" ]
          }
        }, {
          "_associatedScreenId" : "86582717-9114-4ef2-3841-2a1eef238be1",
          "attrs" : {
            "category" : "Fields",
            "id" : "e631a70c-671e-4cc6-3d1b-f0a8a1d9cc54",
            "states" : {
              "readOnly" : false,
              "required" : false
            },
            "type" : "LinkedRecordSummary"
          },
          "childNodes" : [ ],
          "typeAttributes" : {
            "resultEntities" : {
              "ShareHolder_Details" : {
                "columns" : [ "BO_Type", "Date_of_Birth", "ID_CR_No", "Name", "PEP", "Percentage", "Res_Address_Country" ],
                "label" : "Shareholder Details",
                "sort" : {
                  "dir" : "asc"
                },
                "titleText" : "Shareholder Details"
              }
            },
            "showObjectSummaryPages" : false,
            "showRelationshipSummaries" : true,
            "title" : {
              "text" : "Related Objects"
            },
            "traversals" : [ "f05ef13d-2044-423d-828f-105d7e9fc176" ]
          }
        }, {
          "_associatedScreenId" : "86582717-9114-4ef2-3841-2a1eef238be1",
          "attrs" : {
            "category" : "Fields",
            "id" : "dcc3d9c7-6461-408c-3407-bde63296b094",
            "states" : {
              "readOnly" : false,
              "required" : false
            },
            "type" : "LinkedRecordSummary"
          },
          "childNodes" : [ ],
          "typeAttributes" : {
            "resultEntities" : {
              "FATCA" : {
                "columns" : [ "FATCA_doc_type", "FATCA_ent_classification", "fatca_id", "GIIN", "Mandatory_RSS", "RM_Self_Cert_issu" ],
                "label" : "FATCA",
                "sort" : {
                  "dir" : "asc"
                },
                "titleText" : "FATCA"
              }
            },
            "showObjectSummaryPages" : false,
            "showRelationshipSummaries" : true,
            "title" : {
              "text" : "Related Objects"
            },
            "traversals" : [ "da5a0826-4fbb-4963-82b6-9176897e6e5f" ]
          }
        }, {
          "_associatedScreenId" : "86582717-9114-4ef2-3841-2a1eef238be1",
          "attrs" : {
            "category" : "Fields",
            "id" : "87c9012e-6135-477f-3905-bed22f415ad9",
            "states" : {
              "readOnly" : false,
              "required" : false
            },
            "type" : "LinkedRecordSummary"
          },
          "childNodes" : [ ],
          "typeAttributes" : {
            "resultEntities" : {
              "Investment_Account_Detail" : {
                "columns" : [ "Investment_Acc_Num", "investment_account_detail_id" ],
                "label" : "Investment Account Detail",
                "sort" : {
                  "dir" : "asc"
                },
                "titleText" : "Investment Account Detail"
              }
            },
            "showObjectSummaryPages" : false,
            "showRelationshipSummaries" : true,
            "title" : {
              "text" : "Related Objects"
            },
            "traversals" : [ "610b7dff-e0ef-49e3-970d-bb2c0333a30b" ]
          }
        }, {
          "_associatedScreenId" : "86582717-9114-4ef2-3841-2a1eef238be1",
          "attrs" : {
            "category" : "Fields",
            "id" : "7347d8c9-3136-4d39-31f1-743dd63677ce",
            "states" : {
              "readOnly" : false,
              "required" : false
            },
            "type" : "LinkedRecordSummary"
          },
          "childNodes" : [ ],
          "typeAttributes" : {
            "resultEntities" : {
              "KYC_and_Staff_Details" : {
                "columns" : [ "Client_Class", "Ent_Class", "Event_Remarks", "ISBA_Client", "KYC_Expiry_Date", "KYC_Form_Date", "KYC_On_Date", "KYC_Reason", "KYC_Reliance", "KYC_Staff", "KYC_Status", "KYC_Update", "kyc_and_staff_details_id", "Line_Of_Bus", "Official_Rec", "Online_Ser", "Preff_Lang", "Rel_Status", "Relationship_Mng", "Rest_Code", "SCC_Status", "SCC_Type", "Signoff_Date", "Staff_Nmbr", "Trade_Opt" ],
                "label" : "KYC And Staff Details",
                "sort" : {
                  "dir" : "asc"
                },
                "titleText" : "KYC And Staff Details"
              }
            },
            "showObjectSummaryPages" : false,
            "showRelationshipSummaries" : true,
            "title" : {
              "text" : "Related Objects"
            },
            "traversals" : [ "65e62c40-cba6-4fa1-b6f8-09b377a634a2" ]
          }
        } ],
        "events" : { },
        "id" : "86582717-9114-4ef2-3841-2a1eef238be1",
        "name" : ""
      } ],
      "title" : ""
    },
    "templateType" : "page",
    "uuid" : "207e4c88-5c93-4634-a977-bcc254113ff5"
  } ],
  "handlerName" : "datahub"
}