{
  "schemaVersion" : "10.7.0",
  "templates" : [ {
    "clientApplication" : "desktop",
    "documentType" : "Company_Contact_Details",
    "metadata" : {
      "dataSources" : [ {
        "fields" : [ "CaseID", "company_contact_details_id", "Address_Old", "Additional_Number", "Apartment_Number", "Postal_Code", "PO_Box_No", "Unit_No", "City_Name", "Area_Name", "Street_Name", "Country", "Contact_Name", "Contact_Title", "Email_Address", "Website", "Country_Code", "Phone_Number", "Mobile_Number", "Business_Fax" ],
        "objectName" : "Company_Contact_Details"
      } ],
      "insightsEnabled" : false,
      "workspaceEnabled" : false
    },
    "name" : "Company Contact Details",
    "template" : {
      "screens" : [ {
        "childNodes" : [ {
          "_associatedScreenId" : "a1c28a7c-c6bf-42b0-3122-eff6c6ceec15",
          "attrs" : {
            "category" : "Panels",
            "id" : "34a18d89-84ce-4bf7-3eb8-b46af1bb2ae3",
            "states" : {
              "readOnly" : true
            },
            "type" : "ColumnGroup-Two"
          },
          "childNodes" : [ {
            "_associatedScreenId" : "a1c28a7c-c6bf-42b0-3122-eff6c6ceec15",
            "attrs" : {
              "category" : "Container",
              "id" : "be8e9f62-8e2f-4573-32b8-ac0590964b3e",
              "type" : "ColumnContainer"
            },
            "childNodes" : [ {
              "_associatedScreenId" : "a1c28a7c-c6bf-42b0-3122-eff6c6ceec15",
              "attrs" : {
                "category" : "Fields",
                "id" : "8c873ec4-5929-488d-3d3e-c57f64c7f727",
                "states" : {
                  "readOnly" : true,
                  "required" : true
                },
                "type" : "TextInput"
              },
              "childNodes" : [ ],
              "typeAttributes" : {
                "dataSource" : "CaseID",
                "height" : "100px",
                "inputWidthCSSClass" : "sng-fit-input",
                "title" : {
                  "text" : "Caseid"
                }
              }
            }, {
              "_associatedScreenId" : "a1c28a7c-c6bf-42b0-3122-eff6c6ceec15",
              "attrs" : {
                "category" : "Fields",
                "id" : "220b5017-a218-4364-3124-c6c88638644b",
                "states" : {
                  "readOnly" : true,
                  "required" : true
                },
                "type" : "TextInput"
              },
              "childNodes" : [ ],
              "typeAttributes" : {
                "dataSource" : "company_contact_details_id",
                "height" : "100px",
                "inputWidthCSSClass" : "sng-fit-input",
                "title" : {
                  "text" : "Company_Contact_Details ID"
                }
              }
            }, {
              "_associatedScreenId" : "a1c28a7c-c6bf-42b0-3122-eff6c6ceec15",
              "attrs" : {
                "category" : "Fields",
                "id" : "b72b0bba-4a85-4ffb-31e6-badcb3aabbc2",
                "states" : {
                  "readOnly" : true,
                  "required" : true
                },
                "type" : "TextInput"
              },
              "childNodes" : [ ],
              "typeAttributes" : {
                "dataSource" : "Address_Old",
                "height" : "100px",
                "inputWidthCSSClass" : "sng-fit-input",
                "multiLine" : false,
                "title" : {
                  "text" : "Address Old"
                }
              }
            }, {
              "_associatedScreenId" : "a1c28a7c-c6bf-42b0-3122-eff6c6ceec15",
              "attrs" : {
                "category" : "Fields",
                "id" : "d0ac07c5-cc13-4d4e-3b1b-819a30006430",
                "states" : {
                  "readOnly" : true,
                  "required" : true
                },
                "type" : "TextInput"
              },
              "childNodes" : [ ],
              "typeAttributes" : {
                "dataSource" : "Additional_Number",
                "height" : "100px",
                "inputWidthCSSClass" : "sng-medium-input",
                "multiLine" : false,
                "title" : {
                  "text" : "Additional Number"
                }
              }
            }, {
              "_associatedScreenId" : "a1c28a7c-c6bf-42b0-3122-eff6c6ceec15",
              "attrs" : {
                "category" : "Fields",
                "id" : "5e0f45d6-8f0b-4b4b-38e0-a1b58ccff468",
                "states" : {
                  "readOnly" : true,
                  "required" : true
                },
                "type" : "TextInput"
              },
              "childNodes" : [ ],
              "typeAttributes" : {
                "dataSource" : "Apartment_Number",
                "height" : "100px",
                "inputWidthCSSClass" : "sng-medium-input",
                "title" : {
                  "text" : "Apartment Number"
                }
              }
            }, {
              "_associatedScreenId" : "a1c28a7c-c6bf-42b0-3122-eff6c6ceec15",
              "attrs" : {
                "category" : "Fields",
                "id" : "a63ef60a-788e-43a1-3d93-70fbdcfa1f52",
                "states" : {
                  "readOnly" : true,
                  "required" : true
                },
                "type" : "TextInput"
              },
              "childNodes" : [ ],
              "typeAttributes" : {
                "dataSource" : "Postal_Code",
                "height" : "100px",
                "inputWidthCSSClass" : "sng-medium-input",
                "title" : {
                  "text" : "Postal Code"
                }
              }
            }, {
              "_associatedScreenId" : "a1c28a7c-c6bf-42b0-3122-eff6c6ceec15",
              "attrs" : {
                "category" : "Fields",
                "id" : "9d6774c3-5bc1-42ff-3ec0-35f9ee3b412f",
                "states" : {
                  "readOnly" : true,
                  "required" : true
                },
                "type" : "TextInput"
              },
              "childNodes" : [ ],
              "typeAttributes" : {
                "dataSource" : "PO_Box_No",
                "height" : "100px",
                "inputWidthCSSClass" : "sng-medium-input",
                "title" : {
                  "text" : "PO Box No"
                }
              }
            }, {
              "_associatedScreenId" : "a1c28a7c-c6bf-42b0-3122-eff6c6ceec15",
              "attrs" : {
                "category" : "Fields",
                "id" : "8717b8fb-1ef7-4665-3527-9a7e05531496",
                "states" : {
                  "readOnly" : true,
                  "required" : true
                },
                "type" : "TextInput"
              },
              "childNodes" : [ ],
              "typeAttributes" : {
                "dataSource" : "Unit_No",
                "height" : "100px",
                "inputWidthCSSClass" : "sng-medium-input",
                "title" : {
                  "text" : "Unit No"
                }
              }
            }, {
              "_associatedScreenId" : "a1c28a7c-c6bf-42b0-3122-eff6c6ceec15",
              "attrs" : {
                "category" : "Fields",
                "id" : "b41e97d0-dc5f-4116-3e4e-91f3bff381ac",
                "states" : {
                  "readOnly" : true,
                  "required" : true
                },
                "type" : "DropdownList"
              },
              "childNodes" : [ ],
              "typeAttributes" : {
                "dataSource" : "City_Name",
                "defaultSelection" : null,
                "inputWidthCSSClass" : "sng-large-input",
                "title" : {
                  "text" : "City Name"
                }
              }
            }, {
              "_associatedScreenId" : "a1c28a7c-c6bf-42b0-3122-eff6c6ceec15",
              "attrs" : {
                "category" : "Fields",
                "id" : "47a5e362-716e-46b3-37d5-e9a540354123",
                "states" : {
                  "readOnly" : true,
                  "required" : true
                },
                "type" : "TextInput"
              },
              "childNodes" : [ ],
              "typeAttributes" : {
                "dataSource" : "Area_Name",
                "height" : "100px",
                "inputWidthCSSClass" : "sng-large-input",
                "title" : {
                  "text" : "Area Name"
                }
              }
            }, {
              "_associatedScreenId" : "a1c28a7c-c6bf-42b0-3122-eff6c6ceec15",
              "attrs" : {
                "category" : "Fields",
                "id" : "0f4e5de4-d863-4b79-357e-169229bece28",
                "states" : {
                  "readOnly" : true,
                  "required" : true
                },
                "type" : "TextInput"
              },
              "childNodes" : [ ],
              "typeAttributes" : {
                "dataSource" : "Street_Name",
                "height" : "100px",
                "inputWidthCSSClass" : "sng-fit-input",
                "title" : {
                  "text" : "Street Name"
                }
              }
            }, {
              "_associatedScreenId" : "a1c28a7c-c6bf-42b0-3122-eff6c6ceec15",
              "attrs" : {
                "category" : "Fields",
                "id" : "69369dc6-2e5c-446f-3561-9924f98921fd",
                "states" : {
                  "readOnly" : true,
                  "required" : true
                },
                "type" : "DropdownList"
              },
              "childNodes" : [ ],
              "typeAttributes" : {
                "dataSource" : "Country",
                "defaultSelection" : null,
                "inputWidthCSSClass" : "sng-large-input",
                "title" : {
                  "text" : "Country"
                }
              }
            } ],
            "typeAttributes" : {
              "mdColSpan" : "6"
            }
          }, {
            "_associatedScreenId" : "a1c28a7c-c6bf-42b0-3122-eff6c6ceec15",
            "attrs" : {
              "category" : "Container",
              "id" : "2fed9c7e-fe1d-4ea8-3996-565f4ef4fff3",
              "type" : "ColumnContainer"
            },
            "childNodes" : [ {
              "_associatedScreenId" : "a1c28a7c-c6bf-42b0-3122-eff6c6ceec15",
              "attrs" : {
                "category" : "Fields",
                "id" : "ff24221c-1fe2-4acd-342c-74b72705853e",
                "states" : {
                  "readOnly" : true,
                  "required" : true
                },
                "type" : "TextInput"
              },
              "childNodes" : [ ],
              "typeAttributes" : {
                "dataSource" : "Contact_Name",
                "height" : "100px",
                "inputWidthCSSClass" : "sng-large-input",
                "title" : {
                  "text" : "Contact Name"
                }
              }
            }, {
              "_associatedScreenId" : "a1c28a7c-c6bf-42b0-3122-eff6c6ceec15",
              "attrs" : {
                "category" : "Fields",
                "id" : "f96beebf-016d-4355-35d5-dc2c09e47558",
                "states" : {
                  "readOnly" : true,
                  "required" : true
                },
                "type" : "TextInput"
              },
              "childNodes" : [ ],
              "typeAttributes" : {
                "dataSource" : "Contact_Title",
                "height" : "100px",
                "inputWidthCSSClass" : "sng-large-input",
                "title" : {
                  "text" : "Contact Title"
                }
              }
            }, {
              "_associatedScreenId" : "a1c28a7c-c6bf-42b0-3122-eff6c6ceec15",
              "attrs" : {
                "category" : "Fields",
                "id" : "257b4030-d982-4a62-3e4d-33b9beec7304",
                "states" : {
                  "readOnly" : true,
                  "required" : true
                },
                "type" : "TextInput"
              },
              "childNodes" : [ ],
              "typeAttributes" : {
                "dataSource" : "Email_Address",
                "height" : "100px",
                "inputWidthCSSClass" : "sng-large-input",
                "title" : {
                  "text" : "Email Address"
                }
              }
            }, {
              "_associatedScreenId" : "a1c28a7c-c6bf-42b0-3122-eff6c6ceec15",
              "attrs" : {
                "category" : "Fields",
                "id" : "2308c221-a0d6-4b5d-3ee9-15732f01e52e",
                "states" : {
                  "readOnly" : true,
                  "required" : true
                },
                "type" : "TextInput"
              },
              "childNodes" : [ ],
              "typeAttributes" : {
                "dataSource" : "Website",
                "height" : "100px",
                "inputWidthCSSClass" : "sng-large-input",
                "title" : {
                  "text" : "Website"
                }
              }
            }, {
              "_associatedScreenId" : "a1c28a7c-c6bf-42b0-3122-eff6c6ceec15",
              "attrs" : {
                "category" : "Fields",
                "id" : "5794bbeb-f1c8-4cbe-3b77-d483baa2d89f",
                "states" : {
                  "readOnly" : true,
                  "required" : true
                },
                "type" : "TextInput"
              },
              "childNodes" : [ ],
              "typeAttributes" : {
                "dataSource" : "Country_Code",
                "height" : "100px",
                "inputWidthCSSClass" : "sng-large-input",
                "title" : {
                  "text" : "Country_Code"
                }
              }
            }, {
              "_associatedScreenId" : "a1c28a7c-c6bf-42b0-3122-eff6c6ceec15",
              "attrs" : {
                "category" : "Fields",
                "id" : "2fc85060-c893-4400-38aa-c4962339c232",
                "states" : {
                  "readOnly" : true,
                  "required" : true
                },
                "type" : "NumberInput"
              },
              "childNodes" : [ ],
              "typeAttributes" : {
                "alignment" : "TRAILING",
                "dataSource" : "Phone_Number",
                "fractional" : true,
                "inputWidthCSSClass" : "sng-large-input",
                "places" : 0,
                "title" : {
                  "text" : "Phone Number"
                }
              }
            }, {
              "_associatedScreenId" : "a1c28a7c-c6bf-42b0-3122-eff6c6ceec15",
              "attrs" : {
                "category" : "Fields",
                "id" : "60a80312-f106-4560-34c0-20d882f41015",
                "states" : {
                  "readOnly" : true,
                  "required" : true
                },
                "type" : "NumberInput"
              },
              "childNodes" : [ ],
              "typeAttributes" : {
                "alignment" : "TRAILING",
                "dataSource" : "Mobile_Number",
                "fractional" : true,
                "inputWidthCSSClass" : "sng-large-input",
                "places" : 0,
                "title" : {
                  "text" : "Mobile Number"
                }
              }
            }, {
              "_associatedScreenId" : "a1c28a7c-c6bf-42b0-3122-eff6c6ceec15",
              "attrs" : {
                "category" : "Fields",
                "id" : "84dfa6d4-1483-4383-36f7-4ba41c14c135",
                "states" : {
                  "readOnly" : true,
                  "required" : true
                },
                "type" : "TextInput"
              },
              "childNodes" : [ ],
              "typeAttributes" : {
                "dataSource" : "Business_Fax",
                "height" : "100px",
                "inputWidthCSSClass" : "sng-large-input",
                "title" : {
                  "text" : "Business Fax"
                }
              }
            } ],
            "typeAttributes" : {
              "mdColSpan" : "6"
            }
          } ],
          "typeAttributes" : {
            "title" : {
              "text" : "2-Column"
            }
          }
        } ],
        "events" : { },
        "id" : "a1c28a7c-c6bf-42b0-3122-eff6c6ceec15",
        "name" : ""
      } ],
      "title" : ""
    },
    "templateType" : "page",
    "uuid" : "7ba9c77a-4a1a-4b3b-87e3-da727e079470"
  } ],
  "handlerName" : "datahub"
}