{
  "schemaVersion" : "10.7.0",
  "templates" : [ {
    "clientApplication" : "desktop",
    "documentType" : "cus_address",
    "metadata" : {
      "dataSources" : [ {
        "fields" : [ "address_id", "customer_number", "address_line_1", "address_line_2", "state_code", "country_code", "zip", "load_dt" ],
        "objectName" : "cus_address"
      } ],
      "insightsEnabled" : false,
      "workspaceEnabled" : false
    },
    "name" : "cus_address-Inspector-pane",
    "template" : {
      "id" : "a1604776-62a9-4a91-b279-0ab1ebc39476",
      "screens" : [ {
        "childNodes" : [ {
          "attrs" : {
            "category" : "Panels",
            "id" : "a76a17b6-e40d-44ff-b9e7-f884165011ce",
            "states" : "{readOnly:true}",
            "type" : "GroupBox"
          },
          "childNodes" : [ {
            "attrs" : {
              "category" : "Fields",
              "id" : "4ecb721c-c436-4681-bba9-f37c5b53b686",
              "states" : "{readOnly:true}",
              "type" : "TextInput"
            },
            "childNodes" : [ ],
            "typeAttributes" : {
              "dataSource" : "address_id",
              "title" : {
                "text" : "Address Id"
              }
            }
          }, {
            "attrs" : {
              "category" : "Fields",
              "id" : "05bed645-7ac1-4e41-8de3-2828d2b66e48",
              "states" : "{readOnly:true}",
              "type" : "TextInput"
            },
            "childNodes" : [ ],
            "typeAttributes" : {
              "dataSource" : "customer_number",
              "title" : {
                "text" : "Customer Number"
              }
            }
          }, {
            "attrs" : {
              "category" : "Fields",
              "id" : "0949a758-6dd0-413e-97d3-56f71ad16d5b",
              "states" : "{readOnly:true}",
              "type" : "TextInput"
            },
            "childNodes" : [ ],
            "typeAttributes" : {
              "dataSource" : "address_line_1",
              "title" : {
                "text" : "Address Line 1"
              }
            }
          }, {
            "attrs" : {
              "category" : "Fields",
              "id" : "05f5ea13-70fe-4e18-90bc-d3b4eb61f070",
              "states" : "{readOnly:true}",
              "type" : "TextInput"
            },
            "childNodes" : [ ],
            "typeAttributes" : {
              "dataSource" : "address_line_2",
              "title" : {
                "text" : "Address Line 2"
              }
            }
          }, {
            "attrs" : {
              "category" : "Fields",
              "id" : "ea959591-9bdb-4123-be77-27f1310a9d09",
              "states" : "{readOnly:true}",
              "type" : "TextInput"
            },
            "childNodes" : [ ],
            "typeAttributes" : {
              "dataSource" : "state_code",
              "title" : {
                "text" : "State Code"
              }
            }
          }, {
            "attrs" : {
              "category" : "Fields",
              "id" : "b69b29b0-c6a2-46ba-be26-6ec6ae023909",
              "states" : "{readOnly:true}",
              "type" : "TextInput"
            },
            "childNodes" : [ ],
            "typeAttributes" : {
              "dataSource" : "country_code",
              "title" : {
                "text" : "Country Code"
              }
            }
          }, {
            "attrs" : {
              "category" : "Fields",
              "id" : "4fb0d9e1-3c63-4c17-bc96-edd823951263",
              "states" : "{readOnly:true}",
              "type" : "TextInput"
            },
            "childNodes" : [ ],
            "typeAttributes" : {
              "dataSource" : "zip",
              "title" : {
                "text" : "Zip"
              }
            }
          }, {
            "attrs" : {
              "category" : "Fields",
              "id" : "900f9411-5354-432e-88de-49cb1edb8c5d",
              "states" : "{readOnly:true}",
              "type" : "DateTime"
            },
            "childNodes" : [ ],
            "typeAttributes" : {
              "dataSource" : "load_dt",
              "dateFormat" : "LOCALE",
              "showTime" : "true",
              "title" : {
                "text" : "Load Dt"
              }
            }
          } ],
          "typeAttributes" : {
            "title" : {
              "text" : "Address"
            }
          }
        } ],
        "events" : { },
        "id" : "b8ca09fa-d29b-4a5c-ac04-bd242d8b7c0f",
        "name" : "Address"
      } ],
      "title" : "Page Template for the entity \"cus_address\""
    },
    "templateType" : "page",
    "uuid" : "4ab397b0-6f6b-4c93-96d8-c06d227c847c"
  } ],
  "handlerName" : "datahub"
}