{
  "schemaVersion" : "10.7.0",
  "templates" : [ {
    "clientApplication" : "desktop",
    "documentType" : "cus_address",
    "metadata" : {
      "dataSources" : [ {
        "fields" : [ "address_id", "customer_number", "address_line_1", "address_line_2", "state_code", "country_code", "zip", "load_dt" ],
        "objectName" : "cus_address"
      } ],
      "insightsEnabled" : false,
      "workspaceEnabled" : false
    },
    "name" : "cus_address-Summary-pane",
    "template" : {
      "id" : "feeb18ec-2db7-44c4-b186-dfffbb0e51a8",
      "screens" : [ {
        "childNodes" : [ {
          "attrs" : {
            "category" : "Panels",
            "id" : "33e58031-a16d-42f0-8196-473945204ee8",
            "states" : "{readOnly:true}",
            "type" : "GroupBox"
          },
          "childNodes" : [ {
            "attrs" : {
              "category" : "Panels",
              "id" : "cfe45305-1dba-478a-ad72-bfd4b486ddbc",
              "type" : "MasonryLayout"
            },
            "childNodes" : [ {
              "attrs" : {
                "category" : "Fields",
                "id" : "06003631-9e56-4178-ab43-1b55641a039c",
                "states" : "{readOnly:true}",
                "type" : "TextInput"
              },
              "childNodes" : [ ],
              "inheritedAttributes" : {
                "spanCSSClass" : "sng-masonry-one"
              },
              "typeAttributes" : {
                "dataSource" : "address_id",
                "title" : {
                  "text" : "Address Id"
                }
              }
            }, {
              "attrs" : {
                "category" : "Fields",
                "id" : "52c69a51-1b3d-4bd7-8f6e-98b7a8b03818",
                "states" : "{readOnly:true}",
                "type" : "TextInput"
              },
              "childNodes" : [ ],
              "inheritedAttributes" : {
                "spanCSSClass" : "sng-masonry-one"
              },
              "typeAttributes" : {
                "dataSource" : "customer_number",
                "title" : {
                  "text" : "Customer Number"
                }
              }
            }, {
              "attrs" : {
                "category" : "Fields",
                "id" : "750d498c-f093-4695-9640-dbebb913ca84",
                "states" : "{readOnly:true}",
                "type" : "TextInput"
              },
              "childNodes" : [ ],
              "inheritedAttributes" : {
                "spanCSSClass" : "sng-masonry-one"
              },
              "typeAttributes" : {
                "dataSource" : "address_line_1",
                "title" : {
                  "text" : "Address Line 1"
                }
              }
            }, {
              "attrs" : {
                "category" : "Fields",
                "id" : "55243148-5fde-4ca7-8742-5d1b603444d7",
                "states" : "{readOnly:true}",
                "type" : "TextInput"
              },
              "childNodes" : [ ],
              "inheritedAttributes" : {
                "spanCSSClass" : "sng-masonry-one"
              },
              "typeAttributes" : {
                "dataSource" : "address_line_2",
                "title" : {
                  "text" : "Address Line 2"
                }
              }
            }, {
              "attrs" : {
                "category" : "Fields",
                "id" : "dead06ba-1b39-443d-ae95-0adb54a19d62",
                "states" : "{readOnly:true}",
                "type" : "TextInput"
              },
              "childNodes" : [ ],
              "inheritedAttributes" : {
                "spanCSSClass" : "sng-masonry-one"
              },
              "typeAttributes" : {
                "dataSource" : "state_code",
                "title" : {
                  "text" : "State Code"
                }
              }
            }, {
              "attrs" : {
                "category" : "Fields",
                "id" : "1bd8946d-5947-4304-a211-ebee82bde9ab",
                "states" : "{readOnly:true}",
                "type" : "TextInput"
              },
              "childNodes" : [ ],
              "inheritedAttributes" : {
                "spanCSSClass" : "sng-masonry-one"
              },
              "typeAttributes" : {
                "dataSource" : "country_code",
                "title" : {
                  "text" : "Country Code"
                }
              }
            }, {
              "attrs" : {
                "category" : "Fields",
                "id" : "9e7a88b4-6247-4849-b485-5b46381a37bb",
                "states" : "{readOnly:true}",
                "type" : "TextInput"
              },
              "childNodes" : [ ],
              "inheritedAttributes" : {
                "spanCSSClass" : "sng-masonry-one"
              },
              "typeAttributes" : {
                "dataSource" : "zip",
                "title" : {
                  "text" : "Zip"
                }
              }
            }, {
              "attrs" : {
                "category" : "Fields",
                "id" : "209d3420-153a-499d-a6c4-8a28cdab7b2c",
                "states" : "{readOnly:true}",
                "type" : "DateTime"
              },
              "childNodes" : [ ],
              "inheritedAttributes" : {
                "spanCSSClass" : "sng-masonry-one"
              },
              "typeAttributes" : {
                "dataSource" : "load_dt",
                "dateFormat" : "LOCALE",
                "showTime" : "true",
                "title" : {
                  "text" : "Load Dt"
                }
              }
            } ],
            "typeAttributes" : {
              "title" : {
                "text" : "Cascading"
              }
            }
          } ],
          "typeAttributes" : {
            "title" : {
              "text" : "Address"
            }
          }
        } ],
        "events" : { },
        "id" : "ab7a72ff-4995-4e60-8e89-4a4739dd1fc9",
        "name" : "Address"
      } ],
      "title" : "Page Template for the entity \"cus_address\""
    },
    "templateType" : "page",
    "uuid" : "a7903ed2-24a2-48c6-aaca-421296d02b33"
  } ],
  "handlerName" : "datahub"
}