{
  "schemaVersion" : "10.7.0",
  "templates" : [ {
    "clientApplication" : "desktop",
    "documentType" : "cus_phone",
    "metadata" : {
      "dataSources" : [ {
        "fields" : [ "phone_id", "phone_number", "customer_number", "phone_type", "load_dt" ],
        "objectName" : "cus_phone"
      } ],
      "insightsEnabled" : false,
      "workspaceEnabled" : false
    },
    "name" : "cus_phone-Inspector-pane",
    "template" : {
      "id" : "2feaad12-ed49-490c-9f76-505b308ec4be",
      "screens" : [ {
        "childNodes" : [ {
          "attrs" : {
            "category" : "Panels",
            "id" : "9bb5acbd-55cc-45dc-a542-1ebf9162de81",
            "states" : "{readOnly:true}",
            "type" : "GroupBox"
          },
          "childNodes" : [ {
            "attrs" : {
              "category" : "Fields",
              "id" : "86f1183c-a044-48e6-be5b-44b1f53266c9",
              "states" : "{readOnly:true}",
              "type" : "TextInput"
            },
            "childNodes" : [ ],
            "typeAttributes" : {
              "dataSource" : "phone_id",
              "title" : {
                "text" : "Phone Id"
              }
            }
          }, {
            "attrs" : {
              "category" : "Fields",
              "id" : "bf740056-22a0-4655-a106-8bf10c2e4a8a",
              "states" : "{readOnly:true}",
              "type" : "TextInput"
            },
            "childNodes" : [ ],
            "typeAttributes" : {
              "dataSource" : "phone_number",
              "title" : {
                "text" : "Phone Number"
              }
            }
          }, {
            "attrs" : {
              "category" : "Fields",
              "id" : "129926a5-eae6-4ba9-8bac-5e43457fa23c",
              "states" : "{readOnly:true}",
              "type" : "TextInput"
            },
            "childNodes" : [ ],
            "typeAttributes" : {
              "dataSource" : "customer_number",
              "title" : {
                "text" : "Customer Number"
              }
            }
          }, {
            "attrs" : {
              "category" : "Fields",
              "id" : "ff2c8de1-2250-428b-8443-dfb3a9416f7b",
              "states" : "{readOnly:true}",
              "type" : "TextInput"
            },
            "childNodes" : [ ],
            "typeAttributes" : {
              "dataSource" : "phone_type",
              "title" : {
                "text" : "Phone Type"
              }
            }
          }, {
            "attrs" : {
              "category" : "Fields",
              "id" : "723f59c4-8ffc-4eb8-a907-17a9ce521846",
              "states" : "{readOnly:true}",
              "type" : "DateTime"
            },
            "childNodes" : [ ],
            "typeAttributes" : {
              "dataSource" : "load_dt",
              "dateFormat" : "LOCALE",
              "showTime" : "true",
              "title" : {
                "text" : "Load Dt"
              }
            }
          } ],
          "typeAttributes" : {
            "title" : {
              "text" : "Phone"
            }
          }
        } ],
        "events" : { },
        "id" : "36ca859f-0087-4e2f-a543-ab8bb69a4250",
        "name" : "Phone"
      } ],
      "title" : "Page Template for the entity \"cus_phone\""
    },
    "templateType" : "page",
    "uuid" : "f6fc7878-fada-48b9-a00f-7ceee62cce71"
  } ],
  "handlerName" : "datahub"
}