{
  "schemaVersion" : "10.7.0",
  "templates" : [ {
    "clientApplication" : "desktop",
    "documentType" : "cus_phone",
    "metadata" : {
      "dataSources" : [ {
        "fields" : [ "phone_id", "phone_number", "customer_number", "phone_type", "load_dt" ],
        "objectName" : "cus_phone"
      } ],
      "insightsEnabled" : false,
      "workspaceEnabled" : false
    },
    "name" : "cus_phone-Summary-pane",
    "template" : {
      "id" : "d0d9c24e-6d13-4fb4-a7fd-033df1a07c25",
      "screens" : [ {
        "childNodes" : [ {
          "attrs" : {
            "category" : "Panels",
            "id" : "6b4f6584-72c2-48dc-b47a-8e6ee949fdb3",
            "states" : "{readOnly:true}",
            "type" : "GroupBox"
          },
          "childNodes" : [ {
            "attrs" : {
              "category" : "Panels",
              "id" : "3d3ae875-b452-43b9-94cc-5dcf25d92a60",
              "type" : "MasonryLayout"
            },
            "childNodes" : [ {
              "attrs" : {
                "category" : "Fields",
                "id" : "a7f1d49b-bbbe-47f4-8f3f-468a6f7bd8d6",
                "states" : "{readOnly:true}",
                "type" : "TextInput"
              },
              "childNodes" : [ ],
              "inheritedAttributes" : {
                "spanCSSClass" : "sng-masonry-one"
              },
              "typeAttributes" : {
                "dataSource" : "phone_id",
                "title" : {
                  "text" : "Phone Id"
                }
              }
            }, {
              "attrs" : {
                "category" : "Fields",
                "id" : "6558105d-ca23-498a-8fbe-47d2e9acdbf7",
                "states" : "{readOnly:true}",
                "type" : "TextInput"
              },
              "childNodes" : [ ],
              "inheritedAttributes" : {
                "spanCSSClass" : "sng-masonry-one"
              },
              "typeAttributes" : {
                "dataSource" : "phone_number",
                "title" : {
                  "text" : "Phone Number"
                }
              }
            }, {
              "attrs" : {
                "category" : "Fields",
                "id" : "751a7355-ab44-42b2-90c8-6743b65a0f5a",
                "states" : "{readOnly:true}",
                "type" : "TextInput"
              },
              "childNodes" : [ ],
              "inheritedAttributes" : {
                "spanCSSClass" : "sng-masonry-one"
              },
              "typeAttributes" : {
                "dataSource" : "customer_number",
                "title" : {
                  "text" : "Customer Number"
                }
              }
            }, {
              "attrs" : {
                "category" : "Fields",
                "id" : "ec2a1550-a34e-4992-a4bc-2ad58995dd85",
                "states" : "{readOnly:true}",
                "type" : "TextInput"
              },
              "childNodes" : [ ],
              "inheritedAttributes" : {
                "spanCSSClass" : "sng-masonry-one"
              },
              "typeAttributes" : {
                "dataSource" : "phone_type",
                "title" : {
                  "text" : "Phone Type"
                }
              }
            }, {
              "attrs" : {
                "category" : "Fields",
                "id" : "27f717f7-d861-42f8-b81e-fe8481ef712b",
                "states" : "{readOnly:true}",
                "type" : "DateTime"
              },
              "childNodes" : [ ],
              "inheritedAttributes" : {
                "spanCSSClass" : "sng-masonry-one"
              },
              "typeAttributes" : {
                "dataSource" : "load_dt",
                "dateFormat" : "LOCALE",
                "showTime" : "true",
                "title" : {
                  "text" : "Load Dt"
                }
              }
            } ],
            "typeAttributes" : {
              "title" : {
                "text" : "Cascading"
              }
            }
          } ],
          "typeAttributes" : {
            "title" : {
              "text" : "Phone"
            }
          }
        } ],
        "events" : { },
        "id" : "fefd958f-f78a-4f2d-bddc-170386747c72",
        "name" : "Phone"
      } ],
      "title" : "Page Template for the entity \"cus_phone\""
    },
    "templateType" : "page",
    "uuid" : "08fa5271-4b3b-4322-9995-23f5c0b1ba90"
  } ],
  "handlerName" : "datahub"
}