{
  "schemaVersion" : "10.7.0",
  "templates" : [ {
    "clientApplication" : "desktop",
    "documentType" : "cus_address",
    "metadata" : {
      "dataSources" : [ {
        "fields" : [ "address_id", "customer_number", "address_line_1", "address_line_2", "state_code", "country_code", "zip", "load_dt" ],
        "objectName" : "cus_address"
      } ],
      "insightsEnabled" : true,
      "workspaceEnabled" : true
    },
    "name" : "cus_address-Full-pane",
    "template" : {
      "id" : "4e1c34d2-d6c7-48c1-b4da-625f5dcdfa29",
      "screens" : [ {
        "childNodes" : [ {
          "attrs" : {
            "category" : "Panels",
            "id" : "b75cd755-f7c9-42d1-99c0-2fb5603fb94f",
            "states" : "{readOnly:true}",
            "type" : "GroupBox"
          },
          "childNodes" : [ {
            "attrs" : {
              "category" : "Fields",
              "id" : "6345d318-4f43-42f5-bccd-827ab13b5e10",
              "states" : "{readOnly:true}",
              "type" : "TextInput"
            },
            "childNodes" : [ ],
            "typeAttributes" : {
              "dataSource" : "address_id",
              "title" : {
                "text" : "Address Id"
              }
            }
          }, {
            "attrs" : {
              "category" : "Fields",
              "id" : "07336558-3141-4d28-89ff-8300de3b412f",
              "states" : "{readOnly:true}",
              "type" : "TextInput"
            },
            "childNodes" : [ ],
            "typeAttributes" : {
              "dataSource" : "customer_number",
              "title" : {
                "text" : "Customer Number"
              }
            }
          }, {
            "attrs" : {
              "category" : "Fields",
              "id" : "fe66a9b6-ad4d-4e8f-b390-6c864c1b0a73",
              "states" : "{readOnly:true}",
              "type" : "TextInput"
            },
            "childNodes" : [ ],
            "typeAttributes" : {
              "dataSource" : "address_line_1",
              "title" : {
                "text" : "Address Line 1"
              }
            }
          }, {
            "attrs" : {
              "category" : "Fields",
              "id" : "9e86149d-8290-4b86-899b-ad7f921771c4",
              "states" : "{readOnly:true}",
              "type" : "TextInput"
            },
            "childNodes" : [ ],
            "typeAttributes" : {
              "dataSource" : "address_line_2",
              "title" : {
                "text" : "Address Line 2"
              }
            }
          }, {
            "attrs" : {
              "category" : "Fields",
              "id" : "5e3950fc-830c-4a60-bd7a-d80be94bcaab",
              "states" : "{readOnly:true}",
              "type" : "TextInput"
            },
            "childNodes" : [ ],
            "typeAttributes" : {
              "dataSource" : "state_code",
              "title" : {
                "text" : "State Code"
              }
            }
          }, {
            "attrs" : {
              "category" : "Fields",
              "id" : "2a8ee3eb-a3ff-45bd-be92-14a5c3ec88b3",
              "states" : "{readOnly:true}",
              "type" : "TextInput"
            },
            "childNodes" : [ ],
            "typeAttributes" : {
              "dataSource" : "country_code",
              "title" : {
                "text" : "Country Code"
              }
            }
          }, {
            "attrs" : {
              "category" : "Fields",
              "id" : "aeaf5e79-4e64-4001-99df-8f3027ba7b65",
              "states" : "{readOnly:true}",
              "type" : "TextInput"
            },
            "childNodes" : [ ],
            "typeAttributes" : {
              "dataSource" : "zip",
              "title" : {
                "text" : "Zip"
              }
            }
          }, {
            "attrs" : {
              "category" : "Fields",
              "id" : "31c6f486-79a7-49dd-90ae-d55087be8496",
              "states" : "{readOnly:true}",
              "type" : "DateTime"
            },
            "childNodes" : [ ],
            "typeAttributes" : {
              "dataSource" : "load_dt",
              "dateFormat" : "LOCALE",
              "showTime" : "true",
              "title" : {
                "text" : "Load Dt"
              }
            }
          } ],
          "typeAttributes" : {
            "title" : {
              "text" : "Address"
            }
          }
        } ],
        "events" : { },
        "id" : "7b668ee8-2f26-4972-8e51-ab3cd1a10e93",
        "name" : "Address"
      } ],
      "title" : "Page Template for the entity \"cus_address\""
    },
    "templateType" : "page",
    "uuid" : "126a8a29-ec15-4aba-9dcb-e46c32217252"
  } ],
  "handlerName" : "datahub"
}