{
  "schemaVersion" : "10.7.0",
  "templates" : [ {
    "clientApplication" : "mobile",
    "documentType" : "cus_address",
    "metadata" : {
      "dataSources" : [ {
        "fields" : [ "address_id", "customer_number", "address_line_1", "address_line_2", "state_code", "country_code", "zip", "load_dt" ],
        "objectName" : "cus_address"
      } ],
      "insightsEnabled" : false,
      "workspaceEnabled" : false
    },
    "name" : "cus_address-Mobile-pane",
    "template" : {
      "id" : "4e114662-1682-4743-a22a-48213e43e593",
      "screens" : [ {
        "childNodes" : [ {
          "attrs" : {
            "category" : "MobileLayoutControls",
            "id" : "6c09fd22-bae3-498f-8016-79857b8b6a65",
            "states" : "{readOnly:true}",
            "type" : "mobileGroupBox"
          },
          "childNodes" : [ {
            "attrs" : {
              "category" : "MobileLayoutControls",
              "id" : "15803d8d-6e0d-4091-a5d6-97baf2780024",
              "type" : "mobileColumnGroup-Two"
            },
            "childNodes" : [ {
              "attrs" : {
                "category" : "Container",
                "id" : "0810d318-faa7-4a50-8455-dedd000f83fb",
                "type" : "ColumnContainer"
              },
              "childNodes" : [ {
                "attrs" : {
                  "category" : "MobileObjectControls",
                  "id" : "6296dfb3-23ec-4ac2-bf14-7e7ec751dfe7",
                  "states" : "{readOnly:true}",
                  "type" : "mobileTextInput"
                },
                "childNodes" : [ ],
                "typeAttributes" : {
                  "dataSource" : "address_id",
                  "title" : {
                    "text" : "Address Id"
                  }
                }
              }, {
                "attrs" : {
                  "category" : "MobileObjectControls",
                  "id" : "c6bea0c9-8779-4ff1-9c4f-7211872c626a",
                  "states" : "{readOnly:true}",
                  "type" : "mobileTextInput"
                },
                "childNodes" : [ ],
                "typeAttributes" : {
                  "dataSource" : "address_line_1",
                  "title" : {
                    "text" : "Address Line 1"
                  }
                }
              }, {
                "attrs" : {
                  "category" : "MobileObjectControls",
                  "id" : "82780254-3cb3-4133-b598-9c4667a24c39",
                  "states" : "{readOnly:true}",
                  "type" : "mobileTextInput"
                },
                "childNodes" : [ ],
                "typeAttributes" : {
                  "dataSource" : "state_code",
                  "title" : {
                    "text" : "State Code"
                  }
                }
              } ],
              "typeAttributes" : {
                "mdColSpan" : "6"
              }
            }, {
              "attrs" : {
                "category" : "Container",
                "id" : "2ee82932-73df-4c27-a577-f1a5df62710f",
                "type" : "ColumnContainer"
              },
              "childNodes" : [ {
                "attrs" : {
                  "category" : "MobileObjectControls",
                  "id" : "760aa8cf-b352-4f24-ba84-00371159d11b",
                  "states" : "{readOnly:true}",
                  "type" : "mobileTextInput"
                },
                "childNodes" : [ ],
                "typeAttributes" : {
                  "dataSource" : "customer_number",
                  "title" : {
                    "text" : "Customer Number"
                  }
                }
              }, {
                "attrs" : {
                  "category" : "MobileObjectControls",
                  "id" : "abd34c4d-0d09-47c4-95b8-5cd049cea7ce",
                  "states" : "{readOnly:true}",
                  "type" : "mobileTextInput"
                },
                "childNodes" : [ ],
                "typeAttributes" : {
                  "dataSource" : "address_line_2",
                  "title" : {
                    "text" : "Address Line 2"
                  }
                }
              }, {
                "attrs" : {
                  "category" : "MobileObjectControls",
                  "id" : "7615f455-a8dd-46b5-9800-1b698d9625fe",
                  "states" : "{readOnly:true}",
                  "type" : "mobileTextInput"
                },
                "childNodes" : [ ],
                "typeAttributes" : {
                  "dataSource" : "country_code",
                  "title" : {
                    "text" : "Country Code"
                  }
                }
              }, {
                "attrs" : {
                  "category" : "MobileObjectControls",
                  "id" : "b600662e-78c4-4ea4-b375-3575515e62d7",
                  "states" : "{readOnly:true}",
                  "type" : "mobileTextInput"
                },
                "childNodes" : [ ],
                "typeAttributes" : {
                  "dataSource" : "zip",
                  "title" : {
                    "text" : "Zip"
                  }
                }
              }, {
                "attrs" : {
                  "category" : "MobileObjectControls",
                  "id" : "0dc7fd49-3d37-4e03-8835-2d4e1d68bb42",
                  "states" : "{readOnly:true}",
                  "type" : "mobileDateTime"
                },
                "childNodes" : [ ],
                "typeAttributes" : {
                  "dataSource" : "load_dt",
                  "dateFormat" : "LOCALE",
                  "showTime" : "true",
                  "title" : {
                    "text" : "Load Dt"
                  }
                }
              } ],
              "typeAttributes" : {
                "mdColSpan" : "6"
              }
            } ],
            "typeAttributes" : {
              "title" : {
                "text" : "2-Column"
              }
            }
          } ],
          "typeAttributes" : {
            "title" : {
              "text" : "Address"
            }
          }
        } ],
        "events" : { },
        "id" : "1acaf938-8f51-4d65-91aa-adaea8b3bb1a",
        "name" : "Address"
      } ],
      "title" : "Page Template for the entity \"cus_address\""
    },
    "templateType" : "page",
    "uuid" : "5c22df4d-b90c-4b68-881e-a6c9c3f76442"
  } ],
  "handlerName" : "datahub"
}