{
  "schemaVersion" : "10.7.0",
  "templates" : [ {
    "clientApplication" : "mobile",
    "documentType" : "cus_phone",
    "metadata" : {
      "dataSources" : [ {
        "fields" : [ "phone_id", "phone_number", "customer_number", "phone_type", "load_dt" ],
        "objectName" : "cus_phone"
      } ],
      "insightsEnabled" : false,
      "workspaceEnabled" : false
    },
    "name" : "cus_phone-Mobile-pane",
    "template" : {
      "id" : "3942d775-6fb1-4b50-9144-0a7247d0fb3f",
      "screens" : [ {
        "childNodes" : [ {
          "attrs" : {
            "category" : "MobileLayoutControls",
            "id" : "49ea6330-ede9-4433-9bce-2fc894acea4c",
            "states" : "{readOnly:true}",
            "type" : "mobileGroupBox"
          },
          "childNodes" : [ {
            "attrs" : {
              "category" : "MobileLayoutControls",
              "id" : "37cad804-04fa-445e-bc41-a3f863f9fd0e",
              "type" : "mobileColumnGroup-Two"
            },
            "childNodes" : [ {
              "attrs" : {
                "category" : "Container",
                "id" : "92a63595-5665-4017-848f-45eda394e81f",
                "type" : "ColumnContainer"
              },
              "childNodes" : [ {
                "attrs" : {
                  "category" : "MobileObjectControls",
                  "id" : "9e88f0bc-e9c1-4339-b1fd-d02175ef7180",
                  "states" : "{readOnly:true}",
                  "type" : "mobileTextInput"
                },
                "childNodes" : [ ],
                "typeAttributes" : {
                  "dataSource" : "phone_number",
                  "title" : {
                    "text" : "Phone Number"
                  }
                }
              }, {
                "attrs" : {
                  "category" : "MobileObjectControls",
                  "id" : "7fb4cc13-f50c-4529-8ba8-7df247334bd0",
                  "states" : "{readOnly:true}",
                  "type" : "mobileTextInput"
                },
                "childNodes" : [ ],
                "typeAttributes" : {
                  "dataSource" : "phone_type",
                  "title" : {
                    "text" : "Phone Type"
                  }
                }
              } ],
              "typeAttributes" : {
                "mdColSpan" : "6"
              }
            }, {
              "attrs" : {
                "category" : "Container",
                "id" : "52a726c8-e4e6-45f9-a12c-e1603acd5475",
                "type" : "ColumnContainer"
              },
              "childNodes" : [ {
                "attrs" : {
                  "category" : "MobileObjectControls",
                  "id" : "9171ed39-50fb-48e7-8a63-da1d5678f9ca",
                  "states" : "{readOnly:true}",
                  "type" : "mobileTextInput"
                },
                "childNodes" : [ ],
                "typeAttributes" : {
                  "dataSource" : "phone_id",
                  "title" : {
                    "text" : "Phone Id"
                  }
                }
              }, {
                "attrs" : {
                  "category" : "MobileObjectControls",
                  "id" : "d7ec06a5-7725-4384-9a1f-5d2aa44ea8b3",
                  "states" : "{readOnly:true}",
                  "type" : "mobileTextInput"
                },
                "childNodes" : [ ],
                "typeAttributes" : {
                  "dataSource" : "customer_number",
                  "title" : {
                    "text" : "Customer Number"
                  }
                }
              }, {
                "attrs" : {
                  "category" : "MobileObjectControls",
                  "id" : "f224d0ad-1801-4a0f-b02a-a3f5e6f1dc4b",
                  "states" : "{readOnly:true}",
                  "type" : "mobileDateTime"
                },
                "childNodes" : [ ],
                "typeAttributes" : {
                  "dataSource" : "load_dt",
                  "dateFormat" : "LOCALE",
                  "showTime" : "true",
                  "title" : {
                    "text" : "Load Dt"
                  }
                }
              } ],
              "typeAttributes" : {
                "mdColSpan" : "6"
              }
            } ],
            "typeAttributes" : {
              "title" : {
                "text" : "2-Column"
              }
            }
          } ],
          "typeAttributes" : {
            "title" : {
              "text" : "Phone"
            }
          }
        } ],
        "events" : { },
        "id" : "408a6560-1928-4fa8-96b5-67b55a1dbb49",
        "name" : "Phone"
      } ],
      "title" : "Page Template for the entity \"cus_phone\""
    },
    "templateType" : "page",
    "uuid" : "214fe7d7-199e-4b42-b781-80d291c666e8"
  } ],
  "handlerName" : "datahub"
}