{
  "schemaVersion" : "10.7.0",
  "templates" : [ {
    "clientApplication" : "desktop",
    "documentType" : "cus_phone",
    "metadata" : {
      "dataSources" : [ {
        "fields" : [ "phone_id", "phone_number", "customer_number", "phone_type", "load_dt" ],
        "objectName" : "cus_phone"
      } ],
      "insightsEnabled" : true,
      "workspaceEnabled" : true
    },
    "name" : "cus_phone-Full-pane",
    "template" : {
      "id" : "03fd2756-44f7-4cc8-8e7b-d78ae4ffa600",
      "screens" : [ {
        "childNodes" : [ {
          "attrs" : {
            "category" : "Panels",
            "id" : "2e31dded-33ff-4291-ab2c-e67c52bfe7c8",
            "states" : "{readOnly:true}",
            "type" : "GroupBox"
          },
          "childNodes" : [ {
            "attrs" : {
              "category" : "Fields",
              "id" : "f4390ea4-1b61-4a13-9282-20ac22252091",
              "states" : "{readOnly:true}",
              "type" : "TextInput"
            },
            "childNodes" : [ ],
            "typeAttributes" : {
              "dataSource" : "phone_id",
              "title" : {
                "text" : "Phone Id"
              }
            }
          }, {
            "attrs" : {
              "category" : "Fields",
              "id" : "510c4c9a-9391-4fba-a759-b12aef7210bd",
              "states" : "{readOnly:true}",
              "type" : "TextInput"
            },
            "childNodes" : [ ],
            "typeAttributes" : {
              "dataSource" : "phone_number",
              "title" : {
                "text" : "Phone Number"
              }
            }
          }, {
            "attrs" : {
              "category" : "Fields",
              "id" : "84877b84-3e01-41f1-a82f-637dafb6046d",
              "states" : "{readOnly:true}",
              "type" : "TextInput"
            },
            "childNodes" : [ ],
            "typeAttributes" : {
              "dataSource" : "customer_number",
              "title" : {
                "text" : "Customer Number"
              }
            }
          }, {
            "attrs" : {
              "category" : "Fields",
              "id" : "c693e319-cdfb-4d01-be2d-5e4616408a53",
              "states" : "{readOnly:true}",
              "type" : "TextInput"
            },
            "childNodes" : [ ],
            "typeAttributes" : {
              "dataSource" : "phone_type",
              "title" : {
                "text" : "Phone Type"
              }
            }
          }, {
            "attrs" : {
              "category" : "Fields",
              "id" : "cf73af6f-98e7-4097-a9c1-6944a0e9b37c",
              "states" : "{readOnly:true}",
              "type" : "DateTime"
            },
            "childNodes" : [ ],
            "typeAttributes" : {
              "dataSource" : "load_dt",
              "dateFormat" : "LOCALE",
              "showTime" : "true",
              "title" : {
                "text" : "Load Dt"
              }
            }
          } ],
          "typeAttributes" : {
            "title" : {
              "text" : "Phone"
            }
          }
        } ],
        "events" : { },
        "id" : "605f799e-8c9b-4c75-8fd9-e08b738852f8",
        "name" : "Phone"
      } ],
      "title" : "Page Template for the entity \"cus_phone\""
    },
    "templateType" : "page",
    "uuid" : "ad39126a-6a2d-4bae-b691-828910db2739"
  } ],
  "handlerName" : "datahub"
}