{
  "schemaVersion" : "10.7.0",
  "templates" : [ {
    "clientApplication" : "desktop",
    "documentType" : "customer",
    "metadata" : {
      "dataSources" : [ {
        "fields" : [ "name", "cif", "cus_type", "dob", "start_date", "pep", "segment", "is_minor", "load_dt" ],
        "objectName" : "customer"
      } ],
      "insightsEnabled" : false,
      "workspaceEnabled" : false
    },
    "name" : "customer-Summary-pane",
    "template" : {
      "id" : "82df3c13-8fff-46ef-b9a5-961f7d8385c3",
      "screens" : [ {
        "childNodes" : [ {
          "attrs" : {
            "category" : "Panels",
            "id" : "d983e8e0-e4cc-4c87-94bc-a39c0da212d2",
            "states" : "{readOnly:true}",
            "type" : "GroupBox"
          },
          "childNodes" : [ {
            "attrs" : {
              "category" : "Panels",
              "id" : "fc4e0a92-899a-4d77-8552-2f281e0a9592",
              "type" : "MasonryLayout"
            },
            "childNodes" : [ {
              "attrs" : {
                "category" : "Fields",
                "id" : "d8c6eb59-dc4f-4de1-8dce-912b4a3eb32a",
                "states" : "{readOnly:true}",
                "type" : "TextInput"
              },
              "childNodes" : [ ],
              "inheritedAttributes" : {
                "spanCSSClass" : "sng-masonry-one"
              },
              "typeAttributes" : {
                "dataSource" : "name",
                "title" : {
                  "text" : "Name"
                }
              }
            }, {
              "attrs" : {
                "category" : "Fields",
                "id" : "23a80a91-c30e-45de-826f-a556e40eaa5a",
                "states" : "{readOnly:true}",
                "type" : "TextInput"
              },
              "childNodes" : [ ],
              "inheritedAttributes" : {
                "spanCSSClass" : "sng-masonry-one"
              },
              "typeAttributes" : {
                "dataSource" : "cif",
                "title" : {
                  "text" : "Cif"
                }
              }
            }, {
              "attrs" : {
                "category" : "Fields",
                "id" : "87013257-3854-40b0-82a9-ee6464fc62ae",
                "states" : "{readOnly:true}",
                "type" : "TextInput"
              },
              "childNodes" : [ ],
              "inheritedAttributes" : {
                "spanCSSClass" : "sng-masonry-one"
              },
              "typeAttributes" : {
                "dataSource" : "cus_type",
                "title" : {
                  "text" : "Cus Type"
                }
              }
            }, {
              "attrs" : {
                "category" : "Fields",
                "id" : "4b60ce46-f10b-49ac-ba37-22c2f297ddcf",
                "states" : "{readOnly:true}",
                "type" : "DateTime"
              },
              "childNodes" : [ ],
              "inheritedAttributes" : {
                "spanCSSClass" : "sng-masonry-one"
              },
              "typeAttributes" : {
                "dataSource" : "dob",
                "dateFormat" : "LOCALE",
                "title" : {
                  "text" : "Dob"
                }
              }
            }, {
              "attrs" : {
                "category" : "Fields",
                "id" : "f2f5e2c3-6279-4619-8095-a5a275fe89c4",
                "states" : "{readOnly:true}",
                "type" : "DateTime"
              },
              "childNodes" : [ ],
              "inheritedAttributes" : {
                "spanCSSClass" : "sng-masonry-one"
              },
              "typeAttributes" : {
                "dataSource" : "start_date",
                "dateFormat" : "LOCALE",
                "title" : {
                  "text" : "Start Date"
                }
              }
            }, {
              "attrs" : {
                "category" : "Fields",
                "id" : "37e5416d-9c65-4cfb-ac7d-1da5c77f296e",
                "states" : "{readOnly:true}",
                "type" : "TextInput"
              },
              "childNodes" : [ ],
              "inheritedAttributes" : {
                "spanCSSClass" : "sng-masonry-one"
              },
              "typeAttributes" : {
                "dataSource" : "pep",
                "title" : {
                  "text" : "Pep"
                }
              }
            }, {
              "attrs" : {
                "category" : "Fields",
                "id" : "c2b4d57a-2e6a-432a-825e-f7da0ba90da3",
                "states" : "{readOnly:true}",
                "type" : "TextInput"
              },
              "childNodes" : [ ],
              "inheritedAttributes" : {
                "spanCSSClass" : "sng-masonry-one"
              },
              "typeAttributes" : {
                "dataSource" : "segment",
                "title" : {
                  "text" : "Segment"
                }
              }
            }, {
              "attrs" : {
                "category" : "Fields",
                "id" : "f6db6b10-a194-470c-985d-fbb028e47fa6",
                "states" : "{readOnly:true}",
                "type" : "TextInput"
              },
              "childNodes" : [ ],
              "inheritedAttributes" : {
                "spanCSSClass" : "sng-masonry-one"
              },
              "typeAttributes" : {
                "dataSource" : "is_minor",
                "title" : {
                  "text" : "Is Minor"
                }
              }
            }, {
              "attrs" : {
                "category" : "Fields",
                "id" : "19dd19bf-ea27-4670-b79c-bf304372e073",
                "states" : "{readOnly:true}",
                "type" : "DateTime"
              },
              "childNodes" : [ ],
              "inheritedAttributes" : {
                "spanCSSClass" : "sng-masonry-one"
              },
              "typeAttributes" : {
                "dataSource" : "load_dt",
                "dateFormat" : "LOCALE",
                "showTime" : "true",
                "title" : {
                  "text" : "Load Dt"
                }
              }
            } ],
            "typeAttributes" : {
              "title" : {
                "text" : "Cascading"
              }
            }
          } ],
          "typeAttributes" : {
            "title" : {
              "text" : "Customer"
            }
          }
        } ],
        "events" : { },
        "id" : "00e64706-50a0-40bb-9692-0881a33e7517",
        "name" : "Customer"
      } ],
      "title" : "Page Template for the entity \"customer\""
    },
    "templateType" : "page",
    "uuid" : "f13107cb-0f42-4bed-9ca9-c3e0adee7cc3"
  } ],
  "handlerName" : "datahub"
}