{
  "schemaVersion" : "10.7.0",
  "templates" : [ {
    "clientApplication" : "mobile",
    "documentType" : "customer",
    "metadata" : {
      "dataSources" : [ {
        "fields" : [ "name", "cif", "cus_type", "dob", "start_date", "pep", "segment", "is_minor", "load_dt" ],
        "objectName" : "customer"
      } ],
      "insightsEnabled" : false,
      "workspaceEnabled" : false
    },
    "name" : "customer-Mobile-pane",
    "template" : {
      "id" : "c0237563-1dcc-47c8-9477-9907bec69e55",
      "screens" : [ {
        "childNodes" : [ {
          "attrs" : {
            "category" : "MobileLayoutControls",
            "id" : "97a2a8f5-7d94-4f60-a902-c39ea9292426",
            "states" : "{readOnly:true}",
            "type" : "mobileGroupBox"
          },
          "childNodes" : [ {
            "attrs" : {
              "category" : "MobileLayoutControls",
              "id" : "3381e236-2236-485a-b21e-77a1db5c7b3e",
              "type" : "mobileColumnGroup-Two"
            },
            "childNodes" : [ {
              "attrs" : {
                "category" : "Container",
                "id" : "363e6264-e03a-4097-b525-637dbdc03b64",
                "type" : "ColumnContainer"
              },
              "childNodes" : [ {
                "attrs" : {
                  "category" : "MobileObjectControls",
                  "id" : "eb05a4d4-7920-450e-838e-a4be8e2ef8a7",
                  "states" : "{readOnly:true}",
                  "type" : "mobileTextInput"
                },
                "childNodes" : [ ],
                "typeAttributes" : {
                  "dataSource" : "name",
                  "title" : {
                    "text" : "Name"
                  }
                }
              }, {
                "attrs" : {
                  "category" : "MobileObjectControls",
                  "id" : "67dbf35d-b7a8-412c-81ac-5496523eb5c3",
                  "states" : "{readOnly:true}",
                  "type" : "mobileTextInput"
                },
                "childNodes" : [ ],
                "typeAttributes" : {
                  "dataSource" : "cif",
                  "title" : {
                    "text" : "Cif"
                  }
                }
              } ],
              "typeAttributes" : {
                "mdColSpan" : "6"
              }
            }, {
              "attrs" : {
                "category" : "Container",
                "id" : "48a50b26-aa9e-4c45-bd38-2096f6ae56fa",
                "type" : "ColumnContainer"
              },
              "childNodes" : [ {
                "attrs" : {
                  "category" : "MobileObjectControls",
                  "id" : "b728554c-e14c-463d-a3af-f407638187e7",
                  "states" : "{readOnly:true}",
                  "type" : "mobileTextInput"
                },
                "childNodes" : [ ],
                "typeAttributes" : {
                  "dataSource" : "cus_type",
                  "title" : {
                    "text" : "Cus Type"
                  }
                }
              }, {
                "attrs" : {
                  "category" : "MobileObjectControls",
                  "id" : "64da74d1-b0a9-4b67-be2f-c4c5b8b0eb79",
                  "states" : "{readOnly:true}",
                  "type" : "mobileDateTime"
                },
                "childNodes" : [ ],
                "typeAttributes" : {
                  "dataSource" : "dob",
                  "dateFormat" : "LOCALE",
                  "title" : {
                    "text" : "Dob"
                  }
                }
              }, {
                "attrs" : {
                  "category" : "MobileObjectControls",
                  "id" : "9dadc558-5344-45b2-9907-883d39dbb980",
                  "states" : "{readOnly:true}",
                  "type" : "mobileDateTime"
                },
                "childNodes" : [ ],
                "typeAttributes" : {
                  "dataSource" : "start_date",
                  "dateFormat" : "LOCALE",
                  "title" : {
                    "text" : "Start Date"
                  }
                }
              }, {
                "attrs" : {
                  "category" : "MobileObjectControls",
                  "id" : "13a4261a-9861-488d-b7de-798349f716a0",
                  "states" : "{readOnly:true}",
                  "type" : "mobileTextInput"
                },
                "childNodes" : [ ],
                "typeAttributes" : {
                  "dataSource" : "pep",
                  "title" : {
                    "text" : "Pep"
                  }
                }
              }, {
                "attrs" : {
                  "category" : "MobileObjectControls",
                  "id" : "c7fdb335-fa2c-45dd-9d26-431883e28aae",
                  "states" : "{readOnly:true}",
                  "type" : "mobileTextInput"
                },
                "childNodes" : [ ],
                "typeAttributes" : {
                  "dataSource" : "segment",
                  "title" : {
                    "text" : "Segment"
                  }
                }
              }, {
                "attrs" : {
                  "category" : "MobileObjectControls",
                  "id" : "a7b73872-4ff9-42c0-8528-b3b293ad5fa5",
                  "states" : "{readOnly:true}",
                  "type" : "mobileTextInput"
                },
                "childNodes" : [ ],
                "typeAttributes" : {
                  "dataSource" : "is_minor",
                  "title" : {
                    "text" : "Is Minor"
                  }
                }
              }, {
                "attrs" : {
                  "category" : "MobileObjectControls",
                  "id" : "06938e14-edae-459d-b272-31d5902af852",
                  "states" : "{readOnly:true}",
                  "type" : "mobileDateTime"
                },
                "childNodes" : [ ],
                "typeAttributes" : {
                  "dataSource" : "load_dt",
                  "dateFormat" : "LOCALE",
                  "showTime" : "true",
                  "title" : {
                    "text" : "Load Dt"
                  }
                }
              } ],
              "typeAttributes" : {
                "mdColSpan" : "6"
              }
            } ],
            "typeAttributes" : {
              "title" : {
                "text" : "2-Column"
              }
            }
          } ],
          "typeAttributes" : {
            "title" : {
              "text" : "Customer"
            }
          }
        } ],
        "events" : { },
        "id" : "0c7a3f3e-c122-482b-a1ad-ea7d2009b857",
        "name" : "Customer"
      } ],
      "title" : "Page Template for the entity \"customer\""
    },
    "templateType" : "page",
    "uuid" : "dd2bbb98-bfd6-4031-8b7c-34036b19a2e1"
  } ],
  "handlerName" : "datahub"
}