{
  "schemaVersion" : "10.7.0",
  "templates" : [ {
    "clientApplication" : "desktop",
    "documentType" : "customer",
    "metadata" : {
      "dataSources" : [ {
        "fields" : [ "name", "cif", "cus_type", "dob", "start_date", "pep", "segment", "is_minor", "load_dt" ],
        "objectName" : "customer"
      } ],
      "insightsEnabled" : true,
      "workspaceEnabled" : true
    },
    "name" : "customer-Full-pane",
    "template" : {
      "id" : "3242e362-810e-4e7e-a5f2-59543d93e4e8",
      "screens" : [ {
        "childNodes" : [ {
          "attrs" : {
            "category" : "Panels",
            "id" : "8d347ce3-7bde-489e-a711-f1388bb1103a",
            "states" : "{readOnly:true}",
            "type" : "GroupBox"
          },
          "childNodes" : [ {
            "attrs" : {
              "category" : "Fields",
              "id" : "940563b9-9e33-4961-8987-b969aca31f58",
              "states" : "{readOnly:true}",
              "type" : "TextInput"
            },
            "childNodes" : [ ],
            "typeAttributes" : {
              "dataSource" : "name",
              "title" : {
                "text" : "Name"
              }
            }
          }, {
            "attrs" : {
              "category" : "Fields",
              "id" : "379abfbf-4c3e-44e1-b0b9-a38af8a76ccc",
              "states" : "{readOnly:true}",
              "type" : "TextInput"
            },
            "childNodes" : [ ],
            "typeAttributes" : {
              "dataSource" : "cif",
              "title" : {
                "text" : "Cif"
              }
            }
          }, {
            "attrs" : {
              "category" : "Fields",
              "id" : "631d6865-31d7-469f-89bf-b9a572e83fc2",
              "states" : "{readOnly:true}",
              "type" : "TextInput"
            },
            "childNodes" : [ ],
            "typeAttributes" : {
              "dataSource" : "cus_type",
              "title" : {
                "text" : "Cus Type"
              }
            }
          }, {
            "attrs" : {
              "category" : "Fields",
              "id" : "7d64403d-b73c-44da-8702-6ab77d20044b",
              "states" : "{readOnly:true}",
              "type" : "DateTime"
            },
            "childNodes" : [ ],
            "typeAttributes" : {
              "dataSource" : "dob",
              "dateFormat" : "LOCALE",
              "title" : {
                "text" : "Dob"
              }
            }
          }, {
            "attrs" : {
              "category" : "Fields",
              "id" : "a883e210-c321-48ae-bee4-17ad7f7a0310",
              "states" : "{readOnly:true}",
              "type" : "DateTime"
            },
            "childNodes" : [ ],
            "typeAttributes" : {
              "dataSource" : "start_date",
              "dateFormat" : "LOCALE",
              "title" : {
                "text" : "Start Date"
              }
            }
          }, {
            "attrs" : {
              "category" : "Fields",
              "id" : "92ef84fb-08c5-4825-8fbf-35dd9cba3748",
              "states" : "{readOnly:true}",
              "type" : "TextInput"
            },
            "childNodes" : [ ],
            "typeAttributes" : {
              "dataSource" : "pep",
              "title" : {
                "text" : "Pep"
              }
            }
          }, {
            "attrs" : {
              "category" : "Fields",
              "id" : "90ece703-fc48-4a65-9653-544792333d8a",
              "states" : "{readOnly:true}",
              "type" : "TextInput"
            },
            "childNodes" : [ ],
            "typeAttributes" : {
              "dataSource" : "segment",
              "title" : {
                "text" : "Segment"
              }
            }
          }, {
            "attrs" : {
              "category" : "Fields",
              "id" : "b0ffeb8f-86e2-435c-a3e4-f8ad8579c829",
              "states" : "{readOnly:true}",
              "type" : "TextInput"
            },
            "childNodes" : [ ],
            "typeAttributes" : {
              "dataSource" : "is_minor",
              "title" : {
                "text" : "Is Minor"
              }
            }
          }, {
            "attrs" : {
              "category" : "Fields",
              "id" : "08ca7a5e-5456-4ab5-9282-222f968251ff",
              "states" : "{readOnly:true}",
              "type" : "DateTime"
            },
            "childNodes" : [ ],
            "typeAttributes" : {
              "dataSource" : "load_dt",
              "dateFormat" : "LOCALE",
              "showTime" : "true",
              "title" : {
                "text" : "Load Dt"
              }
            }
          } ],
          "typeAttributes" : {
            "title" : {
              "text" : "Customer"
            }
          }
        } ],
        "events" : { },
        "id" : "028b42cf-1755-4897-aa2c-c54a1abb8259",
        "name" : "Customer"
      } ],
      "title" : "Page Template for the entity \"customer\""
    },
    "templateType" : "page",
    "uuid" : "285112f0-dd9b-40ae-88bb-51eac8b5be90"
  } ],
  "handlerName" : "datahub"
}