{
  "schemaVersion" : "10.7.0",
  "templates" : [ {
    "clientApplication" : "desktop",
    "documentType" : "customer",
    "metadata" : {
      "dataSources" : [ {
        "fields" : [ "name", "cif", "cus_type", "dob", "start_date", "pep", "segment", "is_minor", "load_dt" ],
        "objectName" : "customer"
      } ],
      "insightsEnabled" : false,
      "workspaceEnabled" : false
    },
    "name" : "customer-Inspector-pane",
    "template" : {
      "id" : "445690f4-1790-4273-b49d-e9a83d08ea85",
      "screens" : [ {
        "childNodes" : [ {
          "attrs" : {
            "category" : "Panels",
            "id" : "1612886c-cfba-4f9c-9bf4-a2ec14d94dfa",
            "states" : "{readOnly:true}",
            "type" : "GroupBox"
          },
          "childNodes" : [ {
            "attrs" : {
              "category" : "Fields",
              "id" : "1498cfc0-800e-41e3-8b4c-4908102e837f",
              "states" : "{readOnly:true}",
              "type" : "TextInput"
            },
            "childNodes" : [ ],
            "typeAttributes" : {
              "dataSource" : "name",
              "title" : {
                "text" : "Name"
              }
            }
          }, {
            "attrs" : {
              "category" : "Fields",
              "id" : "0c1a0f6f-31b6-45b6-bda3-40cf85b8a278",
              "states" : "{readOnly:true}",
              "type" : "TextInput"
            },
            "childNodes" : [ ],
            "typeAttributes" : {
              "dataSource" : "cif",
              "title" : {
                "text" : "Cif"
              }
            }
          }, {
            "attrs" : {
              "category" : "Fields",
              "id" : "a78aad42-24a9-4d58-9e28-cd6dc7b8e9bd",
              "states" : "{readOnly:true}",
              "type" : "TextInput"
            },
            "childNodes" : [ ],
            "typeAttributes" : {
              "dataSource" : "cus_type",
              "title" : {
                "text" : "Cus Type"
              }
            }
          }, {
            "attrs" : {
              "category" : "Fields",
              "id" : "e26433ef-cd36-48cb-bfe1-d02ffd6cd1c0",
              "states" : "{readOnly:true}",
              "type" : "DateTime"
            },
            "childNodes" : [ ],
            "typeAttributes" : {
              "dataSource" : "dob",
              "dateFormat" : "LOCALE",
              "title" : {
                "text" : "Dob"
              }
            }
          }, {
            "attrs" : {
              "category" : "Fields",
              "id" : "aa34c2b8-c674-49d1-81b9-280a65a541c5",
              "states" : "{readOnly:true}",
              "type" : "DateTime"
            },
            "childNodes" : [ ],
            "typeAttributes" : {
              "dataSource" : "start_date",
              "dateFormat" : "LOCALE",
              "title" : {
                "text" : "Start Date"
              }
            }
          }, {
            "attrs" : {
              "category" : "Fields",
              "id" : "3676c362-ee6a-4f7c-9b0d-bf48e67ebd54",
              "states" : "{readOnly:true}",
              "type" : "TextInput"
            },
            "childNodes" : [ ],
            "typeAttributes" : {
              "dataSource" : "pep",
              "title" : {
                "text" : "Pep"
              }
            }
          }, {
            "attrs" : {
              "category" : "Fields",
              "id" : "a4eb3a15-4eb9-4b13-a12a-c5c445f29a55",
              "states" : "{readOnly:true}",
              "type" : "TextInput"
            },
            "childNodes" : [ ],
            "typeAttributes" : {
              "dataSource" : "segment",
              "title" : {
                "text" : "Segment"
              }
            }
          }, {
            "attrs" : {
              "category" : "Fields",
              "id" : "a28cca1e-3fb2-40f6-86c7-6ba9454cb114",
              "states" : "{readOnly:true}",
              "type" : "TextInput"
            },
            "childNodes" : [ ],
            "typeAttributes" : {
              "dataSource" : "is_minor",
              "title" : {
                "text" : "Is Minor"
              }
            }
          }, {
            "attrs" : {
              "category" : "Fields",
              "id" : "7260a5fb-2e9b-4444-8e79-2fb2165ccfaf",
              "states" : "{readOnly:true}",
              "type" : "DateTime"
            },
            "childNodes" : [ ],
            "typeAttributes" : {
              "dataSource" : "load_dt",
              "dateFormat" : "LOCALE",
              "showTime" : "true",
              "title" : {
                "text" : "Load Dt"
              }
            }
          } ],
          "typeAttributes" : {
            "title" : {
              "text" : "Customer"
            }
          }
        } ],
        "events" : { },
        "id" : "4e133faa-3809-4606-b87b-debccbe07b00",
        "name" : "Customer"
      } ],
      "title" : "Page Template for the entity \"customer\""
    },
    "templateType" : "page",
    "uuid" : "a5b2ebb8-c049-4f54-96f7-6f0b9c9928b0"
  } ],
  "handlerName" : "datahub"
}