{
  "schemaVersion" : "10.7.0",
  "templates" : [ {
    "clientApplication" : "desktop",
    "documentType" : "FATCA",
    "metadata" : {
      "dataSources" : [ {
        "fields" : [ "FATCA_doc_type", "RM_Self_Cert_issu", "FATCA_ent_classification", "GIIN", "Mandatory_RSS" ],
        "objectName" : "FATCA"
      } ],
      "insightsEnabled" : false,
      "workspaceEnabled" : false
    },
    "name" : "FATCA",
    "template" : {
      "screens" : [ {
        "childNodes" : [ {
          "_associatedScreenId" : "c74a74fe-0d44-4af6-303e-e369a57f5913",
          "attrs" : {
            "category" : "Fields",
            "id" : "a9fffabc-b6ec-4919-389c-b037e81edd4f",
            "states" : {
              "readOnly" : true,
              "required" : true
            },
            "type" : "DropdownList"
          },
          "childNodes" : [ ],
          "typeAttributes" : {
            "dataSource" : "FATCA_doc_type",
            "defaultSelection" : null,
            "inputWidthCSSClass" : "sng-large-input",
            "title" : {
              "text" : "FATCA Doc Type"
            }
          }
        }, {
          "_associatedScreenId" : "c74a74fe-0d44-4af6-303e-e369a57f5913",
          "attrs" : {
            "category" : "Fields",
            "id" : "48ea0249-ed72-4641-3766-a296f1a4b8c3",
            "states" : {
              "readOnly" : true,
              "required" : true
            },
            "type" : "TextInput"
          },
          "childNodes" : [ ],
          "typeAttributes" : {
            "dataSource" : "RM_Self_Cert_issu",
            "height" : "100px",
            "inputWidthCSSClass" : "sng-large-input",
            "title" : {
              "text" : "RM Self Cert Issu"
            }
          }
        }, {
          "_associatedScreenId" : "c74a74fe-0d44-4af6-303e-e369a57f5913",
          "attrs" : {
            "category" : "Fields",
            "id" : "4d0cac7e-9de5-4bcd-3cd4-f83a77819029",
            "states" : {
              "readOnly" : true,
              "required" : true
            },
            "type" : "DropdownList"
          },
          "childNodes" : [ ],
          "typeAttributes" : {
            "dataSource" : "FATCA_ent_classification",
            "defaultSelection" : null,
            "inputWidthCSSClass" : "sng-large-input",
            "title" : {
              "text" : "FATCA Ent Classification"
            }
          }
        }, {
          "_associatedScreenId" : "c74a74fe-0d44-4af6-303e-e369a57f5913",
          "attrs" : {
            "category" : "Fields",
            "id" : "295f7834-c74d-4d0c-3759-12f0fae5f579",
            "states" : {
              "readOnly" : true,
              "required" : true
            },
            "type" : "TextInput"
          },
          "childNodes" : [ ],
          "typeAttributes" : {
            "dataSource" : "GIIN",
            "height" : "100px",
            "inputWidthCSSClass" : "sng-large-input",
            "title" : {
              "text" : "GIIN"
            }
          }
        }, {
          "_associatedScreenId" : "c74a74fe-0d44-4af6-303e-e369a57f5913",
          "attrs" : {
            "category" : "Fields",
            "id" : "e0d8ba17-2bc5-4636-37b8-4d467ec58a5d",
            "states" : {
              "readOnly" : true,
              "required" : true
            },
            "type" : "TextInput"
          },
          "childNodes" : [ ],
          "typeAttributes" : {
            "dataSource" : "Mandatory_RSS",
            "height" : "100px",
            "inputWidthCSSClass" : "sng-large-input",
            "title" : {
              "text" : "Mandatory upload RSS file"
            }
          }
        } ],
        "events" : { },
        "id" : "c74a74fe-0d44-4af6-303e-e369a57f5913",
        "name" : ""
      } ],
      "title" : ""
    },
    "templateType" : "page",
    "uuid" : "950528c2-4c0a-488d-8bb7-439f1b1e7ab9"
  } ],
  "handlerName" : "datahub"
}