{
  "schemaVersion" : "10.7.0",
  "templates" : [ {
    "clientApplication" : "desktop",
    "documentType" : "findings",
    "metadata" : {
      "dataSources" : [ {
        "fields" : [ "findings_id", "status", "comments" ],
        "objectName" : "findings"
      } ],
      "insightsEnabled" : true,
      "workspaceEnabled" : true
    },
    "name" : "findings-detail",
    "template" : {
      "screens" : [ {
        "childNodes" : [ {
          "_associatedScreenId" : "7a497449-a009-4030-3ded-7709fc07aba9",
          "attrs" : {
            "category" : "Fields",
            "id" : "fc28ff7c-6d80-4e9b-3e06-f613eb2ce65b",
            "states" : {
              "readOnly" : true,
              "required" : true
            },
            "type" : "TextInput"
          },
          "childNodes" : [ ],
          "typeAttributes" : {
            "dataSource" : "findings_id",
            "height" : "100px",
            "inputWidthCSSClass" : "sng-fit-input",
            "title" : {
              "text" : "findings ID"
            }
          }
        }, {
          "_associatedScreenId" : "7a497449-a009-4030-3ded-7709fc07aba9",
          "attrs" : {
            "category" : "Fields",
            "id" : "b6216287-6b47-44a3-37ff-50ee1b227689",
            "states" : {
              "readOnly" : true,
              "required" : true
            },
            "type" : "DropdownList"
          },
          "childNodes" : [ ],
          "typeAttributes" : {
            "dataSource" : "status",
            "defaultSelection" : null,
            "inputWidthCSSClass" : "sng-fit-input",
            "title" : {
              "text" : "Status"
            }
          }
        }, {
          "_associatedScreenId" : "7a497449-a009-4030-3ded-7709fc07aba9",
          "attrs" : {
            "category" : "Fields",
            "id" : "235b29ff-3d25-47a5-3f98-5c1a420febe2",
            "states" : {
              "readOnly" : true,
              "required" : true
            },
            "type" : "TextInput"
          },
          "childNodes" : [ ],
          "typeAttributes" : {
            "dataSource" : "comments",
            "height" : "100px",
            "inputWidthCSSClass" : "sng-fit-input",
            "title" : {
              "text" : "Comments"
            }
          }
        } ],
        "events" : { },
        "id" : "7a497449-a009-4030-3ded-7709fc07aba9",
        "name" : "Findings"
      } ],
      "showTabs" : true,
      "title" : ""
    },
    "templateType" : "page",
    "uuid" : "33c853d7-fbbb-47d7-9a6e-12188cca1132"
  } ],
  "handlerName" : "datahub"
}