{
  "schemaVersion" : "10.7.0",
  "templates" : [ {
    "clientApplication" : "desktop",
    "conditions" : [ "0bd9c958-a2f8-987b-5bfb-df728589655b", "bd678c0a-99c5-e2e3-724e-9624ff935b4c" ],
    "documentType" : "I_O",
    "metadata" : {
      "dataSources" : [ {
        "fields" : [ "i_o_id", "Name", "Client_Name", "Shareholder_Type", "Cnt_Inc", "Percent", "Client_CR_no", "Date_of_Birth" ],
        "objectName" : "I_O"
      } ],
      "insightsEnabled" : true,
      "workspaceEnabled" : true
    },
    "name" : "IO",
    "template" : {
      "screens" : [ {
        "childNodes" : [ {
          "_associatedScreenId" : "cb7c5b26-a133-4e5d-3020-370587b5672f",
          "attrs" : {
            "category" : "Fields",
            "id" : "585e5253-5ffb-4150-3105-49b4cdebff9b",
            "states" : {
              "readOnly" : true,
              "required" : true
            },
            "type" : "TextInput"
          },
          "childNodes" : [ ],
          "typeAttributes" : {
            "dataSource" : "i_o_id",
            "height" : "100px",
            "inputWidthCSSClass" : "sng-fit-input",
            "title" : {
              "text" : "I_O ID"
            }
          }
        }, {
          "_associatedScreenId" : "cb7c5b26-a133-4e5d-3020-370587b5672f",
          "attrs" : {
            "category" : "Fields",
            "id" : "acbeef3b-b52d-471b-31ca-8294dc987e58",
            "states" : {
              "readOnly" : true,
              "required" : true
            },
            "type" : "TextInput"
          },
          "childNodes" : [ ],
          "typeAttributes" : {
            "dataSource" : "Name",
            "height" : "100px",
            "inputWidthCSSClass" : "sng-fit-input",
            "title" : {
              "text" : "Name"
            }
          }
        }, {
          "_associatedScreenId" : "cb7c5b26-a133-4e5d-3020-370587b5672f",
          "attrs" : {
            "category" : "Fields",
            "id" : "e885b614-d388-4995-3057-e395b72fabae",
            "states" : {
              "readOnly" : true,
              "required" : true
            },
            "type" : "TextInput"
          },
          "childNodes" : [ ],
          "typeAttributes" : {
            "dataSource" : "Client_Name",
            "height" : "100px",
            "inputWidthCSSClass" : "sng-fit-input",
            "title" : {
              "text" : "Client Name"
            }
          }
        }, {
          "_associatedScreenId" : "cb7c5b26-a133-4e5d-3020-370587b5672f",
          "attrs" : {
            "category" : "Fields",
            "id" : "facb6658-c8e6-4737-3505-8fe79fc98628",
            "states" : {
              "readOnly" : true,
              "required" : true
            },
            "type" : "DropdownList"
          },
          "childNodes" : [ ],
          "typeAttributes" : {
            "dataSource" : "Shareholder_Type",
            "defaultSelection" : null,
            "inputWidthCSSClass" : "sng-fit-input",
            "title" : {
              "text" : "Shareholder Type"
            }
          }
        }, {
          "_associatedScreenId" : "cb7c5b26-a133-4e5d-3020-370587b5672f",
          "attributes" : {
            "global" : {
              "state" : {
                "conditions" : {
                  "hidden" : {
                    "id" : "bd678c0a-99c5-e2e3-724e-9624ff935b4c",
                    "objectState" : "ENTERED"
                  },
                  "required" : {
                    "id" : "0bd9c958-a2f8-987b-5bfb-df728589655b",
                    "objectState" : "ENTERED"
                  }
                },
                "hidden" : false,
                "required" : false
              }
            }
          },
          "attrs" : {
            "category" : "Fields",
            "id" : "3f466808-246d-4dc8-3684-6cd87ccf7c0f",
            "states" : {
              "readOnly" : true,
              "required" : true
            },
            "type" : "TextInput"
          },
          "childNodes" : [ ],
          "typeAttributes" : {
            "dataSource" : "Cnt_Inc",
            "height" : "100px",
            "inputWidthCSSClass" : "sng-fit-input",
            "title" : {
              "text" : "Cnt Inc"
            }
          }
        }, {
          "_associatedScreenId" : "cb7c5b26-a133-4e5d-3020-370587b5672f",
          "attrs" : {
            "category" : "Fields",
            "id" : "a7e3c678-6f69-402a-3222-ea53783183e8",
            "states" : {
              "readOnly" : true,
              "required" : true
            },
            "type" : "TextInput"
          },
          "childNodes" : [ ],
          "typeAttributes" : {
            "dataSource" : "Percent",
            "height" : "100px",
            "inputWidthCSSClass" : "sng-fit-input",
            "title" : {
              "text" : "Percent"
            }
          }
        }, {
          "_associatedScreenId" : "cb7c5b26-a133-4e5d-3020-370587b5672f",
          "attrs" : {
            "category" : "Fields",
            "id" : "81bb8a92-4073-4f3e-306f-5312f862d788",
            "states" : {
              "readOnly" : true,
              "required" : true
            },
            "type" : "TextInput"
          },
          "childNodes" : [ ],
          "typeAttributes" : {
            "dataSource" : "Client_CR_no",
            "height" : "100px",
            "inputWidthCSSClass" : "sng-fit-input",
            "title" : {
              "text" : "Client CR No"
            }
          }
        }, {
          "_associatedScreenId" : "cb7c5b26-a133-4e5d-3020-370587b5672f",
          "attributes" : {
            "global" : {
              "state" : {
                "conditions" : {
                  "hidden" : {
                    "id" : "0bd9c958-a2f8-987b-5bfb-df728589655b",
                    "objectState" : "ENTERED"
                  }
                },
                "hidden" : false,
                "required" : false
              }
            }
          },
          "attrs" : {
            "category" : "Fields",
            "id" : "495841ce-0f3d-420f-37f0-37c38997a721",
            "states" : {
              "readOnly" : true,
              "required" : true
            },
            "type" : "DateTime"
          },
          "childNodes" : [ ],
          "typeAttributes" : {
            "dataSource" : "Date_of_Birth",
            "dateFormat" : "LOCALE",
            "showTime" : true,
            "title" : {
              "text" : "Date Of Birth"
            }
          }
        } ],
        "events" : { },
        "id" : "cb7c5b26-a133-4e5d-3020-370587b5672f",
        "name" : "IO"
      }, {
        "childNodes" : [ {
          "_associatedScreenId" : "ab161702-a952-4f05-343f-4e5b882b35fc",
          "attrs" : {
            "category" : "Fields",
            "id" : "ecf1c02e-5c89-4f78-3c95-0548ad6f6af4",
            "states" : {
              "readOnly" : false,
              "required" : false
            },
            "type" : "networkDiagram-directive"
          },
          "childNodes" : [ ],
          "typeAttributes" : {
            "depth" : 3,
            "height" : "300px",
            "sourceId" : "Client_Name",
            "title" : {
              "text" : "Client Name"
            }
          }
        } ],
        "events" : { },
        "id" : "ab161702-a952-4f05-343f-4e5b882b35fc",
        "name" : "Network Diagram"
      } ],
      "showTabs" : true,
      "title" : ""
    },
    "templateType" : "page",
    "uuid" : "61f3134d-02a4-47de-880e-a99d7305aad4"
  } ],
  "handlerName" : "datahub"
}