{
  "schemaVersion" : "10.7.0",
  "templates" : [ {
    "clientApplication" : "desktop",
    "documentType" : "Investment_Account_Detail",
    "metadata" : {
      "dataSources" : [ {
        "fields" : [ "Investment_Acc_Num" ],
        "objectName" : "Investment_Account_Detail"
      } ],
      "insightsEnabled" : false,
      "workspaceEnabled" : false
    },
    "name" : "Investment Account Detail",
    "template" : {
      "screens" : [ {
        "childNodes" : [ {
          "_associatedScreenId" : "e532b916-c0bd-4376-3194-0bae993bc355",
          "attrs" : {
            "category" : "Fields",
            "id" : "3ed0c82a-66d0-4896-31c3-a25dbd623022",
            "states" : {
              "readOnly" : true,
              "required" : true
            },
            "type" : "TextInput"
          },
          "childNodes" : [ ],
          "typeAttributes" : {
            "dataSource" : "Investment_Acc_Num",
            "height" : "100px",
            "inputWidthCSSClass" : "sng-large-input",
            "title" : {
              "text" : "Investment Acc Num"
            }
          }
        } ],
        "events" : { },
        "id" : "e532b916-c0bd-4376-3194-0bae993bc355",
        "name" : ""
      } ],
      "title" : ""
    },
    "templateType" : "page",
    "uuid" : "17a43923-abb9-44ec-9121-8abb63970058"
  } ],
  "handlerName" : "datahub"
}