{
  "schemaVersion" : "10.7.0",
  "templates" : [ {
    "clientApplication" : "desktop",
    "documentType" : "KYC_and_Staff_Details",
    "metadata" : {
      "dataSources" : [ {
        "fields" : [ "KYC_Reliance", "KYC_On_Date", "KYC_Form_Date", "KYC_Expiry_Date", "KYC_Reason", "KYC_Update", "Client_Class", "ISBA_Client", "SCC_Status", "SCC_Type", "Ent_Class", "Official_Rec", "Rel_Status", "KYC_Status", "Preff_Lang", "Online_Ser", "Trade_Opt", "Rest_Code", "Event_Remarks", "KYC_Staff", "Staff_Nmbr", "Relationship_Mng", "Signoff_Date", "Line_Of_Bus" ],
        "objectName" : "KYC_and_Staff_Details"
      } ],
      "insightsEnabled" : false,
      "workspaceEnabled" : false
    },
    "name" : "KYC and Staff Details",
    "template" : {
      "screens" : [ {
        "childNodes" : [ {
          "_associatedScreenId" : "e88f6a36-84b0-4c11-3bd6-bb06f1d1a511",
          "attrs" : {
            "category" : "Panels",
            "id" : "d5b81938-87f5-462b-3b87-acbaffac1442",
            "states" : {
              "readOnly" : true
            },
            "type" : "ColumnGroup-Two"
          },
          "childNodes" : [ {
            "_associatedScreenId" : "e88f6a36-84b0-4c11-3bd6-bb06f1d1a511",
            "attrs" : {
              "category" : "Container",
              "id" : "d78525a8-6a5b-4455-3f57-1440fc723ad1",
              "type" : "ColumnContainer"
            },
            "childNodes" : [ {
              "_associatedScreenId" : "e88f6a36-84b0-4c11-3bd6-bb06f1d1a511",
              "attrs" : {
                "category" : "Fields",
                "id" : "9446f914-ebbd-494f-38cf-f902a9ad9696",
                "states" : {
                  "readOnly" : true,
                  "required" : true
                },
                "type" : "DropdownList"
              },
              "childNodes" : [ ],
              "typeAttributes" : {
                "dataSource" : "KYC_Reliance",
                "defaultSelection" : null,
                "inputWidthCSSClass" : "sng-large-input",
                "title" : {
                  "text" : "KYC Reliance"
                }
              }
            }, {
              "_associatedScreenId" : "e88f6a36-84b0-4c11-3bd6-bb06f1d1a511",
              "attrs" : {
                "category" : "Fields",
                "id" : "aaf25590-0960-4ef8-389f-2963ac751fe7",
                "states" : {
                  "readOnly" : true,
                  "required" : true
                },
                "type" : "DateTime"
              },
              "childNodes" : [ ],
              "typeAttributes" : {
                "dataSource" : "KYC_On_Date",
                "dateFormat" : "LOCALE",
                "showTime" : false,
                "title" : {
                  "text" : "KYC On Date"
                }
              }
            }, {
              "_associatedScreenId" : "e88f6a36-84b0-4c11-3bd6-bb06f1d1a511",
              "attrs" : {
                "category" : "Fields",
                "id" : "bf432166-b1cd-44bb-31d4-5018430f45e2",
                "states" : {
                  "readOnly" : true,
                  "required" : true
                },
                "type" : "DateTime"
              },
              "childNodes" : [ ],
              "typeAttributes" : {
                "dataSource" : "KYC_Form_Date",
                "dateFormat" : "LOCALE",
                "showTime" : false,
                "title" : {
                  "text" : "KYC Form Date"
                }
              }
            }, {
              "_associatedScreenId" : "e88f6a36-84b0-4c11-3bd6-bb06f1d1a511",
              "attrs" : {
                "category" : "Fields",
                "id" : "10dc62fc-e105-406f-364d-a8054c1e9d71",
                "states" : {
                  "readOnly" : true,
                  "required" : true
                },
                "type" : "DateTime"
              },
              "childNodes" : [ ],
              "typeAttributes" : {
                "dataSource" : "KYC_Expiry_Date",
                "dateFormat" : "LOCALE",
                "showTime" : false,
                "title" : {
                  "text" : "KYC Expiry Date"
                }
              }
            }, {
              "_associatedScreenId" : "e88f6a36-84b0-4c11-3bd6-bb06f1d1a511",
              "attrs" : {
                "category" : "Fields",
                "id" : "57989ffa-2dba-48e3-3669-fa317403d9ab",
                "states" : {
                  "readOnly" : true,
                  "required" : true
                },
                "type" : "DropdownList"
              },
              "childNodes" : [ ],
              "typeAttributes" : {
                "dataSource" : "KYC_Reason",
                "defaultSelection" : null,
                "inputWidthCSSClass" : "sng-fit-input",
                "title" : {
                  "text" : "KYC Reason"
                }
              }
            }, {
              "_associatedScreenId" : "e88f6a36-84b0-4c11-3bd6-bb06f1d1a511",
              "attrs" : {
                "category" : "Fields",
                "id" : "cb6b9453-f4de-422a-38f4-7492c6150217",
                "states" : {
                  "readOnly" : true,
                  "required" : true
                },
                "type" : "DropdownList"
              },
              "childNodes" : [ ],
              "typeAttributes" : {
                "dataSource" : "KYC_Update",
                "defaultSelection" : null,
                "inputWidthCSSClass" : "sng-large-input",
                "title" : {
                  "text" : "KYC Update"
                }
              }
            }, {
              "_associatedScreenId" : "e88f6a36-84b0-4c11-3bd6-bb06f1d1a511",
              "attrs" : {
                "category" : "Fields",
                "id" : "9ef1f803-5fec-4d74-398b-dae7f75d0c6e",
                "states" : {
                  "readOnly" : true,
                  "required" : true
                },
                "type" : "DropdownList"
              },
              "childNodes" : [ ],
              "typeAttributes" : {
                "dataSource" : "Client_Class",
                "defaultSelection" : null,
                "inputWidthCSSClass" : "sng-large-input",
                "title" : {
                  "text" : "Client Class"
                }
              }
            }, {
              "_associatedScreenId" : "e88f6a36-84b0-4c11-3bd6-bb06f1d1a511",
              "attrs" : {
                "category" : "Fields",
                "id" : "2c7b269a-af63-45ad-38f9-091bafc0f075",
                "states" : {
                  "readOnly" : true,
                  "required" : true
                },
                "type" : "DropdownList"
              },
              "childNodes" : [ ],
              "typeAttributes" : {
                "dataSource" : "ISBA_Client",
                "defaultSelection" : null,
                "inputWidthCSSClass" : "sng-large-input",
                "title" : {
                  "text" : "ISBA Client"
                }
              }
            }, {
              "_associatedScreenId" : "e88f6a36-84b0-4c11-3bd6-bb06f1d1a511",
              "attrs" : {
                "category" : "Fields",
                "id" : "9132eaaa-6f75-470c-38f4-b5973301bb48",
                "states" : {
                  "readOnly" : true,
                  "required" : true
                },
                "type" : "DropdownList"
              },
              "childNodes" : [ ],
              "typeAttributes" : {
                "dataSource" : "SCC_Status",
                "defaultSelection" : null,
                "inputWidthCSSClass" : "sng-large-input",
                "title" : {
                  "text" : "SCC Status"
                }
              }
            }, {
              "_associatedScreenId" : "e88f6a36-84b0-4c11-3bd6-bb06f1d1a511",
              "attrs" : {
                "category" : "Fields",
                "id" : "6abd3b41-f085-46ac-3bce-d9352f33d8c2",
                "states" : {
                  "readOnly" : true,
                  "required" : true
                },
                "type" : "DropdownList"
              },
              "childNodes" : [ ],
              "typeAttributes" : {
                "dataSource" : "SCC_Type",
                "defaultSelection" : null,
                "inputWidthCSSClass" : "sng-large-input",
                "title" : {
                  "text" : "SCC Type"
                }
              }
            }, {
              "_associatedScreenId" : "e88f6a36-84b0-4c11-3bd6-bb06f1d1a511",
              "attrs" : {
                "category" : "Fields",
                "id" : "07f26f4b-6107-4701-3df4-e01fd6b6c3b8",
                "states" : {
                  "readOnly" : true,
                  "required" : true
                },
                "type" : "DropdownList"
              },
              "childNodes" : [ ],
              "typeAttributes" : {
                "dataSource" : "Ent_Class",
                "defaultSelection" : null,
                "inputWidthCSSClass" : "sng-large-input",
                "title" : {
                  "text" : "Ent Class"
                }
              }
            }, {
              "_associatedScreenId" : "e88f6a36-84b0-4c11-3bd6-bb06f1d1a511",
              "attrs" : {
                "category" : "Fields",
                "id" : "a1684631-1937-4c17-3086-d80fbc60dd56",
                "states" : {
                  "readOnly" : true,
                  "required" : false
                },
                "type" : "Checkbox"
              },
              "childNodes" : [ ],
              "typeAttributes" : {
                "dataSource" : "Official_Rec",
                "title" : {
                  "text" : "Official Rec"
                }
              }
            }, {
              "_associatedScreenId" : "e88f6a36-84b0-4c11-3bd6-bb06f1d1a511",
              "attrs" : {
                "category" : "Fields",
                "id" : "58911474-8d41-437c-3e5f-bac1ba6a0bcd",
                "states" : {
                  "readOnly" : true,
                  "required" : true
                },
                "type" : "DropdownList"
              },
              "childNodes" : [ ],
              "typeAttributes" : {
                "dataSource" : "Rel_Status",
                "defaultSelection" : null,
                "inputWidthCSSClass" : "sng-large-input",
                "title" : {
                  "text" : "Rel Status"
                }
              }
            } ],
            "typeAttributes" : {
              "mdColSpan" : "6"
            }
          }, {
            "_associatedScreenId" : "e88f6a36-84b0-4c11-3bd6-bb06f1d1a511",
            "attrs" : {
              "category" : "Container",
              "id" : "c648ef0a-3901-4761-3d75-59dcdf299783",
              "type" : "ColumnContainer"
            },
            "childNodes" : [ {
              "_associatedScreenId" : "e88f6a36-84b0-4c11-3bd6-bb06f1d1a511",
              "attrs" : {
                "category" : "Fields",
                "id" : "91bceda5-2ff0-4d9c-3fd0-e97f188eee2d",
                "states" : {
                  "readOnly" : true,
                  "required" : true
                },
                "type" : "TextInput"
              },
              "childNodes" : [ ],
              "typeAttributes" : {
                "dataSource" : "KYC_Status",
                "height" : "100px",
                "inputWidthCSSClass" : "sng-large-input",
                "title" : {
                  "text" : "KYC Status"
                }
              }
            }, {
              "_associatedScreenId" : "e88f6a36-84b0-4c11-3bd6-bb06f1d1a511",
              "attrs" : {
                "category" : "Fields",
                "id" : "2b955023-8d08-44d1-3721-3f1cafe464ae",
                "states" : {
                  "readOnly" : true,
                  "required" : true
                },
                "type" : "DropdownList"
              },
              "childNodes" : [ ],
              "typeAttributes" : {
                "dataSource" : "Preff_Lang",
                "defaultSelection" : null,
                "inputWidthCSSClass" : "sng-large-input",
                "title" : {
                  "text" : "Preff Lang"
                }
              }
            }, {
              "_associatedScreenId" : "e88f6a36-84b0-4c11-3bd6-bb06f1d1a511",
              "attrs" : {
                "category" : "Fields",
                "id" : "df596549-e032-403c-3fa7-900904d9775e",
                "states" : {
                  "readOnly" : true,
                  "required" : true
                },
                "type" : "DropdownList"
              },
              "childNodes" : [ ],
              "typeAttributes" : {
                "dataSource" : "Online_Ser",
                "defaultSelection" : null,
                "inputWidthCSSClass" : "sng-large-input",
                "title" : {
                  "text" : "Online Ser"
                }
              }
            }, {
              "_associatedScreenId" : "e88f6a36-84b0-4c11-3bd6-bb06f1d1a511",
              "attrs" : {
                "category" : "Fields",
                "id" : "7572525c-19df-4ca1-3935-eb4c0a19fd93",
                "states" : {
                  "readOnly" : true,
                  "required" : true
                },
                "type" : "DropdownList"
              },
              "childNodes" : [ ],
              "typeAttributes" : {
                "dataSource" : "Trade_Opt",
                "defaultSelection" : null,
                "inputWidthCSSClass" : "sng-large-input",
                "title" : {
                  "text" : "Trade Option"
                }
              }
            }, {
              "_associatedScreenId" : "e88f6a36-84b0-4c11-3bd6-bb06f1d1a511",
              "attrs" : {
                "category" : "Fields",
                "id" : "c26ec6f1-9140-4e4a-39df-434942094d4a",
                "states" : {
                  "readOnly" : true,
                  "required" : true
                },
                "type" : "DropdownList"
              },
              "childNodes" : [ ],
              "typeAttributes" : {
                "dataSource" : "Rest_Code",
                "defaultSelection" : null,
                "inputWidthCSSClass" : "sng-large-input",
                "title" : {
                  "text" : "Rest Code"
                }
              }
            }, {
              "_associatedScreenId" : "e88f6a36-84b0-4c11-3bd6-bb06f1d1a511",
              "attrs" : {
                "category" : "Fields",
                "id" : "7db2d3c0-cb5e-4f6a-3d7b-b26aa2961270",
                "states" : {
                  "readOnly" : true,
                  "required" : true
                },
                "type" : "TextInput"
              },
              "childNodes" : [ ],
              "typeAttributes" : {
                "dataSource" : "Event_Remarks",
                "height" : "100px",
                "inputWidthCSSClass" : "sng-large-input",
                "title" : {
                  "text" : "Event Remarks"
                }
              }
            }, {
              "_associatedScreenId" : "e88f6a36-84b0-4c11-3bd6-bb06f1d1a511",
              "attrs" : {
                "category" : "Fields",
                "id" : "1ef4af39-58f1-4009-3afe-58cdbd6c5db7",
                "states" : {
                  "readOnly" : true,
                  "required" : true
                },
                "type" : "DropdownList"
              },
              "childNodes" : [ ],
              "typeAttributes" : {
                "dataSource" : "KYC_Staff",
                "defaultSelection" : null,
                "inputWidthCSSClass" : "sng-large-input",
                "title" : {
                  "text" : "KYC Staff"
                }
              }
            }, {
              "_associatedScreenId" : "e88f6a36-84b0-4c11-3bd6-bb06f1d1a511",
              "attrs" : {
                "category" : "Fields",
                "id" : "8df6b00f-d5b8-40fc-3ac1-a2babbf0e834",
                "states" : {
                  "readOnly" : true,
                  "required" : true
                },
                "type" : "TextInput"
              },
              "childNodes" : [ ],
              "typeAttributes" : {
                "dataSource" : "Staff_Nmbr",
                "height" : "100px",
                "inputWidthCSSClass" : "sng-large-input",
                "title" : {
                  "text" : "Staff Nmbr"
                }
              }
            }, {
              "_associatedScreenId" : "e88f6a36-84b0-4c11-3bd6-bb06f1d1a511",
              "attrs" : {
                "category" : "Fields",
                "id" : "ac272532-35cb-45ea-3c9e-7ea1357155b2",
                "states" : {
                  "readOnly" : true,
                  "required" : true
                },
                "type" : "DropdownList"
              },
              "childNodes" : [ ],
              "typeAttributes" : {
                "dataSource" : "Relationship_Mng",
                "defaultSelection" : null,
                "inputWidthCSSClass" : "sng-large-input",
                "title" : {
                  "text" : "Relationship Mgr"
                }
              }
            }, {
              "_associatedScreenId" : "e88f6a36-84b0-4c11-3bd6-bb06f1d1a511",
              "attrs" : {
                "category" : "Fields",
                "id" : "5653593f-f01a-4bf6-391f-e0936cf605fd",
                "states" : {
                  "readOnly" : true,
                  "required" : true
                },
                "type" : "DateTime"
              },
              "childNodes" : [ ],
              "typeAttributes" : {
                "dataSource" : "Signoff_Date",
                "dateFormat" : "LOCALE",
                "showTime" : false,
                "title" : {
                  "text" : "Signoff Date"
                }
              }
            }, {
              "_associatedScreenId" : "e88f6a36-84b0-4c11-3bd6-bb06f1d1a511",
              "attrs" : {
                "category" : "Fields",
                "id" : "1e22939c-5e9f-4832-3ebf-2bf0a6815310",
                "states" : {
                  "readOnly" : true,
                  "required" : true
                },
                "type" : "TextInput"
              },
              "childNodes" : [ ],
              "typeAttributes" : {
                "dataSource" : "Line_Of_Bus",
                "height" : "100px",
                "inputWidthCSSClass" : "sng-large-input",
                "title" : {
                  "text" : "Line Of Buss"
                }
              }
            } ],
            "typeAttributes" : {
              "mdColSpan" : "6"
            }
          } ],
          "typeAttributes" : {
            "title" : {
              "text" : "2-Column"
            }
          }
        } ],
        "events" : { },
        "id" : "e88f6a36-84b0-4c11-3bd6-bb06f1d1a511",
        "name" : ""
      } ],
      "title" : ""
    },
    "templateType" : "page",
    "uuid" : "013ecd3a-cc2d-4d11-8db2-9a207af80ec2"
  } ],
  "handlerName" : "datahub"
}