{
  "schemaVersion" : "10.7.0",
  "templates" : [ {
    "clientApplication" : "desktop",
    "documentType" : "name",
    "metadata" : {
      "dataSources" : [ {
        "fields" : [ "name" ],
        "objectName" : "name"
      } ],
      "insightsEnabled" : false,
      "workspaceEnabled" : false
    },
    "name" : "Name_Page",
    "template" : {
      "screens" : [ {
        "childNodes" : [ {
          "_associatedScreenId" : "22648794-5032-474e-3430-21b499182777",
          "attrs" : {
            "category" : "Fields",
            "id" : "f17a7518-f95a-489a-3d12-d7a62cf79982",
            "states" : {
              "readOnly" : true,
              "required" : true
            },
            "type" : "TextInput"
          },
          "childNodes" : [ ],
          "typeAttributes" : {
            "dataSource" : "name",
            "height" : "100px",
            "inputWidthCSSClass" : "sng-fit-input",
            "title" : {
              "text" : "Name"
            }
          }
        } ],
        "events" : { },
        "id" : "22648794-5032-474e-3430-21b499182777",
        "name" : ""
      } ],
      "title" : ""
    },
    "templateType" : "page",
    "uuid" : "2d71ba4b-0ec3-46a5-a3c5-080a3f4f9746"
  } ],
  "handlerName" : "datahub"
}