{
  "schemaVersion" : "10.7.0",
  "templates" : [ {
    "clientApplication" : "desktop",
    "documentType" : "Portfolio_Details",
    "metadata" : {
      "dataSources" : [ {
        "fields" : [ "Portfolio_Number" ],
        "objectName" : "Portfolio_Details"
      } ],
      "insightsEnabled" : false,
      "workspaceEnabled" : false
    },
    "name" : "Portfolio Details",
    "template" : {
      "screens" : [ {
        "childNodes" : [ {
          "_associatedScreenId" : "dfe577ea-d68d-451e-3e22-1b066c3f3008",
          "attrs" : {
            "category" : "Fields",
            "id" : "22b97a00-9021-4271-3298-09ee84c429cd",
            "states" : {
              "readOnly" : true,
              "required" : true
            },
            "type" : "TextInput"
          },
          "childNodes" : [ ],
          "typeAttributes" : {
            "dataSource" : "Portfolio_Number",
            "height" : "100px",
            "inputWidthCSSClass" : "sng-large-input",
            "title" : {
              "text" : "Portfolio Number"
            }
          }
        } ],
        "events" : { },
        "id" : "dfe577ea-d68d-451e-3e22-1b066c3f3008",
        "name" : ""
      } ],
      "title" : ""
    },
    "templateType" : "page",
    "uuid" : "c92b59fa-8d91-41ee-a514-a206724e1da3"
  } ],
  "handlerName" : "datahub"
}