{
  "schemaVersion" : "10.7.0",
  "templates" : [ {
    "clientApplication" : "desktop",
    "documentType" : "ShareHolder_Details",
    "metadata" : {
      "dataSources" : [ {
        "fields" : [ "Name", "ID_CR_No", "Percentage", "BO_Type", "Date_of_Birth", "Res_Address_Country", "PEP" ],
        "objectName" : "ShareHolder_Details"
      } ],
      "insightsEnabled" : false,
      "workspaceEnabled" : false
    },
    "name" : "Share Holder Details",
    "template" : {
      "screens" : [ {
        "childNodes" : [ {
          "_associatedScreenId" : "6dafba51-805b-4b73-38ef-628a5f365513",
          "attrs" : {
            "category" : "Fields",
            "id" : "d437fd35-454e-4ca8-3054-9aab92ad69a0",
            "states" : {
              "readOnly" : true,
              "required" : true
            },
            "type" : "TextInput"
          },
          "childNodes" : [ ],
          "typeAttributes" : {
            "dataSource" : "Name",
            "height" : "100px",
            "inputWidthCSSClass" : "sng-large-input",
            "title" : {
              "text" : "Name"
            }
          }
        }, {
          "_associatedScreenId" : "6dafba51-805b-4b73-38ef-628a5f365513",
          "attrs" : {
            "category" : "Fields",
            "id" : "1d41aa70-5e34-4cfc-3722-9900b67c27a5",
            "states" : {
              "readOnly" : true,
              "required" : true
            },
            "type" : "TextInput"
          },
          "childNodes" : [ ],
          "typeAttributes" : {
            "dataSource" : "ID_CR_No",
            "height" : "100px",
            "inputWidthCSSClass" : "sng-large-input",
            "title" : {
              "text" : "ID CR No"
            }
          }
        }, {
          "_associatedScreenId" : "6dafba51-805b-4b73-38ef-628a5f365513",
          "attrs" : {
            "category" : "Fields",
            "id" : "5e788ee1-f197-4f2e-356b-a18fa9779fb6",
            "states" : {
              "readOnly" : true,
              "required" : true
            },
            "type" : "DropdownList"
          },
          "childNodes" : [ ],
          "typeAttributes" : {
            "dataSource" : "Percentage",
            "defaultSelection" : null,
            "inputWidthCSSClass" : "sng-large-input",
            "title" : {
              "text" : "%"
            }
          }
        }, {
          "_associatedScreenId" : "6dafba51-805b-4b73-38ef-628a5f365513",
          "attrs" : {
            "category" : "Fields",
            "id" : "b16bf921-9e9c-4628-3f12-d966744ad2e5",
            "states" : {
              "readOnly" : true,
              "required" : true
            },
            "type" : "DropdownList"
          },
          "childNodes" : [ ],
          "typeAttributes" : {
            "dataSource" : "BO_Type",
            "defaultSelection" : null,
            "inputWidthCSSClass" : "sng-large-input",
            "title" : {
              "text" : "BO Type"
            }
          }
        }, {
          "_associatedScreenId" : "6dafba51-805b-4b73-38ef-628a5f365513",
          "attrs" : {
            "category" : "Fields",
            "id" : "76bc981f-cb8f-4864-303d-ae0e003d089c",
            "states" : {
              "readOnly" : true,
              "required" : true
            },
            "type" : "DateTime"
          },
          "childNodes" : [ ],
          "typeAttributes" : {
            "dataSource" : "Date_of_Birth",
            "dateFormat" : "LOCALE",
            "showTime" : false,
            "title" : {
              "text" : "Date Of Birth"
            }
          }
        }, {
          "_associatedScreenId" : "6dafba51-805b-4b73-38ef-628a5f365513",
          "attrs" : {
            "category" : "Fields",
            "id" : "1822c3b7-72fe-4cc3-3673-62cebd75da03",
            "states" : {
              "readOnly" : true,
              "required" : true
            },
            "type" : "DropdownList"
          },
          "childNodes" : [ ],
          "typeAttributes" : {
            "dataSource" : "Res_Address_Country",
            "defaultSelection" : null,
            "inputWidthCSSClass" : "sng-large-input",
            "title" : {
              "text" : "Country Of Permanent Residential Address"
            }
          }
        }, {
          "_associatedScreenId" : "6dafba51-805b-4b73-38ef-628a5f365513",
          "attrs" : {
            "category" : "Fields",
            "id" : "14eb28a8-cd77-4a37-3ac0-620aa069eb0e",
            "states" : {
              "readOnly" : true,
              "required" : true
            },
            "type" : "DropdownList"
          },
          "childNodes" : [ ],
          "typeAttributes" : {
            "dataSource" : "PEP",
            "defaultSelection" : null,
            "inputWidthCSSClass" : "sng-large-input",
            "title" : {
              "text" : "PEP"
            }
          }
        } ],
        "events" : { },
        "id" : "6dafba51-805b-4b73-38ef-628a5f365513",
        "name" : ""
      } ],
      "title" : ""
    },
    "templateType" : "page",
    "uuid" : "67a3deee-549b-49d0-8853-44ca80865c6c"
  } ],
  "handlerName" : "datahub"
}