{
  "schemaVersion" : "10.7.0",
  "templates" : [ {
    "clientApplication" : "desktop",
    "documentType" : "transaction",
    "metadata" : {
      "dataSources" : [ {
        "fields" : [ "tran_id", "tran_date", "tran_amount", "from_acc_number", "to_acc_number", "tran_type", "channel", "load_dt" ],
        "objectName" : "transaction"
      } ],
      "insightsEnabled" : false,
      "workspaceEnabled" : false
    },
    "name" : "transaction-Inspector-pane",
    "template" : {
      "id" : "7911b9ed-66bb-4e1b-bbfb-4f3dc833a2ed",
      "screens" : [ {
        "childNodes" : [ {
          "attrs" : {
            "category" : "Panels",
            "id" : "fbcb5b04-76a9-45ab-b15b-32eed9005a0e",
            "states" : "{readOnly:true}",
            "type" : "GroupBox"
          },
          "childNodes" : [ {
            "attrs" : {
              "category" : "Fields",
              "id" : "1ae24eb1-96b7-489b-ab2e-66ebde0c6692",
              "states" : "{readOnly:true}",
              "type" : "TextInput"
            },
            "childNodes" : [ ],
            "typeAttributes" : {
              "dataSource" : "tran_id",
              "title" : {
                "text" : "Tran Id"
              }
            }
          }, {
            "attrs" : {
              "category" : "Fields",
              "id" : "019cb656-b181-4df2-ac6f-2d0e049c3ec6",
              "states" : "{readOnly:true}",
              "type" : "DateTime"
            },
            "childNodes" : [ ],
            "typeAttributes" : {
              "dataSource" : "tran_date",
              "dateFormat" : "LOCALE",
              "title" : {
                "text" : "Tran Date"
              }
            }
          }, {
            "attrs" : {
              "category" : "Fields",
              "id" : "1ff306b7-e783-4c9c-9eff-2d635e8b93e8",
              "states" : "{readOnly:true}",
              "type" : "TextInput"
            },
            "childNodes" : [ ],
            "typeAttributes" : {
              "dataSource" : "tran_amount",
              "title" : {
                "text" : "Tran Amount"
              }
            }
          }, {
            "attrs" : {
              "category" : "Fields",
              "id" : "2409ab93-83f1-4745-a473-666b36f869d1",
              "states" : "{readOnly:true}",
              "type" : "TextInput"
            },
            "childNodes" : [ ],
            "typeAttributes" : {
              "dataSource" : "from_acc_number",
              "title" : {
                "text" : "From Acc Number"
              }
            }
          }, {
            "attrs" : {
              "category" : "Fields",
              "id" : "e50fbafd-896f-495e-8ab1-41cb8cf205d6",
              "states" : "{readOnly:true}",
              "type" : "TextInput"
            },
            "childNodes" : [ ],
            "typeAttributes" : {
              "dataSource" : "to_acc_number",
              "title" : {
                "text" : "To Acc Number"
              }
            }
          }, {
            "attrs" : {
              "category" : "Fields",
              "id" : "cdab1b09-57bb-41dc-b322-42e676a2ba71",
              "states" : "{readOnly:true}",
              "type" : "TextInput"
            },
            "childNodes" : [ ],
            "typeAttributes" : {
              "dataSource" : "tran_type",
              "title" : {
                "text" : "Tran Type"
              }
            }
          }, {
            "attrs" : {
              "category" : "Fields",
              "id" : "3cdd5187-3028-49cb-98d1-a25fcb7642d0",
              "states" : "{readOnly:true}",
              "type" : "TextInput"
            },
            "childNodes" : [ ],
            "typeAttributes" : {
              "dataSource" : "channel",
              "title" : {
                "text" : "Channel"
              }
            }
          }, {
            "attrs" : {
              "category" : "Fields",
              "id" : "be2cac52-c73b-42c0-a44d-9cf11331898e",
              "states" : "{readOnly:true}",
              "type" : "DateTime"
            },
            "childNodes" : [ ],
            "typeAttributes" : {
              "dataSource" : "load_dt",
              "dateFormat" : "LOCALE",
              "showTime" : "true",
              "title" : {
                "text" : "Load Dt"
              }
            }
          } ],
          "typeAttributes" : {
            "title" : {
              "text" : "Transaction"
            }
          }
        } ],
        "events" : { },
        "id" : "1b4ea25f-0a5f-4564-909b-0f4d6eedd3ad",
        "name" : "Transaction"
      } ],
      "title" : "Page Template for the entity \"transaction\""
    },
    "templateType" : "page",
    "uuid" : "b9e4da8e-5770-4112-965f-0047df7e5177"
  } ],
  "handlerName" : "datahub"
}