{
  "schemaVersion" : "10.7.0",
  "templates" : [ {
    "clientApplication" : "desktop",
    "documentType" : "transaction",
    "metadata" : {
      "dataSources" : [ {
        "fields" : [ "tran_id", "tran_date", "tran_amount", "from_acc_number", "to_acc_number", "tran_type", "channel", "load_dt" ],
        "objectName" : "transaction"
      } ],
      "insightsEnabled" : false,
      "workspaceEnabled" : false
    },
    "name" : "transaction-Summary-pane",
    "template" : {
      "id" : "5d2b213f-807b-483e-bd3f-51466eaa70a0",
      "screens" : [ {
        "childNodes" : [ {
          "attrs" : {
            "category" : "Panels",
            "id" : "e1b17811-2f11-47b0-a4ba-6b8586394788",
            "states" : "{readOnly:true}",
            "type" : "GroupBox"
          },
          "childNodes" : [ {
            "attrs" : {
              "category" : "Panels",
              "id" : "9ad41aa9-60be-4551-90da-82b881599270",
              "type" : "MasonryLayout"
            },
            "childNodes" : [ {
              "attrs" : {
                "category" : "Fields",
                "id" : "8fbca114-89bf-4673-b589-11c57d3f94ff",
                "states" : "{readOnly:true}",
                "type" : "TextInput"
              },
              "childNodes" : [ ],
              "inheritedAttributes" : {
                "spanCSSClass" : "sng-masonry-one"
              },
              "typeAttributes" : {
                "dataSource" : "tran_id",
                "title" : {
                  "text" : "Tran Id"
                }
              }
            }, {
              "attrs" : {
                "category" : "Fields",
                "id" : "f638c933-823c-48e8-b297-55714ad3e34a",
                "states" : "{readOnly:true}",
                "type" : "DateTime"
              },
              "childNodes" : [ ],
              "inheritedAttributes" : {
                "spanCSSClass" : "sng-masonry-one"
              },
              "typeAttributes" : {
                "dataSource" : "tran_date",
                "dateFormat" : "LOCALE",
                "title" : {
                  "text" : "Tran Date"
                }
              }
            }, {
              "attrs" : {
                "category" : "Fields",
                "id" : "bdcfe213-9faf-4512-ae91-14c8e5b79094",
                "states" : "{readOnly:true}",
                "type" : "TextInput"
              },
              "childNodes" : [ ],
              "inheritedAttributes" : {
                "spanCSSClass" : "sng-masonry-one"
              },
              "typeAttributes" : {
                "dataSource" : "tran_amount",
                "title" : {
                  "text" : "Tran Amount"
                }
              }
            }, {
              "attrs" : {
                "category" : "Fields",
                "id" : "95651a70-3f62-407e-a939-074189c23d7a",
                "states" : "{readOnly:true}",
                "type" : "TextInput"
              },
              "childNodes" : [ ],
              "inheritedAttributes" : {
                "spanCSSClass" : "sng-masonry-one"
              },
              "typeAttributes" : {
                "dataSource" : "from_acc_number",
                "title" : {
                  "text" : "From Acc Number"
                }
              }
            }, {
              "attrs" : {
                "category" : "Fields",
                "id" : "b783981d-7fdf-4a3a-b660-be7f6fb885a2",
                "states" : "{readOnly:true}",
                "type" : "TextInput"
              },
              "childNodes" : [ ],
              "inheritedAttributes" : {
                "spanCSSClass" : "sng-masonry-one"
              },
              "typeAttributes" : {
                "dataSource" : "to_acc_number",
                "title" : {
                  "text" : "To Acc Number"
                }
              }
            }, {
              "attrs" : {
                "category" : "Fields",
                "id" : "eb1e0d77-a59d-474a-ad60-6f23711feb62",
                "states" : "{readOnly:true}",
                "type" : "TextInput"
              },
              "childNodes" : [ ],
              "inheritedAttributes" : {
                "spanCSSClass" : "sng-masonry-one"
              },
              "typeAttributes" : {
                "dataSource" : "tran_type",
                "title" : {
                  "text" : "Tran Type"
                }
              }
            }, {
              "attrs" : {
                "category" : "Fields",
                "id" : "fe1c5b4b-0e24-4dfd-9907-132fe1683718",
                "states" : "{readOnly:true}",
                "type" : "TextInput"
              },
              "childNodes" : [ ],
              "inheritedAttributes" : {
                "spanCSSClass" : "sng-masonry-one"
              },
              "typeAttributes" : {
                "dataSource" : "channel",
                "title" : {
                  "text" : "Channel"
                }
              }
            }, {
              "attrs" : {
                "category" : "Fields",
                "id" : "48976c48-32e2-43de-897a-c6b6a86a72fc",
                "states" : "{readOnly:true}",
                "type" : "DateTime"
              },
              "childNodes" : [ ],
              "inheritedAttributes" : {
                "spanCSSClass" : "sng-masonry-one"
              },
              "typeAttributes" : {
                "dataSource" : "load_dt",
                "dateFormat" : "LOCALE",
                "showTime" : "true",
                "title" : {
                  "text" : "Load Dt"
                }
              }
            } ],
            "typeAttributes" : {
              "title" : {
                "text" : "Cascading"
              }
            }
          } ],
          "typeAttributes" : {
            "title" : {
              "text" : "Transaction"
            }
          }
        } ],
        "events" : { },
        "id" : "ef3c5fae-33d0-4a51-b1e1-80b194e4cdfa",
        "name" : "Transaction"
      } ],
      "title" : "Page Template for the entity \"transaction\""
    },
    "templateType" : "page",
    "uuid" : "365eeb59-e84c-4cee-a2ab-41a627379a31"
  } ],
  "handlerName" : "datahub"
}