{
  "schemaVersion" : "10.7.0",
  "templates" : [ {
    "clientApplication" : "desktop",
    "documentType" : "transaction",
    "metadata" : {
      "dataSources" : [ {
        "fields" : [ "tran_id", "tran_date", "tran_amount", "from_acc_number", "to_acc_number", "tran_type", "channel", "load_dt" ],
        "objectName" : "transaction"
      } ],
      "insightsEnabled" : true,
      "workspaceEnabled" : true
    },
    "name" : "transaction-Full-pane",
    "template" : {
      "id" : "eb05b0a5-1975-4708-85cf-5e9bb8e3de8e",
      "screens" : [ {
        "childNodes" : [ {
          "attrs" : {
            "category" : "Panels",
            "id" : "9d0af58a-100c-430f-9d1c-7fe7a39c602c",
            "states" : "{readOnly:true}",
            "type" : "GroupBox"
          },
          "childNodes" : [ {
            "attrs" : {
              "category" : "Fields",
              "id" : "ccb7b97e-2b7a-4ff0-abf0-26c446c7c453",
              "states" : "{readOnly:true}",
              "type" : "TextInput"
            },
            "childNodes" : [ ],
            "typeAttributes" : {
              "dataSource" : "tran_id",
              "title" : {
                "text" : "Tran Id"
              }
            }
          }, {
            "attrs" : {
              "category" : "Fields",
              "id" : "d861ee85-574b-4d8d-82d6-c1fb888b9cd7",
              "states" : "{readOnly:true}",
              "type" : "DateTime"
            },
            "childNodes" : [ ],
            "typeAttributes" : {
              "dataSource" : "tran_date",
              "dateFormat" : "LOCALE",
              "title" : {
                "text" : "Tran Date"
              }
            }
          }, {
            "attrs" : {
              "category" : "Fields",
              "id" : "b75a968c-6fc1-4b3e-9ee1-87573c1ee051",
              "states" : "{readOnly:true}",
              "type" : "TextInput"
            },
            "childNodes" : [ ],
            "typeAttributes" : {
              "dataSource" : "tran_amount",
              "title" : {
                "text" : "Tran Amount"
              }
            }
          }, {
            "attrs" : {
              "category" : "Fields",
              "id" : "38eae281-3e20-4f21-b073-96c761678c40",
              "states" : "{readOnly:true}",
              "type" : "TextInput"
            },
            "childNodes" : [ ],
            "typeAttributes" : {
              "dataSource" : "from_acc_number",
              "title" : {
                "text" : "From Acc Number"
              }
            }
          }, {
            "attrs" : {
              "category" : "Fields",
              "id" : "26e290eb-d6b3-4a88-b115-24129ef0ad7a",
              "states" : "{readOnly:true}",
              "type" : "TextInput"
            },
            "childNodes" : [ ],
            "typeAttributes" : {
              "dataSource" : "to_acc_number",
              "title" : {
                "text" : "To Acc Number"
              }
            }
          }, {
            "attrs" : {
              "category" : "Fields",
              "id" : "eb78a08c-b05f-42b0-a1fe-eaae0f2235be",
              "states" : "{readOnly:true}",
              "type" : "TextInput"
            },
            "childNodes" : [ ],
            "typeAttributes" : {
              "dataSource" : "tran_type",
              "title" : {
                "text" : "Tran Type"
              }
            }
          }, {
            "attrs" : {
              "category" : "Fields",
              "id" : "5f49ef1c-b375-4ec8-a831-d0c4bbcc2dc0",
              "states" : "{readOnly:true}",
              "type" : "TextInput"
            },
            "childNodes" : [ ],
            "typeAttributes" : {
              "dataSource" : "channel",
              "title" : {
                "text" : "Channel"
              }
            }
          }, {
            "attrs" : {
              "category" : "Fields",
              "id" : "abfd9a15-fa95-4957-aa78-921b280dde71",
              "states" : "{readOnly:true}",
              "type" : "DateTime"
            },
            "childNodes" : [ ],
            "typeAttributes" : {
              "dataSource" : "load_dt",
              "dateFormat" : "LOCALE",
              "showTime" : "true",
              "title" : {
                "text" : "Load Dt"
              }
            }
          } ],
          "typeAttributes" : {
            "title" : {
              "text" : "Transaction"
            }
          }
        } ],
        "events" : { },
        "id" : "aae05f04-9dbe-4ce9-95c9-848997c954b4",
        "name" : "Transaction"
      } ],
      "title" : "Page Template for the entity \"transaction\""
    },
    "templateType" : "page",
    "uuid" : "e05ef349-fcb9-47e1-b0e3-211b9a445ccd"
  } ],
  "handlerName" : "datahub"
}