{
  "schemaVersion" : "10.7.0",
  "templates" : [ {
    "clientApplication" : "mobile",
    "documentType" : "transaction",
    "metadata" : {
      "dataSources" : [ {
        "fields" : [ "tran_id", "tran_date", "tran_amount", "from_acc_number", "to_acc_number", "tran_type", "channel", "load_dt" ],
        "objectName" : "transaction"
      } ],
      "insightsEnabled" : false,
      "workspaceEnabled" : false
    },
    "name" : "transaction-Mobile-pane",
    "template" : {
      "id" : "29d5ad97-8da5-4507-ad39-d99384adc8c5",
      "screens" : [ {
        "childNodes" : [ {
          "attrs" : {
            "category" : "MobileLayoutControls",
            "id" : "a0441e46-10ff-47d3-a417-0a5973fdc584",
            "states" : "{readOnly:true}",
            "type" : "mobileGroupBox"
          },
          "childNodes" : [ {
            "attrs" : {
              "category" : "MobileLayoutControls",
              "id" : "0f16a2d3-55b3-4d23-af58-860918f03546",
              "type" : "mobileColumnGroup-Two"
            },
            "childNodes" : [ {
              "attrs" : {
                "category" : "Container",
                "id" : "987268a1-58cb-4c09-8603-67e403ca3a0c",
                "type" : "ColumnContainer"
              },
              "childNodes" : [ {
                "attrs" : {
                  "category" : "MobileObjectControls",
                  "id" : "a1f8433a-974b-46ef-9cc8-2388077c8f5e",
                  "states" : "{readOnly:true}",
                  "type" : "mobileTextInput"
                },
                "childNodes" : [ ],
                "typeAttributes" : {
                  "dataSource" : "tran_id",
                  "title" : {
                    "text" : "Tran Id"
                  }
                }
              }, {
                "attrs" : {
                  "category" : "MobileObjectControls",
                  "id" : "37971222-1785-467b-be1e-e666a639b236",
                  "states" : "{readOnly:true}",
                  "type" : "mobileTextInput"
                },
                "childNodes" : [ ],
                "typeAttributes" : {
                  "dataSource" : "tran_amount",
                  "title" : {
                    "text" : "Tran Amount"
                  }
                }
              }, {
                "attrs" : {
                  "category" : "MobileObjectControls",
                  "id" : "69993688-9555-4511-bb6a-082c21444caf",
                  "states" : "{readOnly:true}",
                  "type" : "mobileTextInput"
                },
                "childNodes" : [ ],
                "typeAttributes" : {
                  "dataSource" : "tran_type",
                  "title" : {
                    "text" : "Tran Type"
                  }
                }
              } ],
              "typeAttributes" : {
                "mdColSpan" : "6"
              }
            }, {
              "attrs" : {
                "category" : "Container",
                "id" : "6e20497c-41c7-4ee3-8ec0-245a9cb1bb82",
                "type" : "ColumnContainer"
              },
              "childNodes" : [ {
                "attrs" : {
                  "category" : "MobileObjectControls",
                  "id" : "3226664b-5f31-4604-bcc5-7f2d9feb24a0",
                  "states" : "{readOnly:true}",
                  "type" : "mobileDateTime"
                },
                "childNodes" : [ ],
                "typeAttributes" : {
                  "dataSource" : "tran_date",
                  "dateFormat" : "LOCALE",
                  "title" : {
                    "text" : "Tran Date"
                  }
                }
              }, {
                "attrs" : {
                  "category" : "MobileObjectControls",
                  "id" : "054beb45-905d-4488-9e83-e723fc435b44",
                  "states" : "{readOnly:true}",
                  "type" : "mobileTextInput"
                },
                "childNodes" : [ ],
                "typeAttributes" : {
                  "dataSource" : "from_acc_number",
                  "title" : {
                    "text" : "From Acc Number"
                  }
                }
              }, {
                "attrs" : {
                  "category" : "MobileObjectControls",
                  "id" : "8462ede1-4ae6-4952-8439-d0ada88ae0a5",
                  "states" : "{readOnly:true}",
                  "type" : "mobileTextInput"
                },
                "childNodes" : [ ],
                "typeAttributes" : {
                  "dataSource" : "to_acc_number",
                  "title" : {
                    "text" : "To Acc Number"
                  }
                }
              }, {
                "attrs" : {
                  "category" : "MobileObjectControls",
                  "id" : "79fd4688-0d40-4ac1-8141-7722d78cbbbb",
                  "states" : "{readOnly:true}",
                  "type" : "mobileTextInput"
                },
                "childNodes" : [ ],
                "typeAttributes" : {
                  "dataSource" : "channel",
                  "title" : {
                    "text" : "Channel"
                  }
                }
              }, {
                "attrs" : {
                  "category" : "MobileObjectControls",
                  "id" : "862453bc-bcd3-49b8-b181-1774bb3f8e46",
                  "states" : "{readOnly:true}",
                  "type" : "mobileDateTime"
                },
                "childNodes" : [ ],
                "typeAttributes" : {
                  "dataSource" : "load_dt",
                  "dateFormat" : "LOCALE",
                  "showTime" : "true",
                  "title" : {
                    "text" : "Load Dt"
                  }
                }
              } ],
              "typeAttributes" : {
                "mdColSpan" : "6"
              }
            } ],
            "typeAttributes" : {
              "title" : {
                "text" : "2-Column"
              }
            }
          } ],
          "typeAttributes" : {
            "title" : {
              "text" : "Transaction"
            }
          }
        } ],
        "events" : { },
        "id" : "ce26434a-6e82-43c6-8d69-74f0a9ac50ac",
        "name" : "Transaction"
      } ],
      "title" : "Page Template for the entity \"transaction\""
    },
    "templateType" : "page",
    "uuid" : "d99ac6b0-970f-4359-96f6-f8a3aacbf1a3"
  } ],
  "handlerName" : "datahub"
}