{
  "schemaVersion" : "10.7.0",
  "templates" : [ {
    "clientApplication" : "desktop",
    "conditions" : [ "559002e9-be56-a5b9-896e-b216c1d7856b", "da9d0ed0-298d-4c07-75be-5ded4c3a2f60" ],
    "documentType" : "UB_O",
    "metadata" : {
      "dataSources" : [ {
        "fields" : [ "ub_o_id", "Name", "Shareholder_Type", "Cnt_Inc", "Date_of_Birth", "Percent" ],
        "objectName" : "UB_O"
      } ],
      "insightsEnabled" : false,
      "workspaceEnabled" : false
    },
    "name" : "UBO",
    "template" : {
      "screens" : [ {
        "childNodes" : [ {
          "_associatedScreenId" : "e52430d6-ce79-417d-3439-2a60201fee14",
          "attrs" : {
            "category" : "Fields",
            "id" : "bb9dd773-2c93-4afc-3fc4-1c0e43d73de4",
            "states" : {
              "readOnly" : true,
              "required" : true
            },
            "type" : "TextInput"
          },
          "childNodes" : [ ],
          "typeAttributes" : {
            "dataSource" : "ub_o_id",
            "height" : "100px",
            "inputWidthCSSClass" : "sng-fit-input",
            "title" : {
              "text" : "UB_O ID"
            }
          }
        }, {
          "_associatedScreenId" : "e52430d6-ce79-417d-3439-2a60201fee14",
          "attrs" : {
            "category" : "Fields",
            "id" : "b766a39c-71e8-455c-3897-edadbbd7911a",
            "states" : {
              "readOnly" : true,
              "required" : true
            },
            "type" : "TextInput"
          },
          "childNodes" : [ ],
          "typeAttributes" : {
            "dataSource" : "Name",
            "height" : "100px",
            "inputWidthCSSClass" : "sng-fit-input",
            "title" : {
              "text" : "Name"
            }
          }
        }, {
          "_associatedScreenId" : "e52430d6-ce79-417d-3439-2a60201fee14",
          "attrs" : {
            "category" : "Fields",
            "id" : "bc5caf02-5e96-403b-36ec-bf3d74c2ef79",
            "states" : {
              "readOnly" : true,
              "required" : true
            },
            "type" : "DropdownList"
          },
          "childNodes" : [ ],
          "typeAttributes" : {
            "dataSource" : "Shareholder_Type",
            "defaultSelection" : null,
            "inputWidthCSSClass" : "sng-fit-input",
            "title" : {
              "text" : "Shareholder Type"
            }
          }
        }, {
          "_associatedScreenId" : "e52430d6-ce79-417d-3439-2a60201fee14",
          "attributes" : {
            "global" : {
              "state" : {
                "conditions" : {
                  "hidden" : {
                    "id" : "da9d0ed0-298d-4c07-75be-5ded4c3a2f60",
                    "objectState" : "ENTERED"
                  },
                  "required" : {
                    "id" : "559002e9-be56-a5b9-896e-b216c1d7856b",
                    "objectState" : "ENTERED"
                  }
                },
                "hidden" : false,
                "required" : false
              }
            }
          },
          "attrs" : {
            "category" : "Fields",
            "id" : "02e9ce58-bda6-42af-36e7-ba77fcc34706",
            "states" : {
              "readOnly" : true,
              "required" : true
            },
            "type" : "TextInput"
          },
          "childNodes" : [ ],
          "typeAttributes" : {
            "dataSource" : "Cnt_Inc",
            "height" : "100px",
            "inputWidthCSSClass" : "sng-fit-input",
            "title" : {
              "text" : "Cnt Inc"
            }
          }
        }, {
          "_associatedScreenId" : "e52430d6-ce79-417d-3439-2a60201fee14",
          "attributes" : {
            "global" : {
              "state" : {
                "conditions" : {
                  "hidden" : {
                    "id" : "559002e9-be56-a5b9-896e-b216c1d7856b",
                    "objectState" : "ENTERED"
                  }
                },
                "hidden" : false,
                "required" : false
              }
            }
          },
          "attrs" : {
            "category" : "Fields",
            "id" : "57f48e79-6db5-4635-382d-0b028e23ed5b",
            "states" : {
              "readOnly" : true,
              "required" : true
            },
            "type" : "DateTime"
          },
          "childNodes" : [ ],
          "typeAttributes" : {
            "dataSource" : "Date_of_Birth",
            "dateFormat" : "LOCALE",
            "showTime" : true,
            "title" : {
              "text" : "Date Of Birth"
            }
          }
        }, {
          "_associatedScreenId" : "e52430d6-ce79-417d-3439-2a60201fee14",
          "attrs" : {
            "category" : "Fields",
            "id" : "65c0fa26-4d88-4d53-3af1-c62e4ede5f10",
            "states" : {
              "readOnly" : true,
              "required" : true
            },
            "type" : "TextInput"
          },
          "childNodes" : [ ],
          "typeAttributes" : {
            "dataSource" : "Percent",
            "height" : "100px",
            "inputWidthCSSClass" : "sng-fit-input",
            "title" : {
              "text" : "Percent"
            }
          }
        } ],
        "events" : { },
        "id" : "e52430d6-ce79-417d-3439-2a60201fee14",
        "name" : ""
      } ],
      "title" : ""
    },
    "templateType" : "page",
    "uuid" : "4a77806f-62c4-4d45-9dc8-8860dc8b0c2c"
  } ],
  "handlerName" : "datahub"
}