{
  "deferToParentFlag" : false,
  "dependencies" : [ {
    "contentType" : "application/vnd.sas.investigation.meta.solution",
    "id" : "sas_visual_investigator_default"
  }, {
    "contentType" : "application/vnd.sas.investigation.meta.page.extension.category",
    "id" : "Fields"
  } ],
  "displayFlag" : true,
  "parentReference" : {
    "contentType" : "application/vnd.sas.investigation.meta.solution",
    "id" : "sas_visual_investigator_default"
  },
  "payload" : {
    "schemaVersion" : "10.8.0",
    "controls" : [ {
      "controlAttributes" : {
        "metadata" : {
          "iimVersion" : 1,
          "showInToolbox" : "false"
        }
      },
      "controlCategory" : "Fields",
      "controlDescription" : "Perform lookups against a map",
      "customControl" : true,
      "directive" : "//# sourceURL=simMapLookupPlugin.js\n{\n    /**\n     * This example plugin can be used by the SAS Intelligence & Investigation Management Map Lookup control.\n     *\n     * As a demonstration of the functionality a user will be returned the SAS Cary offices when committing a search for \"SAS\".\n     * Additionally, conducting a reverse search will return the SAS Cary office when the pin is in the vicinity of SAS Campus Drive.\n     */\n    class MapLookupPlugin {\n        /*\n         * The types are the fields available for selection when configuring the Map Lookup control using this plugin\n         * @returns string[] - the property names supplied by the lookup functions\n         */\n        getApiTypes() {\n            return [\"building\", \"street\", \"town\", \"state\", \"country\", \"postcode\", \"suburb\", \"city\"];\n        }\n        /**\n         * Perform a search for coordinates given a string query\n         * @param query - the user supplied query string\n         * @returns Promise<IResultItem> - list of possible locations\n         */\n        lookup(query) {\n            return new Promise((resolve) => {\n                const locations = [];\n                if (/SAS/.test(query)) {\n                    const cary = {\n                        id: 1,\n                        latitude: 35.822830042,\n                        longitude: -78.757330304,\n                        building: \"100\",\n                        street: \"SAS Campus Dr\",\n                        town: \"Cary\",\n                        state: \"North Carolina\",\n                        country: \"USA\",\n                        postcode: \"NC 27513\",\n                        city: \"Cary\",\n                    };\n                    locations.push(cary);\n                }\n                return resolve(locations);\n            });\n        }\n        /**\n         * Perform a search for an addressable location given coordinates\n         * @param latitude - the user supplied latitude\n         * @param longitude - the user supplied longitude\n         * @returns Promise<IResultItem> - list of possible locations\n         */\n        reverseLookup(latitude, longitude) {\n            return new Promise((resolve) => {\n                const locations = [];\n                if (latitude >= 35.814 && latitude <= 35.83 && longitude >= -78.765 && longitude <= -78.749) {\n                    const cary = {\n                        id: 1,\n                        latitude: 35.822830042,\n                        longitude: -78.757330304,\n                        building: \"100\",\n                        street: \"SAS Campus Dr\",\n                        town: \"Cary\",\n                        state: \"North Carolina\",\n                        country: \"USA\",\n                        postcode: \"NC 27513\",\n                        city: \"Cary\",\n                    };\n                    locations.push(cary);\n                }\n                return resolve(locations);\n            });\n        }\n    }\n    // Register the plugin for use with the Map Lookup control\n    getSimApi().registerPlugin({\n        type: \"mapLookup\",\n        id: \"simple\",\n        label: \"Simple\",\n        api: MapLookupPlugin,\n    });\n    {};\n}\n",
      "directiveName" : "sim-map-lookup-plugin",
      "displayName" : "Map Lookup Plug-in - Simple",
      "displayNameResource" : "sim.mapLookupPlugin.admin.display.control.title",
      "name" : "simMapLookupPlugin",
      "propertiesTitle" : "Map Lookup Plug-in - Simple",
      "solutionName" : "sas_visual_investigator_default"
    } ],
    "handlerName" : "datahub"
  },
  "publishCode" : "OPEN",
  "reference" : {
    "contentType" : "application/vnd.sas.investigation.meta.page.extension",
    "id" : "simMapLookupPlugin"
  },
  "resourceCategoryLabelKey" : "svi.datahub.transport.page_extension.category.label.txt",
  "resourceLabelKey" : "svi.datahub.control.simMapLookupPlugin.displayName.txt",
  "resourceSubcategoryLabelKey" : "svi.datahub.transport.page_extension.subcategory.label.txt",
  "resourceTypeLabelKey" : "svi.datahub.transport.page_extension.type.label.txt",
  "solutionReference" : {
    "contentType" : "application/vnd.sas.investigation.meta.solution",
    "id" : "sas_visual_investigator_default"
  },
  "transportSchemaVersion" : 1
}