{
  "deferToParentFlag" : false,
  "dependencies" : [ {
    "contentType" : "application/vnd.sas.investigation.meta.solution",
    "id" : "sas_visual_investigator_default"
  }, {
    "contentType" : "application/vnd.sas.investigation.meta.page.extension.category",
    "id" : "Fields"
  } ],
  "displayFlag" : true,
  "parentReference" : {
    "contentType" : "application/vnd.sas.investigation.meta.solution",
    "id" : "sas_visual_investigator_default"
  },
  "payload" : {
    "schemaVersion" : "10.8.0",
    "controls" : [ {
      "controlAttributes" : {
        "metadata" : {
          "iimVersion" : 1,
          "showInToolbox" : "false"
        }
      },
      "controlCategory" : "Fields",
      "controlDescription" : "Customer code to support Multiple Selection form fields - Extract Concepts",
      "customControl" : true,
      "directive" : "//# sourceURL=simMultipleSelectionPluginExtractConcepts.js\n{\n    /**\n     * This example plugin can be used by the SAS Intelligence & Investigation Multiple Selection form item.\n     *\n     * Example shows concepts/entities being extracted from an object field.\n     */\n    // Concepts that will be extracted.  nlpPlace and nlpOrganization are reliant on VTA being installed/configured.\n    const includeConcepts = [\"nlpPerson\", \"nlpPlace\", \"nlpPhone\", \"nlpEmail\", \"nlpOrganization\"];\n    // Specify a custom model to be used for Visual Text Analytics entity detection, if blank the built in model is used\n    const MODEL_URI = \"\";\n    // Specify the concepts to be used from the Visual Text Analytics model\n    const VTA_CONCEPTS = [\"nlpPlace\", \"nlpPerson\", \"nlpOrganization\"];\n    // Specify the language to be used for Visual Text Analytics\n    const VTA_LANGUAGE = \"en\";\n    /**\n     * The following class provides integration with the Visual Text Analytics Concepts service\n     */\n    class VisualTextAnalyticsEntityProvider {\n        constructor() {\n            this.language = VTA_LANGUAGE;\n            this.modelUri = MODEL_URI;\n            this.concepts = VTA_CONCEPTS;\n            this.caslibName = \"CASUSER\";\n            this.retryInterval = 2000;\n            this.retryAttempts = 30;\n            this.conceptsJobsUri = \"/concepts/jobs\";\n            this.casServersUri = \"/casManagement/servers\";\n            this.csrfTokens = {};\n        }\n        // Return a list of concepts that the VTA model may provide\n        getSupportedConcepts() {\n            return this.concepts;\n        }\n        // Return the text groupings identified by VTA\n        getVTAMarkup(text) {\n            // Use the input text for a new job request\n            return this.createConceptsJob(text).then((job) => {\n                // Then return the results\n                const jobURI = this.conceptsJobsUri + \"/\" + job.id;\n                return (this.getConceptsResults(jobURI)\n                    .then((result) => {\n                    const textGroupings = [];\n                    // Add Text Grouping for each concept\n                    for (const [conceptType, concepts] of this.getUniqueConcepts(result.concepts)) {\n                        for (const conceptTerm of concepts) {\n                            textGroupings.push({\n                                text: conceptTerm,\n                                group: conceptType,\n                                matches: [{ text: conceptTerm }],\n                            });\n                        }\n                    }\n                    return Promise.resolve(textGroupings);\n                })\n                    // Once the results are returned the job is cleaned up\n                    .finally(() => {\n                    this.fetchCSRF(jobURI, { method: \"DELETE\" });\n                }));\n            });\n        }\n        // VTA returns all the matches found and there positions.\n        // [\n        // {startOffset = 0, endOffset = 6, term: \"Mr John\", name: \"nlpPerson\"},\n        // {startOffset = 0, endOffset = 12, term: \"Mr John Smith\", name: \"nlpPerson\"},\n        // {startOffset = 3, endOffset = 12, term: \"John Smith\", name: \"nlpPerson\"},\n        // {startOffset = 17, endOffset = 23, term: \"Mr John\", name: \"nlpPerson\"},\n        // {startOffset = 17, endOffset = 29, term: \"Mr John Smith\", name: \"nlpPerson\"},\n        // {startOffset = 20, endOffset = 29, term: \"John Smith\", name: \"nlpPerson\"},\n        // ]\n        // We want to simplify to\n        // Mr John Smith\n        getUniqueConcepts(concepts) {\n            // Filter VTA concepts to the ones that we want to process e.g. exclude concepts like nlpNounGroup\n            concepts = concepts.filter((textGrouping) => {\n                const supportedConcept = this.getSupportedConcepts().includes(textGrouping.name);\n                // VTA can treat two names separated by \"and\" as a single name which we want to exclude\n                // {startOffset = 20, endOffset = 29, term: \"Jackson and John Smith\", name: \"nlpPerson\"},\n                const invalidPerson = textGrouping.term.toLowerCase().includes(\" and \");\n                return supportedConcept && !invalidPerson;\n            });\n            // Sort by term length with the longest first.\n            concepts.sort((first, second) => second.term.length - first.term.length);\n            // Keep the longest term only e.g.\n            // [\n            // {startOffset = 0, endOffset = 12, term: \"Mr John Smith\", name: \"nlpPerson\"},\n            // {startOffset = 17, endOffset = 29, term: \"Mr John Smith\", name: \"nlpPerson\"}\n            // ]\n            const uniqueConceptsMap = new Map();\n            const longestConcepts = [];\n            for (const concept of concepts) {\n                let isContained = false;\n                for (const longestConcept of longestConcepts) {\n                    if (longestConcept.startOffset <= concept.startOffset &&\n                        longestConcept.endOffset >= concept.endOffset) {\n                        isContained = true;\n                    }\n                }\n                if (!isContained) {\n                    longestConcepts.push(concept);\n                    if (!uniqueConceptsMap.has(concept.name)) {\n                        uniqueConceptsMap.set(concept.name, new Set());\n                    }\n                    uniqueConceptsMap.get(concept.name).add(concept.term);\n                }\n            }\n            return uniqueConceptsMap;\n        }\n        // Return the caslib URI where the concepts job will run\n        getCASLibURI() {\n            if (!this.resolvedCaslibUri) {\n                this.resolvedCaslibUri = fetch(this.casServersUri)\n                    .then((response) => this.checkResponse(response, \"CASLIBFETCH\"))\n                    .then((response) => {\n                    const controller = response.items.find((server) => server.tags.includes(\"controller\"));\n                    if (!controller) {\n                        return Promise.reject(\"NOCONTROLLER\");\n                    }\n                    const caslibs = controller.links.find((link) => link.rel === \"caslibs\");\n                    if (!caslibs) {\n                        return Promise.reject(\"NOCASLIBURI\");\n                    }\n                    return caslibs.href + \"/\" + this.caslibName;\n                });\n            }\n            return this.resolvedCaslibUri;\n        }\n        // Create a new job with the concepts service\n        createConceptsJob(text) {\n            return this.getCASLibURI()\n                .then((caslib) => {\n                const jobRequest = {\n                    description: \"SAS Intelligence & Investigation Management Markup\",\n                    language: this.language,\n                    caslibUri: caslib,\n                    documents: [text],\n                    version: 1,\n                };\n                if (this.modelUri) {\n                    jobRequest.modelUri = this.modelUri;\n                }\n                return this.fetchCSRF(this.conceptsJobsUri, {\n                    method: \"POST\",\n                    headers: {\n                        \"Content-Type\": \"application/vnd.sas.text.concepts.job.request.documents+json\",\n                    },\n                    body: JSON.stringify(jobRequest),\n                });\n            })\n                .then((response) => this.checkResponse(response, \"JOBCREATE\"));\n        }\n        // Fetch the results of the concepts job\n        getConceptsResults(jobURI, attemptCount = 0) {\n            return fetch(jobURI)\n                .then((response) => this.checkResponse(response, \"JOBSTATUS\"))\n                .then((response) => {\n                // If the job is not complete wait and check again\n                if (response.state === \"pending\" || response.state === \"running\") {\n                    if (++attemptCount <= this.retryAttempts) {\n                        return new Promise((resolve) => {\n                            setTimeout(() => {\n                                resolve(this.getConceptsResults(jobURI, attemptCount));\n                            }, this.retryInterval);\n                        });\n                    }\n                    else {\n                        return Promise.reject(\"CONCEPTSTIMEOUT\");\n                    }\n                }\n                // Once the job is complete the concepts are returned\n                else if (response.state === \"completed\") {\n                    return this.getConceptsJobResults(jobURI);\n                }\n                return Promise.reject(\"CONCEPTSFAILED\");\n            });\n        }\n        // Fetch the markup results\n        getConceptsJobResults(jobURI) {\n            return fetch(jobURI + \"/results/concepts\")\n                .then((response) => this.checkResponse(response, \"CONCEPTSJOBRESULT\"))\n                .then((response) => response.items[0]);\n        }\n        // Return a cached CSRF token for a service\n        getCSRFToken(contextPath) {\n            if (!this.csrfTokens[contextPath]) {\n                this.csrfTokens[contextPath] = fetch(contextPath).then((response) => {\n                    if (!response.ok) {\n                        delete this.csrfTokens[contextPath];\n                        return Promise.reject(\"CSRFERROR\");\n                    }\n                    return response.headers.get(\"X-CSRF-TOKEN\");\n                });\n            }\n            return this.csrfTokens[contextPath];\n        }\n        // Issue a fetch request with a CSRF token\n        fetchCSRF(url, init = {}) {\n            const service = url.match(/^(\\/[^/]+)/);\n            const contextPath = service ? service[1] : url;\n            return this.getCSRFToken(contextPath).then((csrfToken) => {\n                if (!init.headers) {\n                    init.headers = {};\n                }\n                init.headers[\"X-CSRF-TOKEN\"] = csrfToken;\n                return fetch(url, init);\n            });\n        }\n        // Check the status of a fetch request\n        checkResponse(response, call) {\n            if (!response.ok) {\n                return Promise.reject(call);\n            }\n            return response.json();\n        }\n    }\n    /**\n     * The following class provides entity recognition using regular expressions\n     *\n     *  Email Addresses\n     *  - Consisting of word symbols plus any of \"_ . -\" surrounding an @ sign:\n     *    support@sas.com\n     *\n     *  Phone Numbers\n     *  - Numeric sequences optionally starting with +, containing parenthesis, hyphens and spaces:\n     *    +1-800-727-0025\n     *    (0141) 223 9100\n     *\n     *  People's Names\n     *  - Starting with honorific prefixes and including all words with leading capitals thereafter:\n     *    Mr John Smith\n     *  - Will also return individual components which may be referred to individually in the text:\n     *    John\n     *    Smith\n     *\n     *  Location Addresses\n     *  - Markers are identified and included with all numeric or words with leading capitals directly preceding or after:\n     *    100 SAS Campus Drive, Cary, NC 27513-2414, USA\n     *  - Will also return components as separated by commas which may be referred to individually in the text:\n     *    Cary\n     *    USA\n     */\n    class RegularExpressionEntityProvider {\n        constructor() {\n            // For regex implementation\n            this.concepts = [\"nlpPerson\", \"nlpPlace\", \"nlpPhone\", \"nlpEmail\"];\n            // Array of honorific prefixes\n            this.personMarkers = [\n                \"1Lt\",\n                \"1stLt\",\n                \"2Lt\",\n                \"2ndLt\",\n                \"Amb\",\n                \"Ambassador\",\n                \"Assistant Chief Constable\",\n                \"BG\",\n                \"BGen\",\n                \"BrigGen\",\n                \"Brother\",\n                \"CAPT\",\n                \"CDR\",\n                \"COL\",\n                \"CPT\",\n                \"Capt\",\n                \"Captain\",\n                \"Chief Constable\",\n                \"Chief Inspector\",\n                \"Chief Superintendent\",\n                \"Chief\",\n                \"Col\",\n                \"Colonel\",\n                \"Commander\",\n                \"Constable\",\n                \"Corporal\",\n                \"Dean\",\n                \"Deputy Chief Constable\",\n                \"Deputy Chief\",\n                \"Detective Constable\",\n                \"Detective Inspector\",\n                \"Detective Sergeant\",\n                \"Detective\",\n                \"Doctor\",\n                \"Dr\",\n                \"Drs\",\n                \"Engineer\",\n                \"ENS\",\n                \"Est\",\n                \"GEN\",\n                \"Gen\",\n                \"General\",\n                \"Gov\",\n                \"Hon\",\n                \"Inspector\",\n                \"Judge\",\n                \"Justice\",\n                \"King\",\n                \"LCDR\",\n                \"LCpl\",\n                \"LT\",\n                \"LTC\",\n                \"LTG\",\n                \"LTJG\",\n                \"Lieutenant\",\n                \"Lt\",\n                \"LtCol\",\n                \"LtGen\",\n                \"MAJ\",\n                \"MG\",\n                \"MSG\",\n                \"MSgt\",\n                \"Maj\",\n                \"MajGen\",\n                \"Major General\",\n                \"Major\",\n                \"Mayor\",\n                \"Mdme\",\n                \"Miss\",\n                \"Mr\",\n                \"Mrs\",\n                \"Ms\",\n                \"Msgr\",\n                \"Officer\",\n                \"President\",\n                \"Prime Minister\",\n                \"Prince\",\n                \"Princess\",\n                \"Prof\",\n                \"Professor\",\n                \"Queen\",\n                \"RADM\",\n                \"RT\",\n                \"Rabbi\",\n                \"Rev\",\n                \"Reverend\",\n                \"Senator\",\n                \"Sergeant\",\n                \"Sir\",\n                \"Sister\",\n                \"Superintendent\",\n                \"SWAT Officer\",\n            ];\n            this.personIgnoreWords = [\"and\", \"of\"];\n            // Array of common address components\n            this.addressMarkers = [\n                /*  Buildings  */ \"Building\",\n                \"Church\",\n                \"College\",\n                \"Farm\",\n                \"Hotel\",\n                \"House\",\n                \"Lighthouse\",\n                \"Mall\",\n                \"Manor\",\n                \"Monument\",\n                \"Museum\",\n                \"Office\",\n                \"Residence\",\n                \"School\",\n                \"Theatre\",\n                \"Tower\",\n                \"University\",\n                \"Zoo\",\n                /*   Streets   */ \"Alley\",\n                \"Ally\",\n                \"Aly\",\n                \"Anex\",\n                \"Annex\",\n                \"Annx\",\n                \"Anx\",\n                \"Arc\",\n                \"Arcade\",\n                \"Av\",\n                \"Ave\",\n                \"Aven\",\n                \"Avenu\",\n                \"Avenue\",\n                \"Avn\",\n                \"Avnue\",\n                \"Bayoo\",\n                \"Bayou\",\n                \"Bch\",\n                \"Beach\",\n                \"Bend\",\n                \"Bnd\",\n                \"Blf\",\n                \"Bluf\",\n                \"Bluff\",\n                \"Bluffs\",\n                \"Bot\",\n                \"Btm\",\n                \"Bottm\",\n                \"Bottom\",\n                \"Blvd\",\n                \"Boul\",\n                \"Boulevard\",\n                \"Boulv\",\n                \"Br\",\n                \"Brnch\",\n                \"Branch\",\n                \"Brdge\",\n                \"Brg\",\n                \"Bridge\",\n                \"Brk\",\n                \"Brook\",\n                \"Brooks\",\n                \"Burg\",\n                \"Burgs\",\n                \"Byp\",\n                \"Bypa\",\n                \"Bypas\",\n                \"Bypass\",\n                \"Byps\",\n                \"Camp\",\n                \"Cp\",\n                \"Cmp\",\n                \"Canyn\",\n                \"Canyon\",\n                \"Cnyn\",\n                \"Cape\",\n                \"Cpe\",\n                \"Causeway\",\n                \"Causwa\",\n                \"Cswy\",\n                \"Cen\",\n                \"Cent\",\n                \"Center\",\n                \"Centr\",\n                \"Centre\",\n                \"Cnter\",\n                \"Cntr\",\n                \"Ctr\",\n                \"Centers\",\n                \"Cir\",\n                \"Circ\",\n                \"Circl\",\n                \"Circle\",\n                \"Crcl\",\n                \"Crcle\",\n                \"Circles\",\n                \"Clf\",\n                \"Cliff\",\n                \"Clfs\",\n                \"Cliffs\",\n                \"Clb\",\n                \"Club\",\n                \"Common\",\n                \"Commons\",\n                \"Cor\",\n                \"Corner\",\n                \"Corners\",\n                \"Cors\",\n                \"Course\",\n                \"Crse\",\n                \"Court\",\n                \"Ct\",\n                \"Courts\",\n                \"Cts\",\n                \"Cove\",\n                \"Cv\",\n                \"Coves\",\n                \"Creek\",\n                \"Crk\",\n                \"Crescent\",\n                \"Cres\",\n                \"Crsent\",\n                \"Crsnt\",\n                \"Crest\",\n                \"Cross\",\n                \"Crossing\",\n                \"Crssng\",\n                \"Xing\",\n                \"Crossroad\",\n                \"Crossroads\",\n                \"Curve\",\n                \"Dale\",\n                \"Dl\",\n                \"Dam\",\n                \"Dm\",\n                \"Div\",\n                \"Divide\",\n                \"Dv\",\n                \"Dvd\",\n                \"Dr\",\n                \"Driv\",\n                \"Drive\",\n                \"Drv\",\n                \"Drives\",\n                \"Est\",\n                \"Estate\",\n                \"Estates\",\n                \"Ests\",\n                \"Exp\",\n                \"Expr\",\n                \"Express\",\n                \"Expressway\",\n                \"Expw\",\n                \"Expy\",\n                \"Ext\",\n                \"Extension\",\n                \"Extn\",\n                \"Extnsn\",\n                \"Exts\",\n                \"Fall\",\n                \"Falls\",\n                \"Fls\",\n                \"Ferry\",\n                \"Frry\",\n                \"Fry\",\n                \"Field\",\n                \"Fld\",\n                \"Fields\",\n                \"Flds\",\n                \"Flat\",\n                \"Flt\",\n                \"Flats\",\n                \"Flts\",\n                \"Ford\",\n                \"Frd\",\n                \"Fords\",\n                \"Forest\",\n                \"Forests\",\n                \"Frst\",\n                \"Forg\",\n                \"Forge\",\n                \"Frg\",\n                \"Forges\",\n                \"Fork\",\n                \"Frk\",\n                \"Forks\",\n                \"Frks\",\n                \"Fort\",\n                \"Frt\",\n                \"Ft\",\n                \"Freeway\",\n                \"Freewy\",\n                \"Frway\",\n                \"Frwy\",\n                \"Fwy\",\n                \"Garden\",\n                \"Gardn\",\n                \"Grden\",\n                \"Grdn\",\n                \"Gardens\",\n                \"Gdns\",\n                \"Grdns\",\n                \"Gateway\",\n                \"Gatewy\",\n                \"Gatway\",\n                \"Gtway\",\n                \"Gtwy\",\n                \"Glen\",\n                \"Gln\",\n                \"Glens\",\n                \"Green\",\n                \"Grn\",\n                \"Greens\",\n                \"Grov\",\n                \"Grove\",\n                \"Grv\",\n                \"Groves\",\n                \"Harb\",\n                \"Harbor\",\n                \"Harbr\",\n                \"Hbr\",\n                \"Hrbor\",\n                \"Harbors\",\n                \"Haven\",\n                \"Hvn\",\n                \"Heights\",\n                \"Ht\",\n                \"Hts\",\n                \"Highway\",\n                \"Highwy\",\n                \"Hiway\",\n                \"Hiwy\",\n                \"Hway\",\n                \"Hwy\",\n                \"Hill\",\n                \"Hl\",\n                \"Hills\",\n                \"Hls\",\n                \"Hllw\",\n                \"Hollow\",\n                \"Hollows\",\n                \"Holw\",\n                \"Holws\",\n                \"Inlt\",\n                \"Is\",\n                \"Island\",\n                \"Islnd\",\n                \"Islands\",\n                \"Islnds\",\n                \"Iss\",\n                \"Isle\",\n                \"Isles\",\n                \"Jct\",\n                \"Jction\",\n                \"Jctn\",\n                \"Junction\",\n                \"Junctn\",\n                \"Juncton\",\n                \"Jctns\",\n                \"Jcts\",\n                \"Junctions\",\n                \"Key\",\n                \"Ky\",\n                \"Keys\",\n                \"Kys\",\n                \"Knl\",\n                \"Knol\",\n                \"Knoll\",\n                \"Knls\",\n                \"Knolls\",\n                \"Lk\",\n                \"Lake\",\n                \"Lks\",\n                \"Lakes\",\n                \"Land\",\n                \"Landing\",\n                \"Lndg\",\n                \"Lndng\",\n                \"Lane\",\n                \"Ln\",\n                \"Lgt\",\n                \"Light\",\n                \"Lights\",\n                \"Lf\",\n                \"Loaf\",\n                \"Lck\",\n                \"Lock\",\n                \"Lcks\",\n                \"Locks\",\n                \"Ldg\",\n                \"Ldge\",\n                \"Lodg\",\n                \"Lodge\",\n                \"Loop\",\n                \"Loops\",\n                \"Mall\",\n                \"Mnr\",\n                \"Manor\",\n                \"Manors\",\n                \"Mnrs\",\n                \"Meadow\",\n                \"Mdw\",\n                \"Mdws\",\n                \"Meadows\",\n                \"Medows\",\n                \"Mews\",\n                \"Mill\",\n                \"Mills\",\n                \"Missn\",\n                \"Mssn\",\n                \"Motorway\",\n                \"Mnt\",\n                \"Mt\",\n                \"Mount\",\n                \"Mntain\",\n                \"Mntn\",\n                \"Mountain\",\n                \"Mountin\",\n                \"Mtin\",\n                \"Mtn\",\n                \"Mntns\",\n                \"Mountains\",\n                \"Nck\",\n                \"Neck\",\n                \"Orch\",\n                \"Orchard\",\n                \"Orchrd\",\n                \"Oval\",\n                \"Ovl\",\n                \"Overpass\",\n                \"Park\",\n                \"Prk\",\n                \"Parks\",\n                \"Parkway\",\n                \"Parkwy\",\n                \"Pkway\",\n                \"Pkwy\",\n                \"Pky\",\n                \"Parkways\",\n                \"Pkwys\",\n                \"Pass\",\n                \"Passage\",\n                \"Path\",\n                \"Paths\",\n                \"Pike\",\n                \"Pikes\",\n                \"Pine\",\n                \"Pines\",\n                \"Pnes\",\n                \"Pl\",\n                \"Plain\",\n                \"Pln\",\n                \"Plains\",\n                \"Plns\",\n                \"Plaza\",\n                \"Plz\",\n                \"Plza\",\n                \"Point\",\n                \"Pt\",\n                \"Points\",\n                \"Pts\",\n                \"Port\",\n                \"Prt\",\n                \"Ports\",\n                \"Prts\",\n                \"Pr\",\n                \"Prairie\",\n                \"Prr\",\n                \"Rad\",\n                \"Radial\",\n                \"Radiel\",\n                \"Radl\",\n                \"Ramp\",\n                \"Ranch\",\n                \"Ranches\",\n                \"Rnch\",\n                \"Rnchs\",\n                \"Rapid\",\n                \"Rpd\",\n                \"Rapids\",\n                \"Rpds\",\n                \"Rest\",\n                \"Rst\",\n                \"Rdg\",\n                \"Rdge\",\n                \"Ridge\",\n                \"Rdgs\",\n                \"Ridges\",\n                \"Riv\",\n                \"River\",\n                \"Rvr\",\n                \"Rivr\",\n                \"Rd\",\n                \"Road\",\n                \"Roads\",\n                \"Rds\",\n                \"Route\",\n                \"Row\",\n                \"Rue\",\n                \"Run\",\n                \"Shl\",\n                \"Shoal\",\n                \"Shls\",\n                \"Shoals\",\n                \"Shoar\",\n                \"Shore\",\n                \"Shr\",\n                \"Shoars\",\n                \"Shores\",\n                \"Shrs\",\n                \"Skyway\",\n                \"Spg\",\n                \"Spng\",\n                \"Spring\",\n                \"Sprng\",\n                \"Spgs\",\n                \"Spngs\",\n                \"Springs\",\n                \"Sprngs\",\n                \"Spur\",\n                \"Spurs\",\n                \"Sq\",\n                \"Sqr\",\n                \"Sqre\",\n                \"Squ\",\n                \"Square\",\n                \"Sqrs\",\n                \"Squares\",\n                \"Sta\",\n                \"Station\",\n                \"Statn\",\n                \"Stn\",\n                \"Stra\",\n                \"Strav\",\n                \"Straven\",\n                \"Stravenue\",\n                \"Stravn\",\n                \"Strvn\",\n                \"Strvnue\",\n                \"Stream\",\n                \"Streme\",\n                \"Strm\",\n                \"Street\",\n                \"Strt\",\n                \"St\",\n                \"Str\",\n                \"Streets\",\n                \"Smt\",\n                \"Sumit\",\n                \"Sumitt\",\n                \"Summit\",\n                \"Ter\",\n                \"Terr\",\n                \"Terrace\",\n                \"Throughway\",\n                \"Trace\",\n                \"Traces\",\n                \"Trce\",\n                \"Track\",\n                \"Tracks\",\n                \"Trak\",\n                \"Trk\",\n                \"Trks\",\n                \"Trafficway\",\n                \"Trail\",\n                \"Trails\",\n                \"Trl\",\n                \"Trls\",\n                \"Trailer\",\n                \"Trlr\",\n                \"Trlrs\",\n                \"Tunel\",\n                \"Tunl\",\n                \"Tunls\",\n                \"Tunnel\",\n                \"Tunnels\",\n                \"Tunnl\",\n                \"Trnpk\",\n                \"Turnpike\",\n                \"Turnpk\",\n                \"Underpass\",\n                \"Un\",\n                \"Union\",\n                \"Unions\",\n                \"Valley\",\n                \"Vally\",\n                \"Vlly\",\n                \"Vly\",\n                \"Valleys\",\n                \"Vlys\",\n                \"Vdct\",\n                \"Via\",\n                \"Viadct\",\n                \"Viaduct\",\n                \"View\",\n                \"Vw\",\n                \"Views\",\n                \"Vws\",\n                \"Vill\",\n                \"Villag\",\n                \"Village\",\n                \"Villg\",\n                \"Villiage\",\n                \"Vlg\",\n                \"Villages\",\n                \"Vlgs\",\n                \"Ville\",\n                \"Vl\",\n                \"Vis\",\n                \"Vist\",\n                \"Vista\",\n                \"Vst\",\n                \"Vsta\",\n                \"Walk\",\n                \"Walks\",\n                \"Wall\",\n                \"Wy\",\n                \"Way\",\n                \"Ways\",\n                \"Well\",\n                \"Wells\",\n                \"Wls\",\n                /*    Areas    */ \"Borough\",\n                \"City\",\n                \"District\",\n                \"Parish\",\n                \"Suburb\",\n                \"Town\",\n                \"Township\",\n                \"Village\",\n                /* Postal Code */ \"[A-Z]{2,3} \\\\d{4,5}[ \\\\-]?\\\\d{4,5}\",\n                \"[A-Z]{1,2}\\\\d{1,2} ?\\\\d[A-Z]{2}\",\n            ];\n            // Ranges of characters considered letters\n            this.upperRanges = [\"A-Z\", \"À-Ö\", \"Ø-Þ\"];\n            this.lowerRanges = [\"a-z\", \"ß-ö\", \"ø-ÿ\"];\n            // Common expression ranges\n            this.word = this.lowerRanges.join(\"\") + this.upperRanges.join(\"\");\n            this.wordUpper = this.upperRanges.join(\"\");\n            // Regular expressions designed for free text rather than strict validation\n            this.email = new RegExp(\"\\\\b([0-9\" +\n                this.word +\n                \"][0-9\" +\n                this.word +\n                \"._-]*@[0-9\" +\n                this.word +\n                \"][0-9\" +\n                this.word +\n                \"._\\\\-]*[\" +\n                this.word +\n                \"])\\\\b\", \"g\");\n            this.phone = new RegExp(\"[\\\\b+]?(?:(?:\\\\d{1,5}|\\\\(\\\\d{1,5}\\\\))[ \\\\-]*\\\\d{1,3}){2,3}\\\\d\\\\b\", \"g\");\n            this.person = new RegExp(\"\\\\b(?:\" +\n                this.personMarkers.join(\"|\") +\n                \")\\\\b\\\\s*\\\\.?(?:\\\\s*[\" +\n                this.wordUpper +\n                \"][\" +\n                this.word +\n                \"\\\\-]*)+\", \"g\");\n            this.personClean = new RegExp(\"\\\\b(?:\" + this.personMarkers.join(\"|\") + \")\\\\b\\\\s*\\\\.?s*\", \"g\");\n            this.address = new RegExp(\"(?:[0-9\" +\n                this.wordUpper +\n                \"][0-9\" +\n                this.word +\n                \"\\\\-]*[,\\\\s]+)+\\\\b(?:\" +\n                this.addressMarkers.join(\"|\") +\n                \")\\\\b(?:[,\\\\s]+[0-9\" +\n                this.wordUpper +\n                \"][0-9\" +\n                this.word +\n                \"\\\\-]*)*\", \"g\");\n        }\n        // Return a list of concepts that the VTA model may provide\n        getSupportedConcepts() {\n            return this.concepts;\n        }\n        // Return a list of suggested mappings for a given entity\n        getSuggestedMappings(selectedText, entityName) {\n            if (entityName === \"person\") {\n                return this.personMappings(selectedText[0]);\n            }\n            else if (entityName === \"telecoms\") {\n                return this.telecomMappings(selectedText[0]);\n            }\n            else if (entityName === \"location\") {\n                return this.locationMappings(selectedText[0]);\n            }\n            return [];\n        }\n        // Find anything that looks like an email address\n        findEmail(text) {\n            var _a;\n            return (_a = text.match(this.email)) !== null && _a !== void 0 ? _a : [];\n        }\n        // Find anything that looks like a phone number\n        findPhone(text) {\n            var _a;\n            return (_a = text.match(this.phone)) !== null && _a !== void 0 ? _a : [];\n        }\n        // Find the names of people using honorific prefixes\n        findPerson(text, group) {\n            var _a;\n            const people = [];\n            (_a = text.match(this.person)) === null || _a === void 0 ? void 0 : _a.forEach((fullName) => {\n                if (!people.some((person) => person.text === fullName)) {\n                    people.push({\n                        text: fullName,\n                        group,\n                        matches: [{ text: fullName }],\n                    });\n                }\n            });\n            return people;\n        }\n        // Find addresses using common place markers\n        findAddress(text, group) {\n            var _a;\n            const addresses = [];\n            (_a = text.match(this.address)) === null || _a === void 0 ? void 0 : _a.forEach((matchedAddress) => {\n                if (!addresses.some((address) => address.text === matchedAddress)) {\n                    const textGrouping = {\n                        group,\n                        text: matchedAddress,\n                        matches: [{ text: matchedAddress }],\n                    };\n                    // Also add the address components as separated by commas\n                    matchedAddress.split(/\\s*,\\s*/g).forEach((name) => {\n                        textGrouping.matches.push({ text: name });\n                    });\n                    addresses.push(textGrouping);\n                }\n            });\n            return addresses;\n        }\n        updatePersonMatches(textGrouping) {\n            const fullName = textGrouping.text;\n            // Using a set ensures that no duplicate strings are added.\n            const matches = new Set();\n            matches.add(textGrouping.text);\n            // Also add the individual names with and without the honorific prefix\n            const prefix = fullName.match(this.personClean);\n            let honorific;\n            if (prefix === null || prefix === void 0 ? void 0 : prefix.length) {\n                honorific = prefix[0].trim();\n            }\n            const cleanName = fullName.replace(this.personClean, \"\").trim();\n            matches.add(cleanName);\n            cleanName.split(/\\s+/).forEach((name) => {\n                if (honorific) {\n                    matches.add(honorific + \" \" + name);\n                }\n                matches.add(name);\n            });\n            // Update the matches object\n            textGrouping.matches = [];\n            matches.forEach((matchedText) => {\n                // Remove any special words that can appear in names like \"and\" or \"of\"\n                if (!this.personIgnoreWords.includes(matchedText)) {\n                    textGrouping.matches.push({ text: matchedText });\n                }\n            });\n            return textGrouping;\n        }\n        // Suggest mappings for locations\n        locationMappings(selectedText) {\n            let words = [];\n            // Remove any numbers on their own, assume building_number\n            selectedText = selectedText.replace(/^(\\d+)\\s*/, (_match, number) => {\n                words.push(number);\n                return \"\";\n            });\n            // Assume address lines are split by commas.\n            words = words.concat(selectedText.split(\",\").filter((word) => {\n                if (word.length > 0) {\n                    return word.trim();\n                }\n                return false;\n            }));\n            const mappings = [];\n            if (words.length === 4) {\n                mappings.push({ label: \"Building or house number\", field: \"building_number\", value: words[0] });\n                mappings.push({ label: \"Street\", field: \"street\", value: words[1] });\n                mappings.push({ label: \"Town or city\", field: \"town\", value: words[2] });\n                mappings.push({ label: \"Postcode/ZIP\", field: \"postcode_zip\", value: words[3] });\n            }\n            else if (words.length === 3) {\n                mappings.push({ label: \"Building or house number\", field: \"building_number\", value: words[0] });\n                mappings.push({ label: \"Street\", field: \"street\", value: words[1] });\n                mappings.push({ label: \"Town or City\", field: \"town\", value: words[2] });\n            }\n            else if (words.length === 2) {\n                mappings.push({ label: \"Street\", field: \"street\", value: words[0] });\n                mappings.push({ label: \"Town or City\", field: \"town\", value: words[1] });\n            }\n            else {\n                mappings.push({ label: \"Street\", field: \"street\", value: words[0] });\n            }\n            return mappings;\n        }\n        // Suggest mappings for names\n        personMappings(selectedText) {\n            const words = selectedText.split(\" \").filter((word) => {\n                return word.length > 0;\n            });\n            const mappings = [];\n            const firstNameLabel = \"First name\";\n            const firstNameField = \"first_name\";\n            const lastNameLabel = \"Last Name\";\n            const lastNameField = \"last_name\";\n            if (words.length === 3) {\n                const title = words[0].replace(/[^\\w]/g, \"\");\n                mappings.push({ label: \"Title\", field: \"title\", value: title, isReference: true });\n                mappings.push({ label: firstNameLabel, field: firstNameField, value: words[1] });\n                mappings.push({ label: lastNameLabel, field: lastNameField, value: words[2] });\n            }\n            else if (words.length === 2) {\n                mappings.push({ label: firstNameLabel, field: firstNameField, value: words[0] });\n                mappings.push({ label: lastNameLabel, field: lastNameField, value: words[1] });\n            }\n            else {\n                mappings.push({ label: firstNameLabel, field: firstNameField, value: words[0] });\n            }\n            return mappings;\n        }\n        // Suggest mappings for telecoms\n        telecomMappings(selectedText) {\n            const mappings = [{ label: \"Detail\", field: \"detail\", value: selectedText }];\n            if (selectedText.match(this.email)) {\n                mappings.push({ label: \"Type\", field: \"telecoms_type\", value: \"E-mail Address\" });\n            }\n            else if (selectedText.match(this.phone)) {\n                mappings.push({ label: \"Type\", field: \"telecoms_type\", value: \"Landline\" });\n            }\n            return mappings;\n        }\n    }\n    /**\n     * The following class calls the entity providers on behalf of the plugins\n     *\n     * If the installation includes VTA this will be used for entity identification otherwise it will only use regular expressions.\n     * Email addresses and phone numbers will always be identified using regular expressions.\n     */\n    class EntityExtractor {\n        constructor(regexDetection, vtaDetection) {\n            this.regexDetection = regexDetection;\n            this.vtaDetection = vtaDetection;\n        }\n        // Return a list of concepts supported by regex and text analytics\n        getSupportedConcepts() {\n            const uniqueConcepts = Array.from(new Set([...this.regexDetection.getSupportedConcepts(), ...this.vtaDetection.getSupportedConcepts()]));\n            return Promise.resolve(uniqueConcepts);\n        }\n        // Return entity groupings for both VTA and regex providers\n        getEntityGroupings(text) {\n            let markup = [];\n            // Ensure line breaks always have punctuation to avoid matching across paragraphs\n            text = text.replace(/\\n/g, \" . \");\n            return (this.vtaDetection\n                .getVTAMarkup(text)\n                .then((vtaMarkup) => {\n                markup = vtaMarkup;\n            })\n                // If VTA is unavailable then fall back to regex\n                .catch(() => {\n                markup = [...markup, ...this.regexDetection.findPerson(text, \"nlpPerson\")];\n                markup = [...markup, ...this.regexDetection.findAddress(text, \"nlpPlace\")];\n            })\n                // Always use regex for phone and email\n                .then(() => {\n                // Expand the text (e.g. Mr John Smith) to create possible matches e.g.\n                // Mr John Smith -> Matches: Mr John Smith | John Smith | Mr Smith | Mr John | John | Smith)\n                // Comment out if you don't want this behaviour.\n                markup = this.expandPersonMatches(markup);\n                this.addTextGroupings(\"nlpEmail\", this.regexDetection.findEmail(text), markup);\n                this.addTextGroupings(\"nlpPhone\", this.regexDetection.findPhone(text), markup);\n                return Promise.resolve(markup);\n            }));\n        }\n        // Get suggested mappings using regex\n        getSuggestedMappings(selectedText, type) {\n            return this.regexDetection.getSuggestedMappings(selectedText, type);\n        }\n        expandPersonMatches(markup) {\n            let personTextGroupings = [];\n            const otherTextGroupings = [];\n            for (let textGrouping of markup) {\n                if (textGrouping.group === \"nlpPerson\") {\n                    textGrouping = this.regexDetection.updatePersonMatches(textGrouping);\n                    personTextGroupings.push(textGrouping);\n                }\n                else {\n                    otherTextGroupings.push(textGrouping);\n                }\n            }\n            personTextGroupings = this.removeSubsets(personTextGroupings);\n            personTextGroupings = this.addLastNameGroups(personTextGroupings);\n            return [...personTextGroupings, ...otherTextGroupings];\n        }\n        // Add new text groupings\n        addTextGroupings(group, list, entityTextGroups) {\n            return Array.from(new Set(list)).forEach((text) => {\n                entityTextGroups.push({ text, group });\n            });\n        }\n        isContainedArray(mainArray, containedArray) {\n            return containedArray.every((containedItem) => mainArray.find((mainItem) => containedItem.text === mainItem.text));\n        }\n        // Remove groups whose matches are a subset of a single group\n        // Mr John Smith -> Mr John Smith | John Smith | Mr John | John | Mr Smith | Smith\n        // John Smith -> Mr John Smith | John Smith | Mr John | John | Mr Smith | Smith\n        // Mr Smith -> Mr Smith | Smith\n        // Mr John Smith -> Mr John Smith | John Smith | Mr John | John | Mr Smith | Smith\n        // Andrew Smith -> Mr Andrew Smith | Andrew Smith | Mr Andrew | Andrew | Mr Smith | Smith\n        // This would become:\n        // Mr John Smith -> Mr John Smith | John Smith | Mr John | John | Mr Smith | Smith\n        // Andrew Smith -> Mr Andrew Smith | Andrew Smith | Mr Andrew | Andrew | Mr Smith | Smith\n        // Mr Smith -> Mr Smith | Smith\n        removeSubsets(textGroupings) {\n            const uniqueGroups = [];\n            // Sort by the number of matches descending\n            textGroupings.sort((first, second) => second.matches.length - first.matches.length);\n            // Only add to unique group if the matches are not the same as an existing group\n            for (const textGrouping of textGroupings) {\n                let count = 0;\n                for (const uniqueGroup of uniqueGroups) {\n                    if (this.isContainedArray(uniqueGroup.matches, textGrouping.matches)) {\n                        count++;\n                    }\n                }\n                // Add if the matches are not a subset of any other grouping\n                if (count === 0) {\n                    uniqueGroups.push(textGrouping);\n                }\n                else if (count > 1) {\n                    // We add this grouping to the start of the array so it takes precedence.\n                    uniqueGroups.unshift(textGrouping);\n                }\n            }\n            return uniqueGroups;\n        }\n        // For some reports they use the surname for brevity e.g. John Smith was the main suspect.  Smith was first seen...\n        // VTA does not pick up on last names on their own in the text.\n        // If there only is one person with surname Smith it works but if there is multiple people with surname Smith\n        // then the match Smith could get associated with the wrong person.\n        // This function creates new groups when the last name is in more than one group.\n        addLastNameGroups(textGroupings) {\n            const allLastNames = new Set();\n            const duplicateLastNames = new Set();\n            for (const textGrouping of textGroupings) {\n                const lastName = textGrouping.matches[textGrouping.matches.length - 1].text;\n                if (allLastNames.has(lastName)) {\n                    duplicateLastNames.add(lastName);\n                }\n                else {\n                    allLastNames.add(lastName);\n                }\n            }\n            for (const lastName of duplicateLastNames) {\n                // Put these at the start of the array so they will be used first.\n                textGroupings.unshift({\n                    text: lastName,\n                    group: \"nlpPerson\",\n                    matches: [{ text: lastName }],\n                });\n            }\n            return textGroupings;\n        }\n    }\n    class MultipleSelectionPluginUtils {\n        static getQueryFromTreeData(items, placeholderQueries) {\n            for (let index = 0; index < items.length; index++) {\n                if (items[index].checked && !items[index].items) {\n                    placeholderQueries.push('\"' + items[index].text + '\"');\n                }\n                if (items[index].items) {\n                    this.getQueryFromTreeData(items[index].items, placeholderQueries);\n                }\n            }\n        }\n        static buildQuery(items) {\n            const placeholderQueries = [];\n            this.getQueryFromTreeData(items, placeholderQueries);\n            let query = placeholderQueries.join(\" \");\n            if (query) {\n                query = \"+(\" + query + \")\";\n            }\n            return query;\n        }\n        static stripHTML(htmlString) {\n            // Ensure paragraphs are broken by newlines then strip out html.\n            const html = \"<div>\" + htmlString.replace(/(<\\/?div>|<\\/?p>|<br>)/g, \"$1\\n\") + \"</div>\";\n            // Ensure line breaks always have a full stop to avoid matching across paragraphs.\n            const text = $(html).text().replace(/\\n/g, \" . \");\n            return text;\n        }\n    }\n    const entityExtractor = new EntityExtractor(new RegularExpressionEntityProvider(), new VisualTextAnalyticsEntityProvider());\n    class MultipleSelectionExtractConceptsPlugin {\n        addTreeNode(group, entityArray, values) {\n            const itemsNode = [];\n            entityArray.forEach((entityValue) => {\n                itemsNode.push({\n                    id: entityValue,\n                    text: entityValue,\n                    checked: true,\n                });\n            });\n            values[0].items.push({\n                id: group,\n                text: group,\n                expanded: true,\n                checked: true,\n                items: itemsNode,\n            });\n        }\n        getMultipleSelectionValues(pageInformation, fillUpFieldName) {\n            const values = [];\n            if (pageInformation === null || pageInformation === void 0 ? void 0 : pageInformation.data[fillUpFieldName]) {\n                const fillUpFieldValue = MultipleSelectionPluginUtils.stripHTML(pageInformation.data[fillUpFieldName]);\n                const values = [\n                    {\n                        id: \"entities\",\n                        text: \"Entities\",\n                        expanded: true,\n                        checked: true,\n                        items: [],\n                    },\n                ];\n                const conceptGroup = {};\n                return entityExtractor\n                    .getEntityGroupings(fillUpFieldValue)\n                    .then((textGroupings) => {\n                    textGroupings.forEach((textGrouping) => {\n                        if (includeConcepts.includes(textGrouping.group)) {\n                            if (!conceptGroup[textGrouping.group]) {\n                                conceptGroup[textGrouping.group] = [];\n                            }\n                            conceptGroup[textGrouping.group].push(textGrouping.text);\n                        }\n                    });\n                    Object.keys(conceptGroup).forEach((key) => {\n                        this.addTreeNode(key, conceptGroup[key], values);\n                    });\n                    return Promise.resolve(values);\n                });\n            }\n            return Promise.resolve(values);\n        }\n        getQuery(items) {\n            const query = MultipleSelectionPluginUtils.buildQuery(items);\n            return Promise.resolve(query);\n        }\n    }\n    // Register the plugins\n    getSimApi().registerPlugin({\n        type: \"multipleSelection\",\n        id: \"extractConcepts\",\n        label: \"Extract Concepts\",\n        api: MultipleSelectionExtractConceptsPlugin,\n    });\n}\n",
      "directiveName" : "sim-multiple-selection-plugin",
      "displayName" : "Multiple Selection Plug-in - Extract Concepts",
      "displayNameResource" : "sim.multiSel.admin.concepts.display.control.title",
      "name" : "simMultipleSelectionPluginExtractConcepts",
      "propertiesTitle" : "Multiple Selection Plugin - Extract Concepts",
      "solutionName" : "sas_visual_investigator_default"
    } ],
    "handlerName" : "datahub"
  },
  "publishCode" : "OPEN",
  "reference" : {
    "contentType" : "application/vnd.sas.investigation.meta.page.extension",
    "id" : "simMultipleSelectionPluginExtractConcepts"
  },
  "resourceCategoryLabelKey" : "svi.datahub.transport.page_extension.category.label.txt",
  "resourceLabelKey" : "svi.datahub.control.simMultipleSelectionPluginExtractConcepts.displayName.txt",
  "resourceSubcategoryLabelKey" : "svi.datahub.transport.page_extension.subcategory.label.txt",
  "resourceTypeLabelKey" : "svi.datahub.transport.page_extension.type.label.txt",
  "solutionReference" : {
    "contentType" : "application/vnd.sas.investigation.meta.solution",
    "id" : "sas_visual_investigator_default"
  },
  "transportSchemaVersion" : 1
}