{
  "deferToParentFlag" : false,
  "dependencies" : [ {
    "contentType" : "application/vnd.sas.investigation.meta.solution",
    "id" : "sas_visual_investigator_default"
  }, {
    "contentType" : "application/vnd.sas.investigation.meta.page.extension.category",
    "id" : "Fields"
  } ],
  "displayFlag" : true,
  "parentReference" : {
    "contentType" : "application/vnd.sas.investigation.meta.solution",
    "id" : "sas_visual_investigator_default"
  },
  "payload" : {
    "schemaVersion" : "10.8.0",
    "controls" : [ {
      "controlAttributes" : {
        "metadata" : {
          "iimVersion" : 1,
          "showInToolbox" : "false"
        }
      },
      "controlCategory" : "Fields",
      "controlDescription" : "Customer code to support Multiple Selection form fields - Drugs",
      "customControl" : true,
      "directive" : "//# sourceURL=simMultipleSelectionPluginDrugs.js\n{\n    /**\n     * This example plugin can be used by the SAS Intelligence & Investigation Multiple Selection form item.\n     *\n     * Example shows drugs classified by Class A, Class B and Class C.\n     */\n    // The drugs items that will be displayed in the multiple selection tree.\n    const drugs = [\n        {\n            id: \"drugs\",\n            text: \"drugs\",\n            expanded: true,\n            checked: false,\n            items: [\n                {\n                    id: \"ClassA\",\n                    text: \"Class A\",\n                    properties: {},\n                    expanded: true,\n                    checked: false,\n                    items: [\n                        { id: \"1\", text: \"Crack cocaine\", properties: {}, checked: false },\n                        { id: \"2\", text: \"Cocaine\", properties: {}, checked: false },\n                        { id: \"3\", text: \"Ecstasy (MDMA)\", properties: {}, checked: false },\n                        { id: \"4\", text: \"Heroin\", properties: {}, checked: false },\n                        { id: \"5\", text: \"LSD\", properties: {}, checked: false },\n                        { id: \"6\", text: \"Magic mushrooms\", properties: {}, checked: false },\n                        { id: \"7\", text: \"Methadone\", properties: {}, checked: false },\n                        { id: \"8\", text: \"Methamphetamine (crystal meth)\", properties: {}, checked: false },\n                    ],\n                },\n                {\n                    id: \"ClassB\",\n                    text: \"Class B\",\n                    properties: {},\n                    expanded: true,\n                    checked: false,\n                    items: [\n                        { id: \"9\", text: \"Amphetamines\", properties: {}, checked: false },\n                        { id: \"10\", text: \"Barbiturates\", properties: {}, checked: false },\n                        { id: \"11\", text: \"Cannabis\", properties: {}, checked: false },\n                        { id: \"12\", text: \"Codeine\", properties: {}, checked: false },\n                        { id: \"13\", text: \"Methylphenidate (Ritalin)\", properties: {}, checked: false },\n                        { id: \"14\", text: \"Synthetic cannabinoids\", properties: {}, checked: false },\n                        { id: \"15\", text: \"Ketamine\", properties: {}, checked: false },\n                    ],\n                },\n                {\n                    id: \"ClassC\",\n                    text: \"Class C\",\n                    properties: {},\n                    expanded: true,\n                    checked: false,\n                    items: [\n                        { id: \"16\", text: \"Anabolic steroids\", properties: {}, checked: false },\n                        { id: \"17\", text: \"Benzodiazepines (diazepam)\", properties: {}, checked: false },\n                        { id: \"18\", text: \"Gamma hydroxybutyrate (GHB)\", properties: {}, checked: false },\n                        { id: \"19\", text: \"Piperazines (BZP)\", properties: {}, checked: false },\n                    ],\n                },\n            ],\n        },\n    ];\n    class MultipleSelectionPluginUtils {\n        static getQueryFromTreeData(items, placeholderQueries) {\n            for (let index = 0; index < items.length; index++) {\n                if (items[index].checked && !items[index].items) {\n                    placeholderQueries.push('\"' + items[index].text + '\"');\n                }\n                if (items[index].items) {\n                    this.getQueryFromTreeData(items[index].items, placeholderQueries);\n                }\n            }\n        }\n        static buildQuery(items) {\n            const placeholderQueries = [];\n            this.getQueryFromTreeData(items, placeholderQueries);\n            let query = placeholderQueries.join(\" \");\n            if (query) {\n                query = \"+(\" + query + \")\";\n            }\n            return query;\n        }\n        static stripHTML(htmlString) {\n            // Ensure paragraphs are broken by newlines then strip out html.\n            const html = \"<div>\" + htmlString.replace(/(<\\/?div>|<\\/?p>|<br>)/g, \"$1\\n\") + \"</div>\";\n            // Ensure line breaks always have a full stop to avoid matching across paragraphs.\n            const text = $(html).text().replace(/\\n/g, \" . \");\n            return text;\n        }\n    }\n    class MultipleSelectionDrugsPlugin {\n        getMultipleSelectionValues() {\n            return Promise.resolve(drugs);\n        }\n        getQuery(items) {\n            const query = MultipleSelectionPluginUtils.buildQuery(items);\n            return Promise.resolve(query);\n        }\n    }\n    // Register the plugins\n    getSimApi().registerPlugin({\n        type: \"multipleSelection\",\n        id: \"drugs\",\n        label: \"Drugs\",\n        api: MultipleSelectionDrugsPlugin,\n    });\n}\n",
      "directiveName" : "sim-multiple-selection-plugin-drugs",
      "displayName" : "Multiple Selection Plug-in - Drugs",
      "displayNameResource" : "sim.multiSel.admin.drugs.display.control.title",
      "name" : "simMultipleSelectionPluginDrugs",
      "propertiesTitle" : "Multiple Selection Plugin - Drugs",
      "solutionName" : "sas_visual_investigator_default"
    } ],
    "handlerName" : "datahub"
  },
  "publishCode" : "OPEN",
  "reference" : {
    "contentType" : "application/vnd.sas.investigation.meta.page.extension",
    "id" : "simMultipleSelectionPluginDrugs"
  },
  "resourceCategoryLabelKey" : "svi.datahub.transport.page_extension.category.label.txt",
  "resourceLabelKey" : "svi.datahub.control.simMultipleSelectionPluginDrugs.displayName.txt",
  "resourceSubcategoryLabelKey" : "svi.datahub.transport.page_extension.subcategory.label.txt",
  "resourceTypeLabelKey" : "svi.datahub.transport.page_extension.type.label.txt",
  "solutionReference" : {
    "contentType" : "application/vnd.sas.investigation.meta.solution",
    "id" : "sas_visual_investigator_default"
  },
  "transportSchemaVersion" : 1
}