{
  "deferToParentFlag" : false,
  "dependencies" : [ {
    "contentType" : "application/vnd.sas.investigation.meta.solution",
    "id" : "sas_visual_investigator_default"
  }, {
    "contentType" : "application/vnd.sas.investigation.meta.page.extension.category",
    "id" : "Fields"
  } ],
  "displayFlag" : true,
  "parentReference" : {
    "contentType" : "application/vnd.sas.investigation.meta.solution",
    "id" : "sas_visual_investigator_default"
  },
  "payload" : {
    "schemaVersion" : "10.8.0",
    "controls" : [ {
      "controlAttributes" : {
        "metadata" : {
          "iimVersion" : 1,
          "showInToolbox" : "false"
        }
      },
      "controlCategory" : "Fields",
      "controlDescription" : "Escaped special characters and spaces. Adds * wildcard to end of query",
      "customControl" : true,
      "directive" : "//# sourceURL=simSearchFormPluginKeywordWildcardEnding.js\n{\n    class KeywordWildcardEndingTextSearchFormPlugin {\n        validateValue(_value) {\n            return { state: \"VALID\" };\n        }\n        transformValue(value) {\n            const newValue = value.length === 0\n                ? value\n                : value.replace(KeywordWildcardEndingTextSearchFormPlugin.escapeCharactersRegEx, (substring) => \"\\\\\" + substring) + \"*\";\n            return Promise.resolve([newValue]);\n        }\n    }\n    KeywordWildcardEndingTextSearchFormPlugin.escapeCharactersRegEx = /[^a-zA-Z\\d:\\u00C0-\\u00FF]/g;\n    // Register the plugin for use with the search controls\n    getSimApi().registerPlugin({\n        type: \"searchFormTextBox\",\n        id: \"keywordWildcardEnding\",\n        label: \"Keyword wildcard ending\",\n        api: KeywordWildcardEndingTextSearchFormPlugin,\n    });\n    {};\n}\n",
      "directiveName" : "sim-search-form-plugin-keyword-wildcard-ending",
      "displayName" : "Search Form Plug-in - Keyword Wildcard Ending",
      "displayNameResource" : "sim.keywordWildcard.admin.display.control.title",
      "name" : "simSearchFormPluginKeywordWildcardEnding",
      "propertiesTitle" : "Search Form Plug-in - Keyword Wildcard Ending",
      "solutionName" : "sas_visual_investigator_default"
    } ],
    "handlerName" : "datahub"
  },
  "publishCode" : "OPEN",
  "reference" : {
    "contentType" : "application/vnd.sas.investigation.meta.page.extension",
    "id" : "simSearchFormPluginKeywordWildcardEnding"
  },
  "resourceCategoryLabelKey" : "svi.datahub.transport.page_extension.category.label.txt",
  "resourceLabelKey" : "svi.datahub.control.simSearchFormPluginKeywordWildcardEnding.displayName.txt",
  "resourceSubcategoryLabelKey" : "svi.datahub.transport.page_extension.subcategory.label.txt",
  "resourceTypeLabelKey" : "svi.datahub.transport.page_extension.type.label.txt",
  "solutionReference" : {
    "contentType" : "application/vnd.sas.investigation.meta.solution",
    "id" : "sas_visual_investigator_default"
  },
  "transportSchemaVersion" : 1
}