{
  "deferToParentFlag" : false,
  "dependencies" : [ {
    "contentType" : "application/vnd.sas.investigation.meta.solution",
    "id" : "sas_visual_investigator_default"
  }, {
    "contentType" : "application/vnd.sas.investigation.meta.page.extension.category",
    "id" : "Fields"
  } ],
  "displayFlag" : true,
  "parentReference" : {
    "contentType" : "application/vnd.sas.investigation.meta.solution",
    "id" : "sas_visual_investigator_default"
  },
  "payload" : {
    "schemaVersion" : "10.8.0",
    "controls" : [ {
      "controlAttributes" : {
        "metadata" : {
          "iimVersion" : 1,
          "showInToolbox" : "false"
        }
      },
      "controlCategory" : "Fields",
      "controlDescription" : "Enhance search form items",
      "customControl" : true,
      "directive" : "//# sourceURL=simSearchFormPlugin.js\n{\n    class UnescapedTextSearchFormPlugin {\n        validateValue(value) {\n            if (value.match(UnescapedTextSearchFormPlugin.escapeCharatersRegEx)) {\n                return {\n                    state: \"WARNING\",\n                    message: \"Special characters will not be escaped\",\n                };\n            }\n            return { state: \"VALID\" };\n        }\n        transformValue(value) {\n            return Promise.resolve([value]);\n        }\n    }\n    UnescapedTextSearchFormPlugin.escapeCharatersRegEx = /[\\/+\\-[\\]{}!^:?\"()~]|&&|\\|\\|/g;\n    // Register the plugin for use with the search controls\n    getSimApi().registerPlugin({\n        type: \"searchFormTextBox\",\n        id: \"unescapedText\",\n        label: \"Unescaped Text\",\n        api: UnescapedTextSearchFormPlugin,\n    });\n    {};\n}\n",
      "directiveName" : "sim-search-form-plugin",
      "displayName" : "Search Form Plug-in - Enhanced Query",
      "displayNameResource" : "sim.searchForm.admin.display.control.title",
      "name" : "simSearchFormPlugin",
      "propertiesTitle" : "Search Form Plug-in - Enhanced Query",
      "solutionName" : "sas_visual_investigator_default"
    } ],
    "handlerName" : "datahub"
  },
  "publishCode" : "OPEN",
  "reference" : {
    "contentType" : "application/vnd.sas.investigation.meta.page.extension",
    "id" : "simSearchFormPlugin"
  },
  "resourceCategoryLabelKey" : "svi.datahub.transport.page_extension.category.label.txt",
  "resourceLabelKey" : "svi.datahub.control.simSearchFormPlugin.displayName.txt",
  "resourceSubcategoryLabelKey" : "svi.datahub.transport.page_extension.subcategory.label.txt",
  "resourceTypeLabelKey" : "svi.datahub.transport.page_extension.type.label.txt",
  "solutionReference" : {
    "contentType" : "application/vnd.sas.investigation.meta.solution",
    "id" : "sas_visual_investigator_default"
  },
  "transportSchemaVersion" : 1
}