{
  "deferToParentFlag" : false,
  "dependencies" : [ {
    "contentType" : "application/vnd.sas.investigation.meta.solution",
    "id" : "sas_visual_investigator_default"
  } ],
  "displayFlag" : true,
  "parentReference" : {
    "contentType" : "application/vnd.sas.investigation.meta.solution",
    "id" : "sas_visual_investigator_default"
  },
  "payload" : [ {
    "name" : "base-maps",
    "descriptiveName" : "baseNapsBundleDescriptiveName.txt",
    "description" : "mapsConfigurationDesc.txt",
    "appConfigurationId" : "10",
    "creationTimeStamp" : "2016-01-05T16:10:18.921Z",
    "modifiedTimeStamp" : "2016-01-05T16:10:18.921Z",
    "solutionName" : "sas_visual_investigator_default",
    "links" : [ {
      "method" : "GET",
      "rel" : "self",
      "href" : "/appConfigurations/10/configurations/base-maps",
      "uri" : "/appConfigurations/10/configurations/base-maps",
      "type" : "application/vnd.sas.investigation.app.configuration.bundle"
    }, {
      "method" : "GET",
      "rel" : "up",
      "href" : "/appConfigurations/10/configurations",
      "uri" : "/appConfigurations/10/configurations",
      "type" : "application/vnd.sas.collection",
      "itemType" : "application/vnd.sas.investigation.app.configuration.bundle.summary"
    }, {
      "method" : "PUT",
      "rel" : "update",
      "href" : "/appConfigurations/10/configurations/base-maps",
      "uri" : "/appConfigurations/10/configurations/base-maps",
      "type" : "application/vnd.sas.investigation.app.configuration.bundle"
    }, {
      "method" : "DELETE",
      "rel" : "delete",
      "href" : "/appConfigurations/10/configurations/base-maps",
      "uri" : "/appConfigurations/10/configurations/base-maps"
    } ],
    "configuration" : {
      "mapConfig" : [ {
        "key" : "093d2147-6e8f-4436-a9e8-d1a936794f6d",
        "name" : "SAS Open Street Map",
        "url" : "/SASVisualInvestigator/osmMapTiles/{z}/{x}/{y}",
        "default" : true,
        "options" : {
          "minZoom" : 0,
          "maxZoom" : 18,
          "attribution" : "SAS Street Tiles"
        }
      } ]
    },
    "id" : "bundle_config_1572190",
    "viVersion" : "10.8.0",
    "categoryId" : "category-global",
    "version" : 1
  } ],
  "publishCode" : "OPEN",
  "reference" : {
    "contentType" : "application/vnd.sas.investigation.app.configuration.bundle",
    "id" : "base-maps"
  },
  "resourceCategoryLabelKey" : "workspace.config.bundle.category.label.txt",
  "resourceLabelKey" : "workspace.config.bundle.base-maps.label.txt",
  "resourceSubcategoryLabelKey" : "workspace.config.bundle.subcategory.label.txt",
  "resourceTypeLabelKey" : "workspace.config.bundle.type.txt",
  "solutionReference" : {
    "contentType" : "application/vnd.sas.investigation.meta.solution",
    "id" : "sas_visual_investigator_default"
  },
  "transportSchemaVersion" : 1
}