{
  "deferToParentFlag" : false,
  "dependencies" : [ {
    "contentType" : "application/vnd.sas.investigation.meta.solution",
    "id" : "sas_visual_investigator_default"
  } ],
  "displayFlag" : true,
  "parentReference" : {
    "contentType" : "application/vnd.sas.investigation.meta.solution",
    "id" : "sas_visual_investigator_default"
  },
  "payload" : [ {
    "name" : "grid-settings",
    "descriptiveName" : "configuration.management.grid.bundle.descriptive.name.txt",
    "description" : "configuration.management.grid.bundle.description.txt",
    "appConfigurationId" : "10",
    "creationTimeStamp" : "2022-03-01T05:38:31.021Z",
    "modifiedTimeStamp" : "2022-03-01T05:38:31.021Z",
    "solutionName" : "sas_visual_investigator_default",
    "links" : [ {
      "method" : "GET",
      "rel" : "self",
      "href" : "/appConfigurations/10/configurations/grid-settings",
      "uri" : "/appConfigurations/10/configurations/grid-settings",
      "type" : "application/vnd.sas.investigation.app.configuration.bundle"
    }, {
      "method" : "GET",
      "rel" : "up",
      "href" : "/appConfigurations/10/configurations",
      "uri" : "/appConfigurations/10/configurations",
      "type" : "application/vnd.sas.collection",
      "itemType" : "application/vnd.sas.investigation.app.configuration.bundle.summary"
    }, {
      "method" : "PUT",
      "rel" : "update",
      "href" : "/appConfigurations/10/configurations/grid-settings",
      "uri" : "/appConfigurations/10/configurations/grid-settings",
      "type" : "application/vnd.sas.investigation.app.configuration.bundle"
    }, {
      "method" : "DELETE",
      "rel" : "delete",
      "href" : "/appConfigurations/10/configurations/grid-settings",
      "uri" : "/appConfigurations/10/configurations/grid-settings"
    } ],
    "configuration" : {
      "exportExcel" : {
        "resourceLabel" : "configuration.management.grid.bundle.export.max.txt",
        "value" : 1000
      }
    },
    "id" : "bundle_config_123456",
    "viVersion" : "10.8.0",
    "categoryId" : "category-desktop",
    "version" : 1
  } ],
  "publishCode" : "OPEN",
  "reference" : {
    "contentType" : "application/vnd.sas.investigation.app.configuration.bundle",
    "id" : "grid-settings"
  },
  "resourceCategoryLabelKey" : "workspace.config.bundle.category.label.txt",
  "resourceLabelKey" : "workspace.config.bundle.grid-settings.label.txt",
  "resourceSubcategoryLabelKey" : "workspace.config.bundle.subcategory.label.txt",
  "resourceTypeLabelKey" : "workspace.config.bundle.type.txt",
  "solutionReference" : {
    "contentType" : "application/vnd.sas.investigation.meta.solution",
    "id" : "sas_visual_investigator_default"
  },
  "transportSchemaVersion" : 1
}