{
  "deferToParentFlag" : false,
  "dependencies" : [ {
    "contentType" : "application/vnd.sas.investigation.meta.solution",
    "id" : "sas_visual_investigator_default"
  } ],
  "displayFlag" : true,
  "parentReference" : {
    "contentType" : "application/vnd.sas.investigation.meta.solution",
    "id" : "sas_visual_investigator_default"
  },
  "payload" : [ {
    "name" : "jobs-configuration",
    "descriptiveName" : "jobsBundleDescriptiveName.txt",
    "description" : "configuration.management.jobs.bundle.description.txt",
    "appConfigurationId" : "80",
    "creationTimeStamp" : "2016-12-21T16:23:45.497Z",
    "modifiedTimeStamp" : "2016-12-21T16:23:45.497Z",
    "solutionName" : "sas_visual_investigator_default",
    "links" : [ {
      "method" : "GET",
      "rel" : "self",
      "href" : "/appConfigurations/80/configurations/jobs-configuration",
      "uri" : "/appConfigurations/80/configurations/jobs-configuration",
      "type" : "application/vnd.sas.investigation.app.configuration.bundle"
    }, {
      "method" : "GET",
      "rel" : "up",
      "href" : "/appConfigurations/80/configurations",
      "uri" : "/appConfigurations/80/configurations",
      "type" : "application/vnd.sas.collection",
      "itemType" : "application/vnd.sas.investigation.app.configuration.bundle.summary"
    }, {
      "method" : "PUT",
      "rel" : "update",
      "href" : "/appConfigurations/80/configurations/jobs-configuration",
      "uri" : "/appConfigurations/80/configurations/jobs-configuration",
      "type" : "application/vnd.sas.investigation.app.configuration.bundle"
    }, {
      "method" : "DELETE",
      "rel" : "delete",
      "href" : "/appConfigurations/80/configurations/jobs-configuration",
      "uri" : "/appConfigurations/80/configurations/jobs-configuration"
    } ],
    "configuration" : {
      "tags" : {
        "resourceLabel" : "jobsTags.txt",
        "type" : "grid",
        "value" : [ {
          "item" : "VI",
          "mandatory" : true
        } ]
      }
    },
    "id" : "bundle_config_677940",
    "viVersion" : "10.8.0",
    "categoryId" : "category-desktop",
    "version" : 1
  } ],
  "publishCode" : "OPEN",
  "reference" : {
    "contentType" : "application/vnd.sas.investigation.app.configuration.bundle",
    "id" : "jobs-configuration"
  },
  "resourceCategoryLabelKey" : "workspace.config.bundle.category.label.txt",
  "resourceLabelKey" : "workspace.config.bundle.jobs-configuration.label.txt",
  "resourceSubcategoryLabelKey" : "workspace.config.bundle.subcategory.label.txt",
  "resourceTypeLabelKey" : "workspace.config.bundle.type.txt",
  "solutionReference" : {
    "contentType" : "application/vnd.sas.investigation.meta.solution",
    "id" : "sas_visual_investigator_default"
  },
  "transportSchemaVersion" : 1
}