{
  "deferToParentFlag" : false,
  "dependencies" : [ {
    "contentType" : "application/vnd.sas.investigation.meta.solution",
    "id" : "sas_visual_investigator_default"
  } ],
  "displayFlag" : true,
  "parentReference" : {
    "contentType" : "application/vnd.sas.investigation.meta.solution",
    "id" : "sas_visual_investigator_default"
  },
  "payload" : [ {
    "name" : "network-diagram-limits",
    "descriptiveName" : "networkLimitsBundleDescriptiveName.txt",
    "description" : "configuration.management.nldLimits.bundle.description.txt",
    "appConfigurationId" : "71",
    "creationTimeStamp" : "2016-06-13T15:23:44.928Z",
    "modifiedTimeStamp" : "2016-06-13T15:23:44.928Z",
    "solutionName" : "sas_visual_investigator_default",
    "links" : [ {
      "method" : "GET",
      "rel" : "self",
      "href" : "/appConfigurations/71/configurations/network-diagram-limits",
      "uri" : "/appConfigurations/71/configurations/network-diagram-limits",
      "type" : "application/vnd.sas.investigation.app.configuration.bundle"
    }, {
      "method" : "GET",
      "rel" : "up",
      "href" : "/appConfigurations/71/configurations",
      "uri" : "/appConfigurations/71/configurations",
      "type" : "application/vnd.sas.collection",
      "itemType" : "application/vnd.sas.investigation.app.configuration.bundle.summary"
    }, {
      "method" : "PUT",
      "rel" : "update",
      "href" : "/appConfigurations/71/configurations/network-diagram-limits",
      "uri" : "/appConfigurations/71/configurations/network-diagram-limits",
      "type" : "application/vnd.sas.investigation.app.configuration.bundle"
    }, {
      "method" : "DELETE",
      "rel" : "delete",
      "href" : "/appConfigurations/71/configurations/network-diagram-limits",
      "uri" : "/appConfigurations/71/configurations/network-diagram-limits"
    } ],
    "configuration" : {
      "showLinkLabels" : {
        "resourceLabel" : "configuration.management.showLinkLabels.txt",
        "value" : false
      },
      "maxConnectedNodes" : {
        "allowDecimal" : false,
        "maxValue" : 999999999999999,
        "value" : 200,
        "minValue" : 0,
        "resourceLabel" : "configuration.management.maxConnectedNodes.txt",
        "type" : "number"
      },
      "enableTwoLevelExpansion" : {
        "resourceLabel" : "configuration.management.enableTwoLevelExpansion.txt",
        "value" : false
      },
      "excludeFromExpansion" : {
        "resourceLabel" : "configuration.management.excludeFromExpansion.txt",
        "value" : ""
      },
      "showLinkDirections" : {
        "resourceLabel" : "configuration.management.showLinkDirections.txt",
        "value" : true
      },
      "centralityEnabled" : {
        "resourceLabel" : "configuration.management.centralityEnabled.txt",
        "value" : true
      },
      "hardExpansionLimit" : {
        "allowDecimal" : false,
        "maxValue" : 999999999999999,
        "value" : 2000,
        "minValue" : 0,
        "resourceLabel" : "configuration.management.hardExpansionLimit.txt",
        "type" : "number"
      },
      "calculateMetrics" : {
        "resourceLabel" : "configuration.management.calculateMetrics.txt",
        "value" : true
      }
    },
    "id" : "bundle_config_583463",
    "viVersion" : "10.8.0",
    "categoryId" : "category-desktop",
    "version" : 1
  } ],
  "publishCode" : "OPEN",
  "reference" : {
    "contentType" : "application/vnd.sas.investigation.app.configuration.bundle",
    "id" : "network-diagram-limits"
  },
  "resourceCategoryLabelKey" : "workspace.config.bundle.category.label.txt",
  "resourceLabelKey" : "workspace.config.bundle.network-diagram-limits.label.txt",
  "resourceSubcategoryLabelKey" : "workspace.config.bundle.subcategory.label.txt",
  "resourceTypeLabelKey" : "workspace.config.bundle.type.txt",
  "solutionReference" : {
    "contentType" : "application/vnd.sas.investigation.meta.solution",
    "id" : "sas_visual_investigator_default"
  },
  "transportSchemaVersion" : 1
}