{
  "deferToParentFlag" : false,
  "dependencies" : [ {
    "contentType" : "application/vnd.sas.investigation.meta.solution",
    "id" : "sas_visual_investigator_default"
  } ],
  "displayFlag" : true,
  "parentReference" : {
    "contentType" : "application/vnd.sas.investigation.meta.solution",
    "id" : "sas_visual_investigator_default"
  },
  "payload" : [ {
    "name" : "sand-paging",
    "descriptiveName" : "sandPagingBundleDescriptiveName.txt",
    "description" : "pagingConfigurationDesc.txt",
    "appConfigurationId" : "61",
    "creationTimeStamp" : "2016-01-11T18:16:44.928Z",
    "modifiedTimeStamp" : "2016-01-11T18:16:44.928Z",
    "solutionName" : "sas_visual_investigator_default",
    "links" : [ {
      "method" : "GET",
      "rel" : "self",
      "href" : "/appConfigurations/61/configurations/sand-paging",
      "uri" : "/appConfigurations/61/configurations/sand-paging",
      "type" : "application/vnd.sas.investigation.app.configuration.bundle"
    }, {
      "method" : "GET",
      "rel" : "up",
      "href" : "/appConfigurations/61/configurations",
      "uri" : "/appConfigurations/61/configurations",
      "type" : "application/vnd.sas.collection",
      "itemType" : "application/vnd.sas.investigation.app.configuration.bundle.summary"
    }, {
      "method" : "PUT",
      "rel" : "update",
      "href" : "/appConfigurations/61/configurations/sand-paging",
      "uri" : "/appConfigurations/61/configurations/sand-paging",
      "type" : "application/vnd.sas.investigation.app.configuration.bundle"
    }, {
      "method" : "DELETE",
      "rel" : "delete",
      "href" : "/appConfigurations/61/configurations/sand-paging",
      "uri" : "/appConfigurations/61/configurations/sand-paging"
    } ],
    "configuration" : {
      "default" : 40,
      "pagingOptions" : [ 20, 30, 40, 50, 100, 200 ]
    },
    "id" : "bundle_config_677664",
    "viVersion" : "10.8.0",
    "categoryId" : "category-desktop",
    "version" : 1
  } ],
  "publishCode" : "OPEN",
  "reference" : {
    "contentType" : "application/vnd.sas.investigation.app.configuration.bundle",
    "id" : "sand-paging"
  },
  "resourceCategoryLabelKey" : "workspace.config.bundle.category.label.txt",
  "resourceLabelKey" : "workspace.config.bundle.sand-paging.label.txt",
  "resourceSubcategoryLabelKey" : "workspace.config.bundle.subcategory.label.txt",
  "resourceTypeLabelKey" : "workspace.config.bundle.type.txt",
  "solutionReference" : {
    "contentType" : "application/vnd.sas.investigation.meta.solution",
    "id" : "sas_visual_investigator_default"
  },
  "transportSchemaVersion" : 1
}