{
  "deferToParentFlag" : false,
  "dependencies" : [ {
    "contentType" : "application/vnd.sas.investigation.meta.solution",
    "id" : "sas_visual_investigator_default"
  } ],
  "displayFlag" : true,
  "parentReference" : {
    "contentType" : "application/vnd.sas.investigation.meta.solution",
    "id" : "sas_visual_investigator_default"
  },
  "payload" : [ {
    "name" : "sim-general-properties",
    "descriptiveName" : "sim.generalProperties.name.title",
    "description" : "sim.generalProperties.description.textStaticNoColon.label",
    "appConfigurationId" : "SASIntelligenceManagementAdmin",
    "creationTimeStamp" : "2022-03-01T05:38:53.460Z",
    "modifiedTimeStamp" : "2022-03-01T05:38:53.460Z",
    "solutionName" : "sas_visual_investigator_default",
    "links" : [ {
      "method" : "GET",
      "rel" : "self",
      "href" : "/appConfigurations/SASIntelligenceManagementAdmin/configurations/sim-general-properties",
      "uri" : "/appConfigurations/SASIntelligenceManagementAdmin/configurations/sim-general-properties",
      "type" : "application/vnd.sas.investigation.app.configuration.bundle"
    }, {
      "method" : "GET",
      "rel" : "up",
      "href" : "/appConfigurations/SASIntelligenceManagementAdmin/configurations",
      "uri" : "/appConfigurations/SASIntelligenceManagementAdmin/configurations",
      "type" : "application/vnd.sas.collection",
      "itemType" : "application/vnd.sas.investigation.app.configuration.bundle.summary"
    }, {
      "method" : "PUT",
      "rel" : "update",
      "href" : "/appConfigurations/SASIntelligenceManagementAdmin/configurations/sim-general-properties",
      "uri" : "/appConfigurations/SASIntelligenceManagementAdmin/configurations/sim-general-properties",
      "type" : "application/vnd.sas.investigation.app.configuration.bundle"
    }, {
      "method" : "DELETE",
      "rel" : "delete",
      "href" : "/appConfigurations/SASIntelligenceManagementAdmin/configurations/sim-general-properties",
      "uri" : "/appConfigurations/SASIntelligenceManagementAdmin/configurations/sim-general-properties"
    } ],
    "configuration" : {
      "defaultRadius" : {
        "resourceLabel" : "sim.generalProperties.property.defaultRadius.textStaticNoColon.label",
        "value" : "10"
      },
      "distanceUnit" : {
        "type" : "distanceUnit",
        "resourceLabel" : "sim.generalProperties.property.defaultDistanceUnit.textStaticNoColon.label",
        "value" : 1
      },
      "maximumTextBoxFormItemCharacterLimit" : {
        "type" : "number",
        "resourceLabel" : "sim.generalProperties.property.maximumTextBoxFormItemCharacterLimit.textStaticNoColon.label",
        "value" : 50
      },
      "defaultSearchPlaceholder" : {
        "resourceLabel" : "sim.generalProperties.property.defaultSearchPlaceholder.textStaticNoColon.label",
        "value" : "\"\""
      },
      "defaultLatitude" : {
        "resourceLabel" : "sim.generalProperties.property.defaultLatitude.textStaticNoColon.label",
        "value" : "55.8184884"
      },
      "defaultLongitude" : {
        "resourceLabel" : "sim.generalProperties.property.defaultLongitude.textStaticNoColon.label",
        "value" : "-4.2919915"
      },
      "maximumBookmarks" : {
        "type" : "dropdown",
        "resourceLabel" : "sim.generalProperties.property.maximumBookmarksLimit.textStaticNoColon.label",
        "value" : 50,
        "valueOptions" : [ 10, 20, 30, 40, 50 ]
      }
    },
    "id" : "bundle_config_sim_general",
    "viVersion" : "10.8.0",
    "categoryId" : "category-global",
    "version" : 1
  } ],
  "publishCode" : "OPEN",
  "reference" : {
    "contentType" : "application/vnd.sas.investigation.app.configuration.bundle",
    "id" : "sim-general-properties"
  },
  "resourceCategoryLabelKey" : "workspace.config.bundle.category.label.txt",
  "resourceLabelKey" : "workspace.config.bundle.sim-general-properties.label.txt",
  "resourceSubcategoryLabelKey" : "workspace.config.bundle.subcategory.label.txt",
  "resourceTypeLabelKey" : "workspace.config.bundle.type.txt",
  "solutionReference" : {
    "contentType" : "application/vnd.sas.investigation.meta.solution",
    "id" : "sas_visual_investigator_default"
  },
  "transportSchemaVersion" : 1
}