{
  "deferToParentFlag" : false,
  "dependencies" : [ {
    "contentType" : "application/vnd.sas.investigation.meta.solution",
    "id" : "sas_visual_investigator_default"
  } ],
  "displayFlag" : true,
  "parentReference" : {
    "contentType" : "application/vnd.sas.investigation.meta.solution",
    "id" : "sas_visual_investigator_default"
  },
  "payload" : [ {
    "name" : "sim-field-sets",
    "descriptiveName" : "sim.fieldSets.admin.name.control.title",
    "description" : "sim.fieldSets.admin.description.gridItem.label",
    "appConfigurationId" : "SASIntelligenceManagementAdmin",
    "creationTimeStamp" : "2022-03-01T05:38:53.503Z",
    "modifiedTimeStamp" : "2022-03-01T05:38:53.503Z",
    "solutionName" : "sas_visual_investigator_default",
    "links" : [ {
      "method" : "GET",
      "rel" : "self",
      "href" : "/appConfigurations/SASIntelligenceManagementAdmin/configurations/sim-field-sets",
      "uri" : "/appConfigurations/SASIntelligenceManagementAdmin/configurations/sim-field-sets",
      "type" : "application/vnd.sas.investigation.app.configuration.bundle"
    }, {
      "method" : "GET",
      "rel" : "up",
      "href" : "/appConfigurations/SASIntelligenceManagementAdmin/configurations",
      "uri" : "/appConfigurations/SASIntelligenceManagementAdmin/configurations",
      "type" : "application/vnd.sas.collection",
      "itemType" : "application/vnd.sas.investigation.app.configuration.bundle.summary"
    }, {
      "method" : "PUT",
      "rel" : "update",
      "href" : "/appConfigurations/SASIntelligenceManagementAdmin/configurations/sim-field-sets",
      "uri" : "/appConfigurations/SASIntelligenceManagementAdmin/configurations/sim-field-sets",
      "type" : "application/vnd.sas.investigation.app.configuration.bundle"
    }, {
      "method" : "DELETE",
      "rel" : "delete",
      "href" : "/appConfigurations/SASIntelligenceManagementAdmin/configurations/sim-field-sets",
      "uri" : "/appConfigurations/SASIntelligenceManagementAdmin/configurations/sim-field-sets"
    } ],
    "configuration" : {
      "entities" : [ ]
    },
    "id" : "bundle_config_sim_field_sets",
    "viVersion" : "10.8.0",
    "categoryId" : "category-global",
    "version" : 1
  } ],
  "publishCode" : "OPEN",
  "reference" : {
    "contentType" : "application/vnd.sas.investigation.app.configuration.bundle",
    "id" : "sim-field-sets"
  },
  "resourceCategoryLabelKey" : "workspace.config.bundle.category.label.txt",
  "resourceLabelKey" : "workspace.config.bundle.sim-field-sets.label.txt",
  "resourceSubcategoryLabelKey" : "workspace.config.bundle.subcategory.label.txt",
  "resourceTypeLabelKey" : "workspace.config.bundle.type.txt",
  "solutionReference" : {
    "contentType" : "application/vnd.sas.investigation.meta.solution",
    "id" : "sas_visual_investigator_default"
  },
  "transportSchemaVersion" : 1
}