{
  "deferToParentFlag" : false,
  "dependencies" : [ {
    "contentType" : "application/vnd.sas.investigation.meta.solution",
    "id" : "sas_visual_investigator_default"
  } ],
  "displayFlag" : true,
  "parentReference" : {
    "contentType" : "application/vnd.sas.investigation.meta.solution",
    "id" : "sas_visual_investigator_default"
  },
  "payload" : [ {
    "name" : "smi-documentation",
    "descriptiveName" : "smiAdmin.smi.documentation.bundle.descriptive.name.txt",
    "description" : "smiAdmin.smi.documentation.bundle.description.txt",
    "appConfigurationId" : "MobileAdmin",
    "creationTimeStamp" : "2022-03-01T05:38:33.225Z",
    "modifiedTimeStamp" : "2022-03-01T05:38:33.225Z",
    "solutionName" : "sas_visual_investigator_default",
    "links" : [ {
      "method" : "GET",
      "rel" : "self",
      "href" : "/appConfigurations/MobileAdmin/configurations/smi-documentation",
      "uri" : "/appConfigurations/MobileAdmin/configurations/smi-documentation",
      "type" : "application/vnd.sas.investigation.app.configuration.bundle"
    }, {
      "method" : "GET",
      "rel" : "up",
      "href" : "/appConfigurations/MobileAdmin/configurations",
      "uri" : "/appConfigurations/MobileAdmin/configurations",
      "type" : "application/vnd.sas.collection",
      "itemType" : "application/vnd.sas.investigation.app.configuration.bundle.summary"
    }, {
      "method" : "PUT",
      "rel" : "update",
      "href" : "/appConfigurations/MobileAdmin/configurations/smi-documentation",
      "uri" : "/appConfigurations/MobileAdmin/configurations/smi-documentation",
      "type" : "application/vnd.sas.investigation.app.configuration.bundle"
    }, {
      "method" : "DELETE",
      "rel" : "delete",
      "href" : "/appConfigurations/MobileAdmin/configurations/smi-documentation",
      "uri" : "/appConfigurations/MobileAdmin/configurations/smi-documentation"
    } ],
    "configuration" : {
      "softwareContextIdAdminGuide" : {
        "resourceLabel" : "softwareContextIdAdminGuide.txt",
        "value" : "agLandingPage"
      },
      "softwareId" : {
        "resourceLabel" : "softwareId.txt",
        "value" : "SVIMOBILE"
      },
      "documentationServiceUrl" : {
        "resourceLabel" : "documentationServiceUrl.txt",
        "value" : "https://documentation.sas.com"
      },
      "softwareContextIdUserGuide" : {
        "resourceLabel" : "softwareContextIdUserGuide.txt",
        "value" : "mobileUserAbout"
      },
      "softwareVersion" : {
        "resourceLabel" : "softwareVersion.txt",
        "value" : "default"
      }
    },
    "id" : "bundle_config_smi_documentation",
    "viVersion" : "10.8.0",
    "categoryId" : "category-mobile",
    "version" : 1
  } ],
  "publishCode" : "OPEN",
  "reference" : {
    "contentType" : "application/vnd.sas.investigation.app.configuration.bundle",
    "id" : "smi-documentation"
  },
  "resourceCategoryLabelKey" : "workspace.config.bundle.category.label.txt",
  "resourceLabelKey" : "workspace.config.bundle.smi-documentation.label.txt",
  "resourceSubcategoryLabelKey" : "workspace.config.bundle.subcategory.label.txt",
  "resourceTypeLabelKey" : "workspace.config.bundle.type.txt",
  "solutionReference" : {
    "contentType" : "application/vnd.sas.investigation.meta.solution",
    "id" : "sas_visual_investigator_default"
  },
  "transportSchemaVersion" : 1
}