{
  "deferToParentFlag" : false,
  "dependencies" : [ {
    "contentType" : "application/vnd.sas.investigation.meta.solution",
    "id" : "sas_visual_investigator_default"
  } ],
  "displayFlag" : true,
  "parentReference" : {
    "contentType" : "application/vnd.sas.investigation.meta.solution",
    "id" : "sas_visual_investigator_default"
  },
  "payload" : [ {
    "name" : "smi-results.pageSize",
    "descriptiveName" : "smi.results.pageSize.descriptive.name.txt",
    "description" : "smi.results.pageSize.description.txt",
    "appConfigurationId" : "MobileAdmin",
    "creationTimeStamp" : "2022-03-01T05:38:32.146Z",
    "modifiedTimeStamp" : "2022-03-01T05:38:32.146Z",
    "solutionName" : "sas_visual_investigator_default",
    "links" : [ {
      "method" : "GET",
      "rel" : "self",
      "href" : "/appConfigurations/MobileAdmin/configurations/smi-results.pageSize",
      "uri" : "/appConfigurations/MobileAdmin/configurations/smi-results.pageSize",
      "type" : "application/vnd.sas.investigation.app.configuration.bundle"
    }, {
      "method" : "GET",
      "rel" : "up",
      "href" : "/appConfigurations/MobileAdmin/configurations",
      "uri" : "/appConfigurations/MobileAdmin/configurations",
      "type" : "application/vnd.sas.collection",
      "itemType" : "application/vnd.sas.investigation.app.configuration.bundle.summary"
    }, {
      "method" : "PUT",
      "rel" : "update",
      "href" : "/appConfigurations/MobileAdmin/configurations/smi-results.pageSize",
      "uri" : "/appConfigurations/MobileAdmin/configurations/smi-results.pageSize",
      "type" : "application/vnd.sas.investigation.app.configuration.bundle"
    }, {
      "method" : "DELETE",
      "rel" : "delete",
      "href" : "/appConfigurations/MobileAdmin/configurations/smi-results.pageSize",
      "uri" : "/appConfigurations/MobileAdmin/configurations/smi-results.pageSize"
    } ],
    "configuration" : {
      "limit" : {
        "resourceLabel" : "smi.results.pageSize.txt",
        "value" : 50,
        "minValue" : "1",
        "type" : "number",
        "allowDecimal" : false
      }
    },
    "id" : "bundle_config_smi_results.pageSize",
    "viVersion" : "10.8.0",
    "categoryId" : "category-mobile",
    "version" : 1
  } ],
  "publishCode" : "OPEN",
  "reference" : {
    "contentType" : "application/vnd.sas.investigation.app.configuration.bundle",
    "id" : "smi-results.pageSize"
  },
  "resourceCategoryLabelKey" : "workspace.config.bundle.category.label.txt",
  "resourceLabelKey" : "workspace.config.bundle.smi-results.pageSize.label.txt",
  "resourceSubcategoryLabelKey" : "workspace.config.bundle.subcategory.label.txt",
  "resourceTypeLabelKey" : "workspace.config.bundle.type.txt",
  "solutionReference" : {
    "contentType" : "application/vnd.sas.investigation.meta.solution",
    "id" : "sas_visual_investigator_default"
  },
  "transportSchemaVersion" : 1
}