{
  "deferToParentFlag" : false,
  "dependencies" : [ {
    "contentType" : "application/vnd.sas.investigation.meta.solution",
    "id" : "sas_visual_investigator_default"
  } ],
  "displayFlag" : true,
  "parentReference" : {
    "contentType" : "application/vnd.sas.investigation.meta.solution",
    "id" : "sas_visual_investigator_default"
  },
  "payload" : [ {
    "name" : "svi-alerts-settings",
    "descriptiveName" : "configuration.management.tdc.bundle.descriptive.name.txt",
    "description" : "configuration.management.tdc.bundle.description.txt",
    "appConfigurationId" : "sngTDC__Core",
    "creationTimeStamp" : "2022-03-01T05:38:32.733Z",
    "modifiedTimeStamp" : "2022-03-01T05:38:32.733Z",
    "solutionName" : "sas_visual_investigator_default",
    "links" : [ {
      "method" : "GET",
      "rel" : "self",
      "href" : "/appConfigurations/sngTDC__Core/configurations/svi-alerts-settings",
      "uri" : "/appConfigurations/sngTDC__Core/configurations/svi-alerts-settings",
      "type" : "application/vnd.sas.investigation.app.configuration.bundle"
    }, {
      "method" : "GET",
      "rel" : "up",
      "href" : "/appConfigurations/sngTDC__Core/configurations",
      "uri" : "/appConfigurations/sngTDC__Core/configurations",
      "type" : "application/vnd.sas.collection",
      "itemType" : "application/vnd.sas.investigation.app.configuration.bundle.summary"
    }, {
      "method" : "PUT",
      "rel" : "update",
      "href" : "/appConfigurations/sngTDC__Core/configurations/svi-alerts-settings",
      "uri" : "/appConfigurations/sngTDC__Core/configurations/svi-alerts-settings",
      "type" : "application/vnd.sas.investigation.app.configuration.bundle"
    }, {
      "method" : "DELETE",
      "rel" : "delete",
      "href" : "/appConfigurations/sngTDC__Core/configurations/svi-alerts-settings",
      "uri" : "/appConfigurations/sngTDC__Core/configurations/svi-alerts-settings"
    } ],
    "configuration" : {
      "contextRecordLimit" : {
        "resourceLabel" : "configuration.management.tdc.bundle.context.records.max.txt",
        "value" : 9999,
        "minValue" : "1",
        "type" : "number",
        "allowDecimal" : false
      }
    },
    "id" : "bundle_config_svi-alerts-settings",
    "viVersion" : "10.8.0",
    "categoryId" : "category-desktop",
    "version" : 1
  } ],
  "publishCode" : "OPEN",
  "reference" : {
    "contentType" : "application/vnd.sas.investigation.app.configuration.bundle",
    "id" : "svi-alerts-settings"
  },
  "resourceCategoryLabelKey" : "workspace.config.bundle.category.label.txt",
  "resourceLabelKey" : "workspace.config.bundle.svi-alerts-settings.label.txt",
  "resourceSubcategoryLabelKey" : "workspace.config.bundle.subcategory.label.txt",
  "resourceTypeLabelKey" : "workspace.config.bundle.type.txt",
  "solutionReference" : {
    "contentType" : "application/vnd.sas.investigation.meta.solution",
    "id" : "sas_visual_investigator_default"
  },
  "transportSchemaVersion" : 1
}