{
  "deferToParentFlag" : false,
  "dependencies" : [ {
    "contentType" : "application/vnd.sas.investigation.meta.solution",
    "id" : "sas_visual_investigator_default"
  } ],
  "displayFlag" : true,
  "parentReference" : {
    "contentType" : "application/vnd.sas.investigation.meta.solution",
    "id" : "sas_visual_investigator_default"
  },
  "payload" : [ {
    "name" : "timeout-settings",
    "descriptiveName" : "timeoutBundleDescriptiveName.txt",
    "description" : "configuration.management.timeout.bundle.description.txt",
    "appConfigurationId" : "20",
    "creationTimeStamp" : "2017-02-14T16:10:18.921Z",
    "modifiedTimeStamp" : "2017-02-14T16:10:18.921Z",
    "solutionName" : "sas_visual_investigator_default",
    "links" : [ {
      "method" : "GET",
      "rel" : "self",
      "href" : "/appConfigurations/20/configurations/timeout-settings",
      "uri" : "/appConfigurations/20/configurations/timeout-settings",
      "type" : "application/vnd.sas.investigation.app.configuration.bundle"
    }, {
      "method" : "GET",
      "rel" : "up",
      "href" : "/appConfigurations/20/configurations",
      "uri" : "/appConfigurations/20/configurations",
      "type" : "application/vnd.sas.collection",
      "itemType" : "application/vnd.sas.investigation.app.configuration.bundle.summary"
    }, {
      "method" : "PUT",
      "rel" : "update",
      "href" : "/appConfigurations/20/configurations/timeout-settings",
      "uri" : "/appConfigurations/20/configurations/timeout-settings",
      "type" : "application/vnd.sas.investigation.app.configuration.bundle"
    }, {
      "method" : "DELETE",
      "rel" : "delete",
      "href" : "/appConfigurations/20/configurations/timeout-settings",
      "uri" : "/appConfigurations/20/configurations/timeout-settings"
    } ],
    "configuration" : {
      "interval" : {
        "resourceLabel" : "sessionInterval.txt",
        "value" : 25,
        "type" : "number",
        "allowDecimal" : false,
        "minValue" : 1,
        "maxValue" : 25
      },
      "timeout" : {
        "resourceLabel" : "sessionTimeout.txt",
        "value" : 300,
        "type" : "number",
        "allowDecimal" : false,
        "minValue" : 1
      },
      "sessionExtensionTimeout" : {
        "resourceLabel" : "sessionExtensionTimeout.txt",
        "value" : 5,
        "type" : "number",
        "allowDecimal" : false,
        "minValue" : 1
      }
    },
    "id" : "bundle_config_688775",
    "viVersion" : "10.8.0",
    "categoryId" : "category-desktop",
    "version" : 1
  } ],
  "publishCode" : "OPEN",
  "reference" : {
    "contentType" : "application/vnd.sas.investigation.app.configuration.bundle",
    "id" : "timeout-settings"
  },
  "resourceCategoryLabelKey" : "workspace.config.bundle.category.label.txt",
  "resourceLabelKey" : "workspace.config.bundle.timeout-settings.label.txt",
  "resourceSubcategoryLabelKey" : "workspace.config.bundle.subcategory.label.txt",
  "resourceTypeLabelKey" : "workspace.config.bundle.type.txt",
  "solutionReference" : {
    "contentType" : "application/vnd.sas.investigation.meta.solution",
    "id" : "sas_visual_investigator_default"
  },
  "transportSchemaVersion" : 1
}