{
  "deferToParentFlag" : false,
  "dependencies" : [ {
    "contentType" : "application/vnd.sas.investigation.meta.solution",
    "id" : "sas_visual_investigator_default"
  }, {
    "contentType" : "application/vnd.sas.investigation.meta.entity",
    "id" : "alerts"
  } ],
  "displayFlag" : true,
  "parentReference" : {
    "contentType" : "application/vnd.sas.investigation.meta.entity",
    "id" : "alerts"
  },
  "publishCode" : "OPEN",
  "reference" : {
    "contentType" : "application/vnd.sas.investigation.meta.pageTemplate",
    "id" : "cfc8209f-67b5-453a-a43e-658ff5482911"
  },
  "resourceCategoryLabelKey" : "svi.datahub.transport.page_template.category.label.txt",
  "resourceLabelKey" : "svi.datahub.template.cfc8209f-67b5-453a-a43e-658ff5482911.name.txt",
  "resourceSubcategoryLabelKey" : "svi.datahub.transport.page_template.subcategory.label.txt",
  "resourceTypeLabelKey" : "svi.datahub.transport.page_template.type.label.txt",
  "solutionReference" : {
    "contentType" : "application/vnd.sas.investigation.meta.solution",
    "id" : "sas_visual_investigator_default"
  },
  "transportSchemaVersion" : 1
}