{
  "deferToParentFlag" : false,
  "dependencies" : [ {
    "contentType" : "application/vnd.sas.investigation.meta.solution",
    "id" : "sas_visual_investigator_default"
  }, {
    "contentType" : "application/vnd.sas.investigation.meta.entity",
    "id" : "alerts"
  } ],
  "displayFlag" : true,
  "parentReference" : {
    "contentType" : "application/vnd.sas.investigation.meta.entity",
    "id" : "alerts"
  },
  "publishCode" : "OPEN",
  "reference" : {
    "contentType" : "application/vnd.sas.investigation.meta.pageTemplate",
    "id" : "cd6b4537-c715-440d-9ad6-c0ef82ca6d3a"
  },
  "resourceCategoryLabelKey" : "svi.datahub.transport.page_template.category.label.txt",
  "resourceLabelKey" : "svi.datahub.template.cd6b4537-c715-440d-9ad6-c0ef82ca6d3a.name.txt",
  "resourceSubcategoryLabelKey" : "svi.datahub.transport.page_template.subcategory.label.txt",
  "resourceTypeLabelKey" : "svi.datahub.transport.page_template.type.label.txt",
  "solutionReference" : {
    "contentType" : "application/vnd.sas.investigation.meta.solution",
    "id" : "sas_visual_investigator_default"
  },
  "transportSchemaVersion" : 1
}