{
  "deferToParentFlag" : false,
  "dependencies" : [ {
    "contentType" : "application/vnd.sas.investigation.meta.solution",
    "id" : "sas_visual_investigator_default"
  } ],
  "displayFlag" : true,
  "parentReference" : {
    "contentType" : "application/vnd.sas.investigation.meta.solution",
    "id" : "sas_visual_investigator_default"
  },
  "payload" : {
    "schemaVersion" : "10.8.0",
    "templates" : [ {
      "active" : true,
      "clientApplication" : "mobile",
      "metadata" : {
        "dataSources" : [ { } ],
        "insightsEnabled" : false,
        "workspaceEnabled" : false
      },
      "name" : "_mobile_home",
      "publishCode" : "OPEN",
      "solutionName" : "sas_visual_investigator_default",
      "template" : {
        "screens" : [ {
          "childNodes" : [ ],
          "events" : { },
          "id" : "36630f09-0810-4597-34d7-533eb62d42ee",
          "name" : ""
        } ],
        "title" : ""
      },
      "templateType" : "homepage",
      "uuid" : "f30cfb1d-4cae-408d-87d6-b3d0dfb9c4cd"
    } ],
    "handlerName" : "datahub"
  },
  "publishCode" : "OPEN",
  "reference" : {
    "contentType" : "application/vnd.sas.investigation.meta.pageTemplate",
    "id" : "f30cfb1d-4cae-408d-87d6-b3d0dfb9c4cd"
  },
  "resourceCategoryLabelKey" : "svi.datahub.transport.page_template.category.label.txt",
  "resourceLabelKey" : "svi.datahub.template.f30cfb1d-4cae-408d-87d6-b3d0dfb9c4cd.name.txt",
  "resourceSubcategoryLabelKey" : "svi.datahub.transport.page_template.subcategory.label.txt",
  "resourceTypeLabelKey" : "svi.datahub.transport.page_template.type.label.txt",
  "solutionReference" : {
    "contentType" : "application/vnd.sas.investigation.meta.solution",
    "id" : "sas_visual_investigator_default"
  },
  "transportSchemaVersion" : 1
}