{
  "deferToParentFlag" : false,
  "dependencies" : [ {
    "contentType" : "application/vnd.sas.investigation.usergroup",
    "id" : "cs_aml_investigator"
  }, {
    "contentType" : "application/vnd.sas.investigation.meta.solution",
    "id" : "sas_visual_investigator_default"
  } ],
  "displayFlag" : true,
  "parentReference" : {
    "contentType" : "application/vnd.sas.investigation.usergroup",
    "id" : "cs_aml_investigator"
  },
  "payload" : [ {
    "id" : "cs_aml_administrator",
    "name" : "AML Administrator",
    "provider" : "local",
    "version" : 1
  }, {
    "id" : "cs_aml_manager",
    "name" : "AML Manager",
    "provider" : "local",
    "version" : 1
  }, {
    "id" : "cs_aml_operations_manager",
    "name" : "AML Operations Manager",
    "provider" : "local",
    "version" : 1
  }, {
    "id" : "viadmin",
    "name" : "VI Admins",
    "provider" : "ldap",
    "version" : 1
  } ],
  "publishCode" : "OPEN",
  "reference" : {
    "contentType" : "application/vnd.sas.investigation.usergroup.members",
    "id" : "cs_aml_investigator"
  },
  "resourceLabelKey" : "svi.feature.membergroups.label.txt",
  "resourceTypeLabelKey" : "svi.feature.membergroups.type.txt",
  "solutionReference" : {
    "contentType" : "application/vnd.sas.investigation.meta.solution",
    "id" : "sas_visual_investigator_default"
  },
  "transportSchemaVersion" : 1
}