{
  "deferToParentFlag" : false,
  "dependencies" : [ {
    "contentType" : "application/vnd.sas.investigation.usergroup",
    "id" : "cs_cdd_medium_risk_cust_strat_access"
  }, {
    "contentType" : "application/vnd.sas.investigation.meta.solution",
    "id" : "sas_visual_investigator_default"
  } ],
  "displayFlag" : true,
  "parentReference" : {
    "contentType" : "application/vnd.sas.investigation.usergroup",
    "id" : "cs_cdd_medium_risk_cust_strat_access"
  },
  "payload" : [ {
    "id" : "cs_aml_analyst",
    "name" : "AML Analyst",
    "provider" : "local",
    "version" : 1
  }, {
    "id" : "cs_aml_auditor",
    "name" : "AML Auditor",
    "provider" : "local",
    "version" : 1
  }, {
    "id" : "cs_aml_scenario_administrator",
    "name" : "AML Scenario Administrator",
    "provider" : "local",
    "version" : 1
  }, {
    "id" : "cs_aml_scenario_analyst",
    "name" : "AML Scenario Analyst",
    "provider" : "local",
    "version" : 1
  }, {
    "id" : "cs_cdd_crr_group",
    "name" : "CS CDD Group",
    "provider" : "local",
    "version" : 1
  } ],
  "publishCode" : "OPEN",
  "reference" : {
    "contentType" : "application/vnd.sas.investigation.usergroup.members",
    "id" : "cs_cdd_medium_risk_cust_strat_access"
  },
  "resourceLabelKey" : "svi.feature.membergroups.label.txt",
  "resourceTypeLabelKey" : "svi.feature.membergroups.type.txt",
  "solutionReference" : {
    "contentType" : "application/vnd.sas.investigation.meta.solution",
    "id" : "sas_visual_investigator_default"
  },
  "transportSchemaVersion" : 1
}