{
  "deferToParentFlag" : false,
  "dependencies" : [ {
    "contentType" : "application/vnd.sas.investigation.usergroup",
    "id" : "sviusrs"
  }, {
    "contentType" : "application/vnd.sas.investigation.meta.solution",
    "id" : "sas_visual_investigator_default"
  } ],
  "displayFlag" : true,
  "parentReference" : {
    "contentType" : "application/vnd.sas.investigation.usergroup",
    "id" : "sviusrs"
  },
  "payload" : [ {
    "id" : "cs_aml_administrator",
    "name" : "AML Administrator",
    "provider" : "local",
    "version" : 1
  }, {
    "id" : "cs_aml_analyst",
    "name" : "AML Analyst",
    "provider" : "local",
    "version" : 1
  }, {
    "id" : "cs_aml_auditor",
    "name" : "AML Auditor",
    "provider" : "local",
    "version" : 1
  }, {
    "id" : "cs_aml_db_access",
    "name" : "AML Database Access",
    "provider" : "local",
    "version" : 1
  }, {
    "id" : "cs_aml_efiler",
    "name" : "AML E-Filer",
    "provider" : "local",
    "version" : 1
  }, {
    "id" : "cs_aml_employee_access",
    "name" : "AML Employee Access",
    "provider" : "local",
    "version" : 1
  }, {
    "id" : "cs_aml_investigator",
    "name" : "AML Investigator",
    "provider" : "local",
    "version" : 1
  }, {
    "id" : "cs_aml_manager",
    "name" : "AML Manager",
    "provider" : "local",
    "version" : 1
  }, {
    "id" : "cs_aml_operations_manager",
    "name" : "AML Operations Manager",
    "provider" : "local",
    "version" : 1
  }, {
    "id" : "cs_aml_qa_analyst",
    "name" : "AML Quality Assurance Analyst",
    "provider" : "local",
    "version" : 1
  }, {
    "id" : "cs_aml_scenario_administrator",
    "name" : "AML Scenario Administrator",
    "provider" : "local",
    "version" : 1
  }, {
    "id" : "cs_aml_scenario_analyst",
    "name" : "AML Scenario Analyst",
    "provider" : "local",
    "version" : 1
  }, {
    "id" : "cs_aml_tm_strat_access",
    "name" : "AML TM Strategy Access",
    "provider" : "local",
    "version" : 1
  }, {
    "id" : "cs_aml_wl_strat_access",
    "name" : "AML Watchlist Strategy Access",
    "provider" : "local",
    "version" : 1
  }, {
    "id" : "cs_cdd_promoted_to_edd_strat_access",
    "name" : "CDD \"Promoted to EDD\" Strategy Access",
    "provider" : "local",
    "version" : 1
  }, {
    "id" : "cs_cdd_analyst",
    "name" : "CDD Analyst",
    "provider" : "local",
    "version" : 1
  }, {
    "id" : "cs_cdd_high_risk_cust_strat_access",
    "name" : "CDD High-Risk-Customer Strategy Access",
    "provider" : "local",
    "version" : 1
  }, {
    "id" : "cs_cdd_low_risk_cust_strat_access",
    "name" : "CDD Low-Risk-Customer Strategy Access",
    "provider" : "local",
    "version" : 1
  }, {
    "id" : "cs_cdd_medium_risk_cust_strat_access",
    "name" : "CDD Medium-Risk-Customer Strategy Access",
    "provider" : "local",
    "version" : 1
  }, {
    "id" : "cs_aml_tm_group",
    "name" : "CS AML TM Group",
    "provider" : "local",
    "version" : 1
  }, {
    "id" : "cs_cdd_crr_group",
    "name" : "CS CDD Group",
    "provider" : "local",
    "version" : 1
  }, {
    "id" : "cs_core_users",
    "name" : "CS Core Users",
    "provider" : "local",
    "version" : 1
  }, {
    "id" : "viadmin",
    "name" : "VI Admins",
    "provider" : "ldap",
    "version" : 1
  }, {
    "id" : "sviadms",
    "name" : "Visual Investigator Administrators",
    "provider" : "local",
    "version" : 1
  }, {
    "id" : "sviaudt",
    "name" : "Visual Investigator Auditors",
    "provider" : "local",
    "version" : 1
  }, {
    "id" : "vsddngs",
    "name" : "Visual Scenario Administrator Designers",
    "provider" : "local",
    "version" : 1
  } ],
  "publishCode" : "OPEN",
  "reference" : {
    "contentType" : "application/vnd.sas.investigation.usergroup.members",
    "id" : "sviusrs"
  },
  "resourceLabelKey" : "svi.feature.membergroups.label.txt",
  "resourceTypeLabelKey" : "svi.feature.membergroups.type.txt",
  "solutionReference" : {
    "contentType" : "application/vnd.sas.investigation.meta.solution",
    "id" : "sas_visual_investigator_default"
  },
  "transportSchemaVersion" : 1
}