{
  "deferToParentFlag" : false,
  "dependencies" : [ {
    "contentType" : "application/vnd.sas.investigation.usergroup",
    "id" : "sviusrs"
  }, {
    "contentType" : "application/vnd.sas.investigation.meta.solution",
    "id" : "sas_visual_investigator_default"
  } ],
  "displayFlag" : true,
  "parentReference" : {
    "contentType" : "application/vnd.sas.investigation.usergroup",
    "id" : "sviusrs"
  },
  "payload" : [ {
    "id" : "viadmin",
    "name" : "viadmin"
  } ],
  "publishCode" : "OPEN",
  "reference" : {
    "contentType" : "application/vnd.sas.investigation.usermember",
    "id" : "sviusrs"
  },
  "resourceLabelKey" : "svi.feature.memberusers.label.txt",
  "resourceTypeLabelKey" : "svi.feature.memberusers.type.txt",
  "solutionReference" : {
    "contentType" : "application/vnd.sas.investigation.meta.solution",
    "id" : "sas_visual_investigator_default"
  },
  "transportSchemaVersion" : 1
}