{
  "deferToParentFlag" : false,
  "dependencies" : [ {
    "contentType" : "application/vnd.sas.investigation.meta.solution",
    "id" : "sas_visual_investigator_default"
  } ],
  "displayFlag" : true,
  "parentReference" : {
    "contentType" : "application/vnd.sas.investigation.meta.solution",
    "id" : "sas_visual_investigator_default"
  },
  "payload" : {
    "id" : "cs_aml_analyst",
    "name" : "AML Analyst",
    "provider" : "local",
    "version" : 1
  },
  "publishCode" : "OPEN",
  "reference" : {
    "contentType" : "application/vnd.sas.investigation.usergroup",
    "id" : "cs_aml_analyst"
  },
  "resourceCategoryLabelKey" : "svi.feature.membergroups.category.label.txt",
  "resourceLabelKey" : "svi.feature.usergroup.cs_aml_analyst.label.txt",
  "resourceSubcategoryLabelKey" : "svi.feature.membergroups.subcategory.label.txt",
  "resourceTypeLabelKey" : "svi.feature.usergroup.type.txt",
  "solutionReference" : {
    "contentType" : "application/vnd.sas.investigation.meta.solution",
    "id" : "sas_visual_investigator_default"
  },
  "transportSchemaVersion" : 1
}