{
  "deferToParentFlag" : false,
  "dependencies" : [ {
    "contentType" : "application/vnd.sas.investigation.meta.solution",
    "id" : "sas_visual_investigator_default"
  } ],
  "displayFlag" : true,
  "parentReference" : {
    "contentType" : "application/vnd.sas.investigation.meta.solution",
    "id" : "sas_visual_investigator_default"
  },
  "payload" : [ {
    "id" : "10",
    "appName" : "Commons",
    "appType" : "Core",
    "urlPathToBootStrap" : "sas/fcs/commons/commons.bundle",
    "loadOrder" : 0,
    "moduleName" : "sngCommons",
    "version" : 2,
    "solutionName" : "sas_visual_investigator_default",
    "nullSafeVersion" : 2
  }, {
    "id" : "100",
    "appName" : "UserManager",
    "appType" : "Admin",
    "urlPathToBootStrap" : "sas/fcs/workspace/workspace.bundle",
    "loadOrder" : 9,
    "moduleName" : "workspace",
    "version" : 2,
    "solutionName" : "sas_visual_investigator_default",
    "nullSafeVersion" : 2
  }, {
    "id" : "101",
    "appName" : "HomePage",
    "appType" : "Core",
    "urlPathToBootStrap" : "sas/fcs/spb/homepage/spb-homepage.bundle",
    "loadOrder" : 10,
    "moduleName" : "sngHomepage",
    "version" : 2,
    "solutionName" : "sas_visual_investigator_default",
    "nullSafeVersion" : 2
  }, {
    "id" : "102",
    "appName" : "HomePage",
    "appType" : "Admin",
    "urlPathToBootStrap" : "sas/fcs/spb/homepage/spb-homepage.bundle",
    "loadOrder" : 10,
    "moduleName" : "sngHomepage",
    "version" : 2,
    "solutionName" : "sas_visual_investigator_default",
    "nullSafeVersion" : 2
  }, {
    "id" : "11",
    "appName" : "Commons",
    "appType" : "Admin",
    "urlPathToBootStrap" : "sas/fcs/commons/commons.bundle",
    "loadOrder" : 0,
    "moduleName" : "sngCommons",
    "version" : 2,
    "solutionName" : "sas_visual_investigator_default",
    "nullSafeVersion" : 2
  }, {
    "id" : "110",
    "appName" : "AI",
    "appType" : "Admin",
    "urlPathToBootStrap" : "sas/fcs/ai/ai.bundle",
    "loadOrder" : 10,
    "moduleName" : "sngAI",
    "version" : 2,
    "solutionName" : "sas_visual_investigator_default",
    "nullSafeVersion" : 2
  }, {
    "id" : "130",
    "appName" : "Audit",
    "appType" : "Core",
    "urlPathToBootStrap" : "sas/fcs/audit/audit.bundle",
    "loadOrder" : 12,
    "moduleName" : "sngAudit",
    "version" : 2,
    "solutionName" : "sas_visual_investigator_default",
    "nullSafeVersion" : 2
  }, {
    "id" : "20",
    "appName" : "Workspace",
    "appType" : "Core",
    "urlPathToBootStrap" : "sas/fcs/workspace/workspace.bundle",
    "loadOrder" : 1,
    "moduleName" : "workspace",
    "version" : 2,
    "solutionName" : "sas_visual_investigator_default",
    "nullSafeVersion" : 2
  }, {
    "id" : "21",
    "appName" : "Workspace",
    "appType" : "Admin",
    "urlPathToBootStrap" : "sas/fcs/workspace/workspace.bundle",
    "loadOrder" : 1,
    "moduleName" : "workspace",
    "version" : 2,
    "solutionName" : "sas_visual_investigator_default",
    "nullSafeVersion" : 2
  }, {
    "id" : "22",
    "appName" : "Workspace",
    "appType" : "Core",
    "urlPathToBootStrap" : "sas/fcs/workspace/reporting/reporting.bundle",
    "loadOrder" : 1,
    "moduleName" : "workspace.reporting",
    "version" : 2,
    "solutionName" : "sas_visual_investigator_default",
    "nullSafeVersion" : 2
  }, {
    "id" : "23",
    "appName" : "Workspace",
    "appType" : "Admin",
    "urlPathToBootStrap" : "sas/fcs/workspace/reporting/reporting.bundle",
    "loadOrder" : 0,
    "moduleName" : "workspace.reporting",
    "version" : 2,
    "solutionName" : "sas_visual_investigator_default",
    "nullSafeVersion" : 2
  }, {
    "id" : "30",
    "appName" : "TDC",
    "appType" : "Core",
    "urlPathToBootStrap" : "sas/fcs/tdc/bootstrap",
    "loadOrder" : 2,
    "moduleName" : "sngTDC",
    "version" : 2,
    "solutionName" : "sas_visual_investigator_default",
    "nullSafeVersion" : 2
  }, {
    "id" : "31",
    "appName" : "TDC",
    "appType" : "Admin",
    "urlPathToBootStrap" : "sas/fcs/tdc/bootstrap",
    "loadOrder" : 2,
    "moduleName" : "sngTDC",
    "version" : 2,
    "solutionName" : "sas_visual_investigator_default",
    "nullSafeVersion" : 2
  }, {
    "id" : "40",
    "appName" : "PageBuilderViewer",
    "appType" : "Admin",
    "urlPathToBootStrap" : "sas/fcs/spb/page-designer/spb-designer.bundle",
    "loadOrder" : 4,
    "moduleName" : "sngPageDesigner",
    "version" : 2,
    "solutionName" : "sas_visual_investigator_default",
    "nullSafeVersion" : 2
  }, {
    "id" : "400",
    "appName" : "Workflow",
    "appType" : "Admin",
    "urlPathToBootStrap" : "sas/fcs/workflow/workflow.bundle",
    "loadOrder" : 11,
    "moduleName" : "sngWorkflow",
    "version" : 2,
    "solutionName" : "sas_visual_investigator_default",
    "nullSafeVersion" : 2
  }, {
    "id" : "401",
    "appName" : "Workflow",
    "appType" : "Core",
    "urlPathToBootStrap" : "sas/fcs/workflow/workflow.bundle",
    "loadOrder" : 11,
    "moduleName" : "sngWorkflow",
    "version" : 2,
    "solutionName" : "sas_visual_investigator_default",
    "nullSafeVersion" : 2
  }, {
    "id" : "405",
    "appName" : "TextAnalytics",
    "appType" : "Core",
    "urlPathToBootStrap" : "sas/fcs/textAnalytics/text-analytics.bundle",
    "loadOrder" : 13,
    "moduleName" : "sngTxtAna",
    "version" : 2,
    "solutionName" : "sas_visual_investigator_default",
    "nullSafeVersion" : 2
  }, {
    "id" : "41",
    "appName" : "PageBuilderViewer",
    "appType" : "Core",
    "urlPathToBootStrap" : "sas/fcs/spb/page-viewer/spb-viewer.bundle",
    "loadOrder" : 4,
    "moduleName" : "sngPageViewer",
    "version" : 2,
    "solutionName" : "sas_visual_investigator_default",
    "nullSafeVersion" : 2
  }, {
    "id" : "50",
    "appName" : "Workbooks",
    "appType" : "Core",
    "urlPathToBootStrap" : "sas/fcs/workbooks/workbooks.bundle",
    "loadOrder" : 5,
    "moduleName" : "sngWorkbooks",
    "version" : 2,
    "solutionName" : "sas_visual_investigator_default",
    "nullSafeVersion" : 2
  }, {
    "id" : "51",
    "appName" : "Workbooks",
    "appType" : "Admin",
    "urlPathToBootStrap" : "sas/fcs/workbooks/workbooks.bundle",
    "loadOrder" : 5,
    "moduleName" : "sngWorkbooks",
    "version" : 2,
    "solutionName" : "sas_visual_investigator_default",
    "nullSafeVersion" : 2
  }, {
    "id" : "60",
    "appName" : "SAND",
    "appType" : "Admin",
    "urlPathToBootStrap" : "sas/fcs/sand/sand.bundle",
    "loadOrder" : 6,
    "moduleName" : "sngSAND",
    "version" : 2,
    "solutionName" : "sas_visual_investigator_default",
    "nullSafeVersion" : 2
  }, {
    "id" : "61",
    "appName" : "SAND",
    "appType" : "Core",
    "urlPathToBootStrap" : "sas/fcs/sand/sand.bundle",
    "loadOrder" : 6,
    "moduleName" : "sngSAND",
    "version" : 2,
    "solutionName" : "sas_visual_investigator_default",
    "nullSafeVersion" : 2
  }, {
    "id" : "70",
    "appName" : "Entity",
    "appType" : "Admin",
    "urlPathToBootStrap" : "sas/fcs/entity/network.bundle",
    "loadOrder" : 7,
    "moduleName" : "sngEntity",
    "version" : 2,
    "solutionName" : "sas_visual_investigator_default",
    "nullSafeVersion" : 2
  }, {
    "id" : "71",
    "appName" : "Entity",
    "appType" : "Core",
    "urlPathToBootStrap" : "sas/fcs/entity/network.bundle",
    "loadOrder" : 7,
    "moduleName" : "sngEntity",
    "version" : 2,
    "solutionName" : "sas_visual_investigator_default",
    "nullSafeVersion" : 2
  }, {
    "id" : "80",
    "appName" : "AdminHub",
    "appType" : "Admin",
    "urlPathToBootStrap" : "sas/fcs/fdh/fdh.bundle",
    "loadOrder" : 8,
    "moduleName" : "sngHubAdmin",
    "version" : 2,
    "solutionName" : "sas_visual_investigator_default",
    "nullSafeVersion" : 2
  }, {
    "id" : "81",
    "appName" : "HubCommons",
    "appType" : "Core",
    "urlPathToBootStrap" : "sas/fcs/fdh/hub-commons/hub-commons.bundle",
    "loadOrder" : 8,
    "moduleName" : "sngHubCommons",
    "version" : 2,
    "solutionName" : "sas_visual_investigator_default",
    "nullSafeVersion" : 2
  }, {
    "id" : "82",
    "appName" : "HubCommons",
    "appType" : "Admin",
    "urlPathToBootStrap" : "sas/fcs/fdh/hub-commons/hub-commons.bundle",
    "loadOrder" : 8,
    "moduleName" : "sngHubCommons",
    "version" : 2,
    "solutionName" : "sas_visual_investigator_default",
    "nullSafeVersion" : 2
  }, {
    "id" : "90",
    "appName" : "TraversalDesigner",
    "appType" : "Admin",
    "urlPathToBootStrap" : "sas/fcs/spb/traversals-designer/spb-traversals.bundle",
    "loadOrder" : 4,
    "moduleName" : "sngTraversalDesigner",
    "version" : 2,
    "solutionName" : "sas_visual_investigator_default",
    "nullSafeVersion" : 2
  }, {
    "id" : "MobileAdmin",
    "appName" : "MobileAdmin",
    "appType" : "Admin",
    "urlPathToBootStrap" : "/SASMobileInvestigator/dist/js/smi-admin.min.js",
    "loadOrder" : 20,
    "moduleName" : "sngMobileAdmin",
    "version" : 2,
    "urlPathToApplicationCheck" : "/SASMobileInvestigator/status",
    "solutionName" : "sas_visual_investigator_default",
    "nullSafeVersion" : 2
  }, {
    "id" : "PageBuilderShared__Admin",
    "appName" : "PageBuilderShared",
    "appType" : "Admin",
    "urlPathToBootStrap" : "sas/fcs/spb/shared/spb-shared.bundle",
    "loadOrder" : 3,
    "moduleName" : "sngPageBuilderShared",
    "version" : 1,
    "solutionName" : "sas_visual_investigator_default",
    "nullSafeVersion" : 1
  }, {
    "id" : "PageBuilderShared__Core",
    "appName" : "PageBuilderShared",
    "appType" : "Core",
    "urlPathToBootStrap" : "sas/fcs/spb/shared/spb-shared.bundle",
    "loadOrder" : 3,
    "moduleName" : "sngPageBuilderShared",
    "version" : 1,
    "solutionName" : "sas_visual_investigator_default",
    "nullSafeVersion" : 1
  }, {
    "id" : "PageBuilderViewer__Admin",
    "appName" : "PageBuilderViewer",
    "appType" : "Admin",
    "urlPathToBootStrap" : "sas/fcs/spb/page-viewer/spb-viewer.bundle",
    "loadOrder" : 4,
    "moduleName" : "sngPageViewer",
    "version" : 1,
    "solutionName" : "sas_visual_investigator_default",
    "nullSafeVersion" : 1
  }, {
    "id" : "SASIntelligenceManagement",
    "appName" : "SASIntelligenceManagement",
    "appType" : "Core",
    "urlPathToBootStrap" : "/sviIntelligenceManagement/dist/core.bootstrap.js",
    "loadOrder" : 30,
    "moduleName" : "sngSasIntelligenceManagement",
    "version" : 1,
    "solutionName" : "sas_visual_investigator_default",
    "nullSafeVersion" : 1
  }, {
    "id" : "SASIntelligenceManagementAdmin",
    "appName" : "SASIntelligenceManagementAdmin",
    "appType" : "Admin",
    "urlPathToBootStrap" : "/sviIntelligenceManagement/dist/admin.bootstrap.js",
    "loadOrder" : 30,
    "moduleName" : "sngSasIntelligenceManagement",
    "version" : 1,
    "solutionName" : "sas_visual_investigator_default",
    "nullSafeVersion" : 1
  }, {
    "id" : "SASIntelligenceManagementAdminAngular",
    "appName" : "SASIntelligenceManagementAdminAngular",
    "appType" : "Admin",
    "urlPathToBootStrap" : "/sviIntelligenceManagement/dist/main.js",
    "loadOrder" : 30,
    "moduleName" : "",
    "version" : 3,
    "solutionName" : "sas_visual_investigator_default",
    "nullSafeVersion" : 3
  }, {
    "id" : "SASIntelligenceManagementAngular",
    "appName" : "SASIntelligenceManagementAngular",
    "appType" : "Core",
    "urlPathToBootStrap" : "/sviIntelligenceManagement/dist/main.js",
    "loadOrder" : 30,
    "moduleName" : "",
    "version" : 3,
    "solutionName" : "sas_visual_investigator_default",
    "nullSafeVersion" : 3
  }, {
    "id" : "SASIntelligenceManagementMobile",
    "appName" : "SASIntelligenceManagementMobile",
    "appType" : "Mobile",
    "urlPathToBootStrap" : "/sviIntelligenceManagement/mobileApp.js",
    "loadOrder" : 30,
    "moduleName" : "",
    "version" : 5,
    "solutionName" : "sas_visual_investigator_default",
    "nullSafeVersion" : 5
  }, {
    "id" : "sngSca__Admin",
    "appName" : "Scenario Admin",
    "appType" : "Admin",
    "urlPathToBootStrap" : "sas/fcs/sca/sca.bundle",
    "loadOrder" : 2,
    "moduleName" : "sngSca",
    "version" : 2,
    "solutionName" : "sas_visual_investigator_default",
    "nullSafeVersion" : 2
  }, {
    "id" : "sngScorecards__Admin",
    "appName" : "Scorecards",
    "appType" : "Admin",
    "urlPathToBootStrap" : "sas/fcs/scorecards/scorecards.bundle",
    "loadOrder" : 2,
    "moduleName" : "sngScorecards",
    "version" : 1,
    "solutionName" : "sas_visual_investigator_default",
    "nullSafeVersion" : 1
  }, {
    "id" : "sngScorecards__Core",
    "appName" : "Scorecards",
    "appType" : "Core",
    "urlPathToBootStrap" : "sas/fcs/scorecards/scorecards.bundle",
    "loadOrder" : 14,
    "moduleName" : "sngScorecards",
    "version" : 1,
    "solutionName" : "sas_visual_investigator_default",
    "nullSafeVersion" : 1
  }, {
    "id" : "sngShared_scenarioAlerts__Admin",
    "appName" : "ScenarioAlerts",
    "appType" : "Admin",
    "urlPathToBootStrap" : "sas/fcs/shared/scenario-alerts.bundle",
    "loadOrder" : 1,
    "moduleName" : "sngShared.scenarioAlerts",
    "version" : 1,
    "solutionName" : "sas_visual_investigator_default",
    "nullSafeVersion" : 1
  }, {
    "id" : "sngTDC__Core",
    "appName" : "TDC",
    "appType" : "Core",
    "urlPathToBootStrap" : "sas/fcs/tdc/tdc.core.bundle",
    "loadOrder" : 2,
    "moduleName" : "sngTDC",
    "version" : 3,
    "solutionName" : "sas_visual_investigator_default",
    "nullSafeVersion" : 3
  }, {
    "id" : "sngTDC_admin__Admin",
    "appName" : "TDC",
    "appType" : "Admin",
    "urlPathToBootStrap" : "sas/fcs/tdc/tdc.admin.bundle",
    "loadOrder" : 2,
    "moduleName" : "sngTDC.admin",
    "version" : 3,
    "solutionName" : "sas_visual_investigator_default",
    "nullSafeVersion" : 3
  }, {
    "id" : "sngVsd__Admin",
    "appType" : "Admin",
    "version" : 1,
    "solutionName" : "sas_visual_investigator_default",
    "nullSafeVersion" : 1
  } ],
  "publishCode" : "OPEN",
  "reference" : {
    "contentType" : "application/vnd.sas.investigation.app.configuration",
    "id" : "sas_visual_investigator_default"
  },
  "resourceCategoryLabelKey" : "workspace.app.configurations.category.label.txt",
  "resourceLabelKey" : "workspace.app.configurations.label.txt",
  "resourceSubcategoryLabelKey" : "workspace.app.configurations.subcategory.label.txt",
  "resourceTypeLabelKey" : "workspace.app.configurations.type.txt",
  "solutionReference" : {
    "contentType" : "application/vnd.sas.investigation.meta.solution",
    "id" : "sas_visual_investigator_default"
  },
  "transportSchemaVersion" : 1
}