{
  "deferToParentFlag" : false,
  "displayFlag" : true,
  "payload" : {
    "schemaVersion" : "10.8.0",
    "solutions" : [ {
      "archived" : false,
      "localizedDescriptions" : [ {
        "description" : "Default Solution for Visual Investigator",
        "localeCd" : "en-US"
      } ],
      "localizedLabels" : [ {
        "label" : "SAS Visual Investigator",
        "localeCd" : "en-US"
      } ],
      "name" : "sas_visual_investigator_default",
      "version" : 1
    } ],
    "handlerName" : "datahub"
  },
  "publishCode" : "OPEN",
  "reference" : {
    "contentType" : "application/vnd.sas.investigation.meta.solution",
    "id" : "sas_visual_investigator_default"
  },
  "resourceLabelKey" : "svi.datahub.solution.sas_visual_investigator_default.label.txt",
  "resourceTypeLabelKey" : "svi.datahub.transport.solution.type.label.txt",
  "solutionReference" : {
    "contentType" : "application/vnd.sas.investigation.meta.solution",
    "id" : "sas_visual_investigator_default"
  },
  "transportSchemaVersion" : 1
}