{
  "deferToParentFlag" : true,
  "dependencies" : [ {
    "contentType" : "application/vnd.sas.investigation.meta.solution",
    "id" : "sas_visual_investigator_default"
  } ],
  "displayFlag" : false,
  "parentReference" : {
    "contentType" : "application/vnd.sas.investigation.meta.entity",
    "id" : "case_master"
  },
  "payload" : {
    "schemaVersion" : "10.8.0",
    "actionItems" : [ {
      "documentType" : "case_master",
      "items" : [ {
        "action" : "editButton",
        "documentType" : "case_master",
        "order" : 1,
        "uuid" : "5e7eb495-33af-41c8-95be-fcc9ec30cb1f"
      }, {
        "action" : "separator",
        "documentType" : "case_master",
        "order" : 2,
        "uuid" : "219e4171-72b1-4113-b93c-80ae7c8a9c7c"
      }, {
        "action" : "refreshPageButton",
        "documentType" : "case_master",
        "order" : 3,
        "uuid" : "2dbcdb02-4a28-4151-b99f-6fb7abf9f44f"
      }, {
        "action" : "LeftRightToolbarDivider",
        "documentType" : "case_master",
        "order" : 4,
        "uuid" : "fdff9b9a-8b5d-43d3-aefa-4957f2cb0813"
      }, {
        "action" : "PrintButton",
        "documentType" : "case_master",
        "order" : 5,
        "uuid" : "f27fcb67-4245-47a0-bc56-86ab98f4e8ab"
      }, {
        "action" : "separator",
        "documentType" : "case_master",
        "order" : 6,
        "uuid" : "cc0324bd-8245-48b3-8e6b-f7f66cf11af2"
      }, {
        "action" : "deleteButton",
        "documentType" : "case_master",
        "order" : 7,
        "uuid" : "70ea1156-ffbf-42c6-ab85-23a43044add4"
      } ]
    } ],
    "handlerName" : "datahub"
  },
  "publishCode" : "OPEN",
  "reference" : {
    "contentType" : "application/vnd.sas.investigation.meta.action.item",
    "id" : "case_master"
  },
  "resourceCategoryLabelKey" : "svi.datahub.transport.action_item.category.label.txt",
  "resourceLabelKey" : "svi.datahub.entity.case_master.label.txt",
  "resourceSubcategoryLabelKey" : "svi.datahub.transport.action_item.subcategory.label.txt",
  "resourceTypeLabelKey" : "svi.datahub.transport.action_item.type.label.txt",
  "solutionReference" : {
    "contentType" : "application/vnd.sas.investigation.meta.solution",
    "id" : "sas_visual_investigator_default"
  },
  "transportSchemaVersion" : 1
}