{
  "deferToParentFlag" : false,
  "dependencies" : [ {
    "contentType" : "application/vnd.sas.investigation.meta.solution",
    "id" : "sas_visual_investigator_default"
  }, {
    "contentType" : "application/vnd.sas.investigation.triage.domain",
    "id" : "svidomain"
  } ],
  "displayFlag" : true,
  "parentReference" : {
    "contentType" : "application/vnd.sas.investigation.triage.domain",
    "id" : "svidomain"
  },
  "payload" : {
    "allUsers" : true,
    "domainId" : "svidomain",
    "generateWorkspace" : true,
    "groupId" : "sviusrs",
    "presentationMode" : "DIRECT",
    "scoreRangeHigh" : 900,
    "scoreRangeLow" : 650,
    "solutionId" : "sas_visual_investigator_default",
    "strategyDescription" : "This is the default alert strategy",
    "strategyId" : "strategy_default",
    "strategyName" : "Default Alert Strategy",
    "strategyPriority" : 32767,
    "strategyStatus" : "ACTIVE",
    "triageDefinition" : {
      "columnDefinitionsJson" : [{"tooltipTemplate":"textCellRenderer","datafield":"currentScore","datatype":"integer","text":"Score","cellsrenderer":"tdcScoreRenderer"},{"datafield":"actionableEntityType","datatype":"text","text":"Actionable Entity Type"},{"datafield":"actionableEntityLabel","datatype":"text","text":"Actionable Entity Label"},{"tooltipTemplate":"tdcQueueNameForIDTemplate","datafield":"queueId","datatype":"text","text":"Queue","cellsrenderer":"tdcQueueNameForIDTemplate"},{"datafield":"alertVersionTimeStamp","datatype":"datetime","text":"Alert Version Datetime"}],
      "defaultSortFieldName" : "currentScore",
      "defaultSortOrderCode" : "descending",
      "triageDefinitionId" : "strategy_default",
      "version" : 1
    },
    "userCreatedStrategy" : false,
    "version" : 1,
    "workspaceLevel" : 2
  },
  "publishCode" : "OPEN",
  "reference" : {
    "contentType" : "application/vnd.sas.investigation.triage.strategy",
    "id" : "strategy_default"
  },
  "resourceCategoryLabelKey" : "svi.alert.transport.configuration.item.category.strategies.label.txt",
  "resourceLabelKey" : "svi.alert.strategy.svidomain.strategy_default.name.txt",
  "resourceTypeLabelKey" : "svi.alert.transport.configuration.item.type.strategy.label.txt",
  "solutionReference" : {
    "contentType" : "application/vnd.sas.investigation.meta.solution",
    "id" : "sas_visual_investigator_default"
  },
  "transportSchemaVersion" : 1
}