{
  "deferToParentFlag" : false,
  "dependencies" : [ {
    "contentType" : "application/vnd.sas.investigation.meta.solution",
    "id" : "sas_visual_investigator_default"
  } ],
  "displayFlag" : true,
  "parentReference" : {
    "contentType" : "application/vnd.sas.investigation.meta.solution",
    "id" : "sas_visual_investigator_default"
  },
  "payload" : {
    "schemaVersion" : "10.8.0",
    "referenceLists" : [ {
      "alphabeticalSort" : true,
      "archived" : false,
      "hierarchyLevel" : 0,
      "items" : [ {
        "archived" : false,
        "code" : "No",
        "displayIndex" : 0,
        "localizedLabels" : [ {
          "label" : "No",
          "localeCd" : "en-US"
        } ]
      }, {
        "archived" : false,
        "code" : "Yes",
        "displayIndex" : 0,
        "localizedLabels" : [ {
          "label" : "Yes",
          "localeCd" : "en-US"
        } ]
      } ],
      "localizedLabels" : [ {
        "label" : "Scr Otrsk Mat Neg Nw2 Fc Es Rt",
        "localeCd" : "en-US"
      } ],
      "maxCodeLength" : 10,
      "name" : "SCR_OTRSK_MAT_NEG_NW2_FC_ES_RT",
      "referenceListType" : "LIST",
      "solutionLabel" : "SAS Visual Investigator",
      "solutionName" : "sas_visual_investigator_default",
      "usedByField" : false
    } ],
    "handlerName" : "datahub"
  },
  "publishCode" : "OPEN",
  "reference" : {
    "contentType" : "application/vnd.sas.investigation.meta.referenceList",
    "id" : "SCR_OTRSK_MAT_NEG_NW2_FC_ES_RT"
  },
  "resourceCategoryLabelKey" : "svi.datahub.transport.reference_list.category.label.txt",
  "resourceLabelKey" : "svi.datahub.referenceList.SCR_OTRSK_MAT_NEG_NW2_FC_ES_RT.label.txt",
  "resourceSubcategoryLabelKey" : "svi.datahub.transport.reference_list.subcategory.label.txt",
  "resourceTypeLabelKey" : "svi.datahub.transport.reference_list.type.label.txt",
  "solutionReference" : {
    "contentType" : "application/vnd.sas.investigation.meta.solution",
    "id" : "sas_visual_investigator_default"
  },
  "transportSchemaVersion" : 1
}