{
  "schemaVersion" : "10.7.0",
  "contextMappings" : [ {
    "clientApplication" : "desktop",
    "documentType" : "Company_Contact_Details",
    "mappings" : [ {
      "clientApplication" : "desktop",
      "documentType" : "Company_Contact_Details",
      "evaluateOrder" : 0,
      "event" : "create",
      "mode" : "C",
      "templateUUID" : "7ba9c77a-4a1a-4b3b-87e3-da727e079470",
      "toolbarEnabled" : true
    }, {
      "clientApplication" : "desktop",
      "documentType" : "Company_Contact_Details",
      "evaluateOrder" : 0,
      "event" : "edit",
      "mode" : "E",
      "templateUUID" : "7ba9c77a-4a1a-4b3b-87e3-da727e079470",
      "toolbarEnabled" : true
    }, {
      "clientApplication" : "desktop",
      "documentType" : "Company_Contact_Details",
      "evaluateOrder" : 0,
      "event" : "inspect",
      "mode" : "V",
      "templateUUID" : "7ba9c77a-4a1a-4b3b-87e3-da727e079470",
      "toolbarEnabled" : false
    }, {
      "clientApplication" : "desktop",
      "documentType" : "Company_Contact_Details",
      "evaluateOrder" : 0,
      "event" : "open",
      "mode" : "V",
      "templateUUID" : "7ba9c77a-4a1a-4b3b-87e3-da727e079470",
      "toolbarEnabled" : true
    }, {
      "clientApplication" : "desktop",
      "documentType" : "Company_Contact_Details",
      "evaluateOrder" : 0,
      "event" : "summary",
      "mode" : "V",
      "templateUUID" : "7ba9c77a-4a1a-4b3b-87e3-da727e079470",
      "toolbarEnabled" : false
    } ]
  } ],
  "handlerName" : "datahub"
}