{
  "schemaVersion" : "10.7.0",
  "contextMappings" : [ {
    "clientApplication" : "desktop",
    "documentType" : "UB_O",
    "mappings" : [ {
      "clientApplication" : "desktop",
      "documentType" : "UB_O",
      "evaluateOrder" : 0,
      "event" : "create",
      "mode" : "C",
      "templateUUID" : "4a77806f-62c4-4d45-9dc8-8860dc8b0c2c",
      "toolbarEnabled" : true
    }, {
      "clientApplication" : "desktop",
      "documentType" : "UB_O",
      "evaluateOrder" : 0,
      "event" : "edit",
      "mode" : "E",
      "templateUUID" : "4a77806f-62c4-4d45-9dc8-8860dc8b0c2c",
      "toolbarEnabled" : true
    }, {
      "clientApplication" : "desktop",
      "documentType" : "UB_O",
      "evaluateOrder" : 0,
      "event" : "inspect",
      "mode" : "V",
      "templateUUID" : "4a77806f-62c4-4d45-9dc8-8860dc8b0c2c",
      "toolbarEnabled" : false
    }, {
      "clientApplication" : "desktop",
      "documentType" : "UB_O",
      "evaluateOrder" : 0,
      "event" : "open",
      "mode" : "V",
      "templateUUID" : "4a77806f-62c4-4d45-9dc8-8860dc8b0c2c",
      "toolbarEnabled" : true
    }, {
      "clientApplication" : "desktop",
      "documentType" : "UB_O",
      "evaluateOrder" : 0,
      "event" : "summary",
      "mode" : "V",
      "templateUUID" : "4a77806f-62c4-4d45-9dc8-8860dc8b0c2c",
      "toolbarEnabled" : false
    } ]
  } ],
  "handlerName" : "datahub"
}