{
  "schemaVersion" : "10.7.0",
  "contextMappings" : [ {
    "clientApplication" : "desktop",
    "documentType" : "findings",
    "mappings" : [ {
      "clientApplication" : "desktop",
      "documentType" : "findings",
      "evaluateOrder" : 0,
      "event" : "create",
      "mode" : "C",
      "templateUUID" : "33c853d7-fbbb-47d7-9a6e-12188cca1132",
      "toolbarEnabled" : true
    }, {
      "clientApplication" : "desktop",
      "documentType" : "findings",
      "evaluateOrder" : 0,
      "event" : "edit",
      "mode" : "E",
      "templateUUID" : "33c853d7-fbbb-47d7-9a6e-12188cca1132",
      "toolbarEnabled" : true
    }, {
      "clientApplication" : "desktop",
      "documentType" : "findings",
      "evaluateOrder" : 0,
      "event" : "inspect",
      "mode" : "V",
      "templateUUID" : "33c853d7-fbbb-47d7-9a6e-12188cca1132",
      "toolbarEnabled" : false
    }, {
      "clientApplication" : "desktop",
      "documentType" : "findings",
      "evaluateOrder" : 0,
      "event" : "open",
      "mode" : "V",
      "templateUUID" : "33c853d7-fbbb-47d7-9a6e-12188cca1132",
      "toolbarEnabled" : true
    }, {
      "clientApplication" : "desktop",
      "documentType" : "findings",
      "evaluateOrder" : 0,
      "event" : "summary",
      "mode" : "V",
      "templateUUID" : "33c853d7-fbbb-47d7-9a6e-12188cca1132",
      "toolbarEnabled" : false
    } ]
  } ],
  "handlerName" : "datahub"
}