{
  "schemaVersion" : "10.7.0",
  "contextMappings" : [ {
    "clientApplication" : "desktop",
    "documentType" : "name",
    "mappings" : [ {
      "clientApplication" : "desktop",
      "documentType" : "name",
      "evaluateOrder" : 0,
      "event" : "create",
      "mode" : "C",
      "templateUUID" : "2d71ba4b-0ec3-46a5-a3c5-080a3f4f9746",
      "toolbarEnabled" : true
    }, {
      "clientApplication" : "desktop",
      "documentType" : "name",
      "evaluateOrder" : 0,
      "event" : "edit",
      "mode" : "E",
      "templateUUID" : "2d71ba4b-0ec3-46a5-a3c5-080a3f4f9746",
      "toolbarEnabled" : true
    }, {
      "clientApplication" : "desktop",
      "documentType" : "name",
      "evaluateOrder" : 0,
      "event" : "inspect",
      "mode" : "V",
      "templateUUID" : "2d71ba4b-0ec3-46a5-a3c5-080a3f4f9746",
      "toolbarEnabled" : false
    }, {
      "clientApplication" : "desktop",
      "documentType" : "name",
      "evaluateOrder" : 0,
      "event" : "open",
      "mode" : "V",
      "templateUUID" : "2d71ba4b-0ec3-46a5-a3c5-080a3f4f9746",
      "toolbarEnabled" : true
    }, {
      "clientApplication" : "desktop",
      "documentType" : "name",
      "evaluateOrder" : 0,
      "event" : "summary",
      "mode" : "V",
      "templateUUID" : "2d71ba4b-0ec3-46a5-a3c5-080a3f4f9746",
      "toolbarEnabled" : false
    } ]
  } ],
  "handlerName" : "datahub"
}