{
  "schemaVersion" : "10.7.0",
  "contextMappings" : [ {
    "clientApplication" : "desktop",
    "documentType" : "cus_phone",
    "mappings" : [ {
      "clientApplication" : "desktop",
      "documentType" : "cus_phone",
      "evaluateOrder" : 0,
      "event" : "edit",
      "mode" : "E",
      "templateUUID" : "ad39126a-6a2d-4bae-b691-828910db2739",
      "toolbarEnabled" : true
    }, {
      "clientApplication" : "desktop",
      "documentType" : "cus_phone",
      "evaluateOrder" : 0,
      "event" : "inspect",
      "mode" : "V",
      "templateUUID" : "f6fc7878-fada-48b9-a00f-7ceee62cce71",
      "toolbarEnabled" : false
    }, {
      "clientApplication" : "desktop",
      "documentType" : "cus_phone",
      "evaluateOrder" : 0,
      "event" : "open",
      "mode" : "V",
      "templateUUID" : "ad39126a-6a2d-4bae-b691-828910db2739",
      "toolbarEnabled" : true
    }, {
      "clientApplication" : "desktop",
      "documentType" : "cus_phone",
      "evaluateOrder" : 0,
      "event" : "summary",
      "mode" : "V",
      "templateUUID" : "08fa5271-4b3b-4322-9995-23f5c0b1ba90",
      "toolbarEnabled" : false
    } ]
  } ],
  "handlerName" : "datahub"
}