{
  "schemaVersion" : "10.7.0",
  "contextMappings" : [ {
    "clientApplication" : "desktop",
    "documentType" : "KYC_and_Staff_Details",
    "mappings" : [ {
      "clientApplication" : "desktop",
      "documentType" : "KYC_and_Staff_Details",
      "evaluateOrder" : 0,
      "event" : "create",
      "mode" : "C",
      "templateUUID" : "013ecd3a-cc2d-4d11-8db2-9a207af80ec2",
      "toolbarEnabled" : true
    }, {
      "clientApplication" : "desktop",
      "documentType" : "KYC_and_Staff_Details",
      "evaluateOrder" : 0,
      "event" : "edit",
      "mode" : "E",
      "templateUUID" : "013ecd3a-cc2d-4d11-8db2-9a207af80ec2",
      "toolbarEnabled" : true
    }, {
      "clientApplication" : "desktop",
      "documentType" : "KYC_and_Staff_Details",
      "evaluateOrder" : 0,
      "event" : "inspect",
      "mode" : "V",
      "templateUUID" : "013ecd3a-cc2d-4d11-8db2-9a207af80ec2",
      "toolbarEnabled" : false
    }, {
      "clientApplication" : "desktop",
      "documentType" : "KYC_and_Staff_Details",
      "evaluateOrder" : 0,
      "event" : "open",
      "mode" : "V",
      "templateUUID" : "013ecd3a-cc2d-4d11-8db2-9a207af80ec2",
      "toolbarEnabled" : true
    }, {
      "clientApplication" : "desktop",
      "documentType" : "KYC_and_Staff_Details",
      "evaluateOrder" : 0,
      "event" : "summary",
      "mode" : "V",
      "templateUUID" : "013ecd3a-cc2d-4d11-8db2-9a207af80ec2",
      "toolbarEnabled" : false
    } ]
  } ],
  "handlerName" : "datahub"
}