{
  "schemaVersion" : "10.7.0",
  "contextMappings" : [ {
    "clientApplication" : "desktop",
    "documentType" : "BoardMember_Details",
    "mappings" : [ {
      "clientApplication" : "desktop",
      "documentType" : "BoardMember_Details",
      "evaluateOrder" : 0,
      "event" : "create",
      "mode" : "C",
      "templateUUID" : "e0f1efbd-99fb-4e64-bdd3-b7115245a1a3",
      "toolbarEnabled" : true
    }, {
      "clientApplication" : "desktop",
      "documentType" : "BoardMember_Details",
      "evaluateOrder" : 0,
      "event" : "edit",
      "mode" : "E",
      "templateUUID" : "e0f1efbd-99fb-4e64-bdd3-b7115245a1a3",
      "toolbarEnabled" : true
    }, {
      "clientApplication" : "desktop",
      "documentType" : "BoardMember_Details",
      "evaluateOrder" : 0,
      "event" : "inspect",
      "mode" : "V",
      "templateUUID" : "e0f1efbd-99fb-4e64-bdd3-b7115245a1a3",
      "toolbarEnabled" : false
    }, {
      "clientApplication" : "desktop",
      "documentType" : "BoardMember_Details",
      "evaluateOrder" : 0,
      "event" : "open",
      "mode" : "V",
      "templateUUID" : "e0f1efbd-99fb-4e64-bdd3-b7115245a1a3",
      "toolbarEnabled" : true
    }, {
      "clientApplication" : "desktop",
      "documentType" : "BoardMember_Details",
      "evaluateOrder" : 0,
      "event" : "summary",
      "mode" : "V",
      "templateUUID" : "e0f1efbd-99fb-4e64-bdd3-b7115245a1a3",
      "toolbarEnabled" : false
    } ]
  } ],
  "handlerName" : "datahub"
}