{
  "schemaVersion" : "10.7.0",
  "contextMappings" : [ {
    "clientApplication" : "desktop",
    "documentType" : "Portfolio_Details",
    "mappings" : [ {
      "clientApplication" : "desktop",
      "documentType" : "Portfolio_Details",
      "evaluateOrder" : 0,
      "event" : "create",
      "mode" : "C",
      "templateUUID" : "c92b59fa-8d91-41ee-a514-a206724e1da3",
      "toolbarEnabled" : true
    }, {
      "clientApplication" : "desktop",
      "documentType" : "Portfolio_Details",
      "evaluateOrder" : 0,
      "event" : "edit",
      "mode" : "E",
      "templateUUID" : "c92b59fa-8d91-41ee-a514-a206724e1da3",
      "toolbarEnabled" : true
    }, {
      "clientApplication" : "desktop",
      "documentType" : "Portfolio_Details",
      "evaluateOrder" : 0,
      "event" : "inspect",
      "mode" : "V",
      "templateUUID" : "c92b59fa-8d91-41ee-a514-a206724e1da3",
      "toolbarEnabled" : false
    }, {
      "clientApplication" : "desktop",
      "documentType" : "Portfolio_Details",
      "evaluateOrder" : 0,
      "event" : "open",
      "mode" : "V",
      "templateUUID" : "c92b59fa-8d91-41ee-a514-a206724e1da3",
      "toolbarEnabled" : true
    }, {
      "clientApplication" : "desktop",
      "documentType" : "Portfolio_Details",
      "evaluateOrder" : 0,
      "event" : "summary",
      "mode" : "V",
      "templateUUID" : "c92b59fa-8d91-41ee-a514-a206724e1da3",
      "toolbarEnabled" : false
    } ]
  } ],
  "handlerName" : "datahub"
}