{
  "schemaVersion" : "10.7.0",
  "contextMappings" : [ {
    "clientApplication" : "desktop",
    "documentType" : "FATCA",
    "mappings" : [ {
      "clientApplication" : "desktop",
      "documentType" : "FATCA",
      "evaluateOrder" : 0,
      "event" : "create",
      "mode" : "C",
      "templateUUID" : "950528c2-4c0a-488d-8bb7-439f1b1e7ab9",
      "toolbarEnabled" : true
    }, {
      "clientApplication" : "desktop",
      "documentType" : "FATCA",
      "evaluateOrder" : 0,
      "event" : "edit",
      "mode" : "E",
      "templateUUID" : "950528c2-4c0a-488d-8bb7-439f1b1e7ab9",
      "toolbarEnabled" : true
    }, {
      "clientApplication" : "desktop",
      "documentType" : "FATCA",
      "evaluateOrder" : 0,
      "event" : "inspect",
      "mode" : "V",
      "templateUUID" : "950528c2-4c0a-488d-8bb7-439f1b1e7ab9",
      "toolbarEnabled" : false
    }, {
      "clientApplication" : "desktop",
      "documentType" : "FATCA",
      "evaluateOrder" : 0,
      "event" : "open",
      "mode" : "V",
      "templateUUID" : "950528c2-4c0a-488d-8bb7-439f1b1e7ab9",
      "toolbarEnabled" : true
    }, {
      "clientApplication" : "desktop",
      "documentType" : "FATCA",
      "evaluateOrder" : 0,
      "event" : "summary",
      "mode" : "V",
      "templateUUID" : "950528c2-4c0a-488d-8bb7-439f1b1e7ab9",
      "toolbarEnabled" : false
    } ]
  } ],
  "handlerName" : "datahub"
}