{
  "schemaVersion" : "10.7.0",
  "contextMappings" : [ {
    "clientApplication" : "desktop",
    "documentType" : "Investment_Account_Detail",
    "mappings" : [ {
      "clientApplication" : "desktop",
      "documentType" : "Investment_Account_Detail",
      "evaluateOrder" : 0,
      "event" : "create",
      "mode" : "C",
      "templateUUID" : "17a43923-abb9-44ec-9121-8abb63970058",
      "toolbarEnabled" : true
    }, {
      "clientApplication" : "desktop",
      "documentType" : "Investment_Account_Detail",
      "evaluateOrder" : 0,
      "event" : "edit",
      "mode" : "E",
      "templateUUID" : "17a43923-abb9-44ec-9121-8abb63970058",
      "toolbarEnabled" : true
    }, {
      "clientApplication" : "desktop",
      "documentType" : "Investment_Account_Detail",
      "evaluateOrder" : 0,
      "event" : "inspect",
      "mode" : "V",
      "templateUUID" : "17a43923-abb9-44ec-9121-8abb63970058",
      "toolbarEnabled" : false
    }, {
      "clientApplication" : "desktop",
      "documentType" : "Investment_Account_Detail",
      "evaluateOrder" : 0,
      "event" : "open",
      "mode" : "V",
      "templateUUID" : "17a43923-abb9-44ec-9121-8abb63970058",
      "toolbarEnabled" : true
    }, {
      "clientApplication" : "desktop",
      "documentType" : "Investment_Account_Detail",
      "evaluateOrder" : 0,
      "event" : "summary",
      "mode" : "V",
      "templateUUID" : "17a43923-abb9-44ec-9121-8abb63970058",
      "toolbarEnabled" : false
    } ]
  } ],
  "handlerName" : "datahub"
}