{
  "schemaVersion" : "10.7.0",
  "contextMappings" : [ {
    "clientApplication" : "desktop",
    "documentType" : "case",
    "mappings" : [ {
      "clientApplication" : "desktop",
      "documentType" : "case",
      "evaluateOrder" : 0,
      "event" : "create",
      "mode" : "C",
      "templateUUID" : "f8a3551f-e02c-4684-a635-1eb59a68a6fd",
      "toolbarEnabled" : true
    }, {
      "clientApplication" : "desktop",
      "documentType" : "case",
      "evaluateOrder" : 0,
      "event" : "edit",
      "mode" : "E",
      "templateUUID" : "e6932cbf-906e-4850-9f13-ed21a31ead73",
      "toolbarEnabled" : true
    }, {
      "clientApplication" : "desktop",
      "documentType" : "case",
      "evaluateOrder" : 0,
      "event" : "inspect",
      "mode" : "V",
      "templateUUID" : "7f7dfa90-97de-4e8f-950d-c8b1050fdfd9",
      "toolbarEnabled" : false
    }, {
      "clientApplication" : "desktop",
      "documentType" : "case",
      "evaluateOrder" : 0,
      "event" : "open",
      "mode" : "V",
      "templateUUID" : "e6932cbf-906e-4850-9f13-ed21a31ead73",
      "toolbarEnabled" : true
    }, {
      "clientApplication" : "desktop",
      "documentType" : "case",
      "evaluateOrder" : 0,
      "event" : "summary",
      "mode" : "V",
      "templateUUID" : "06be1dbd-f9b2-42fa-b37d-8cfee52b32e8",
      "toolbarEnabled" : false
    } ]
  } ],
  "handlerName" : "datahub"
}