{
  "schemaVersion" : "10.7.0",
  "contextMappings" : [ {
    "clientApplication" : "desktop",
    "documentType" : "transaction",
    "mappings" : [ {
      "clientApplication" : "desktop",
      "documentType" : "transaction",
      "evaluateOrder" : 0,
      "event" : "edit",
      "mode" : "E",
      "templateUUID" : "e05ef349-fcb9-47e1-b0e3-211b9a445ccd",
      "toolbarEnabled" : true
    }, {
      "clientApplication" : "desktop",
      "documentType" : "transaction",
      "evaluateOrder" : 0,
      "event" : "inspect",
      "mode" : "V",
      "templateUUID" : "b9e4da8e-5770-4112-965f-0047df7e5177",
      "toolbarEnabled" : false
    }, {
      "clientApplication" : "desktop",
      "documentType" : "transaction",
      "evaluateOrder" : 0,
      "event" : "open",
      "mode" : "V",
      "templateUUID" : "e05ef349-fcb9-47e1-b0e3-211b9a445ccd",
      "toolbarEnabled" : true
    }, {
      "clientApplication" : "desktop",
      "documentType" : "transaction",
      "evaluateOrder" : 0,
      "event" : "summary",
      "mode" : "V",
      "templateUUID" : "365eeb59-e84c-4cee-a2ab-41a627379a31",
      "toolbarEnabled" : false
    } ]
  } ],
  "handlerName" : "datahub"
}