{
  "schemaVersion" : "10.7.0",
  "contextMappings" : [ {
    "clientApplication" : "desktop",
    "documentType" : "account_new",
    "mappings" : [ {
      "clientApplication" : "desktop",
      "documentType" : "account_new",
      "evaluateOrder" : 0,
      "event" : "edit",
      "mode" : "E",
      "templateUUID" : "aca1e96a-809c-4f7d-a8c7-575cd504a58f",
      "toolbarEnabled" : true
    }, {
      "clientApplication" : "desktop",
      "documentType" : "account_new",
      "evaluateOrder" : 0,
      "event" : "inspect",
      "mode" : "V",
      "templateUUID" : "83a64172-a4c1-40ef-8217-f2a74ecb7f24",
      "toolbarEnabled" : false
    }, {
      "clientApplication" : "desktop",
      "documentType" : "account_new",
      "evaluateOrder" : 0,
      "event" : "open",
      "mode" : "V",
      "templateUUID" : "aca1e96a-809c-4f7d-a8c7-575cd504a58f",
      "toolbarEnabled" : true
    }, {
      "clientApplication" : "desktop",
      "documentType" : "account_new",
      "evaluateOrder" : 0,
      "event" : "summary",
      "mode" : "V",
      "templateUUID" : "e591bb7e-5b88-4a1e-9af7-ea850582fdeb",
      "toolbarEnabled" : false
    } ]
  } ],
  "handlerName" : "datahub"
}