{
  "schemaVersion" : "10.7.0",
  "contextMappings" : [ {
    "clientApplication" : "desktop",
    "documentType" : "B_O",
    "mappings" : [ {
      "clientApplication" : "desktop",
      "documentType" : "B_O",
      "evaluateOrder" : 0,
      "event" : "create",
      "mode" : "C",
      "templateUUID" : "805f03e9-b08f-4e69-bc9e-4114c0f546db",
      "toolbarEnabled" : true
    }, {
      "clientApplication" : "desktop",
      "documentType" : "B_O",
      "evaluateOrder" : 0,
      "event" : "edit",
      "mode" : "E",
      "templateUUID" : "805f03e9-b08f-4e69-bc9e-4114c0f546db",
      "toolbarEnabled" : true
    }, {
      "clientApplication" : "desktop",
      "documentType" : "B_O",
      "evaluateOrder" : 0,
      "event" : "inspect",
      "mode" : "V",
      "templateUUID" : "805f03e9-b08f-4e69-bc9e-4114c0f546db",
      "toolbarEnabled" : false
    }, {
      "clientApplication" : "desktop",
      "documentType" : "B_O",
      "evaluateOrder" : 0,
      "event" : "open",
      "mode" : "V",
      "templateUUID" : "805f03e9-b08f-4e69-bc9e-4114c0f546db",
      "toolbarEnabled" : true
    }, {
      "clientApplication" : "desktop",
      "documentType" : "B_O",
      "evaluateOrder" : 0,
      "event" : "summary",
      "mode" : "V",
      "templateUUID" : "805f03e9-b08f-4e69-bc9e-4114c0f546db",
      "toolbarEnabled" : false
    } ]
  } ],
  "handlerName" : "datahub"
}