{
  "schemaVersion" : "10.7.0",
  "contextMappings" : [ {
    "clientApplication" : "desktop",
    "documentType" : "I_O",
    "mappings" : [ {
      "clientApplication" : "desktop",
      "documentType" : "I_O",
      "evaluateOrder" : 0,
      "event" : "create",
      "mode" : "C",
      "templateUUID" : "61f3134d-02a4-47de-880e-a99d7305aad4",
      "toolbarEnabled" : true
    }, {
      "clientApplication" : "desktop",
      "documentType" : "I_O",
      "evaluateOrder" : 0,
      "event" : "edit",
      "mode" : "E",
      "templateUUID" : "61f3134d-02a4-47de-880e-a99d7305aad4",
      "toolbarEnabled" : true
    }, {
      "clientApplication" : "desktop",
      "documentType" : "I_O",
      "evaluateOrder" : 0,
      "event" : "inspect",
      "mode" : "V",
      "templateUUID" : "61f3134d-02a4-47de-880e-a99d7305aad4",
      "toolbarEnabled" : false
    }, {
      "clientApplication" : "desktop",
      "documentType" : "I_O",
      "evaluateOrder" : 0,
      "event" : "open",
      "mode" : "V",
      "templateUUID" : "61f3134d-02a4-47de-880e-a99d7305aad4",
      "toolbarEnabled" : true
    }, {
      "clientApplication" : "desktop",
      "documentType" : "I_O",
      "evaluateOrder" : 0,
      "event" : "summary",
      "mode" : "V",
      "templateUUID" : "61f3134d-02a4-47de-880e-a99d7305aad4",
      "toolbarEnabled" : false
    } ]
  } ],
  "handlerName" : "datahub"
}