{
  "schemaVersion" : "10.7.0",
  "contextMappings" : [ {
    "clientApplication" : "desktop",
    "documentType" : "Company_Information",
    "mappings" : [ {
      "clientApplication" : "desktop",
      "documentType" : "Company_Information",
      "evaluateOrder" : 0,
      "event" : "create",
      "mode" : "C",
      "templateUUID" : "44848a03-52e1-4613-ac8c-d353f207c221",
      "toolbarEnabled" : true
    }, {
      "clientApplication" : "desktop",
      "documentType" : "Company_Information",
      "evaluateOrder" : 0,
      "event" : "edit",
      "mode" : "E",
      "templateUUID" : "44848a03-52e1-4613-ac8c-d353f207c221",
      "toolbarEnabled" : true
    }, {
      "clientApplication" : "desktop",
      "documentType" : "Company_Information",
      "evaluateOrder" : 0,
      "event" : "inspect",
      "mode" : "V",
      "templateUUID" : "44848a03-52e1-4613-ac8c-d353f207c221",
      "toolbarEnabled" : false
    }, {
      "clientApplication" : "desktop",
      "documentType" : "Company_Information",
      "evaluateOrder" : 0,
      "event" : "open",
      "mode" : "V",
      "templateUUID" : "44848a03-52e1-4613-ac8c-d353f207c221",
      "toolbarEnabled" : true
    }, {
      "clientApplication" : "desktop",
      "documentType" : "Company_Information",
      "evaluateOrder" : 0,
      "event" : "summary",
      "mode" : "V",
      "templateUUID" : "44848a03-52e1-4613-ac8c-d353f207c221",
      "toolbarEnabled" : false
    } ]
  } ],
  "handlerName" : "datahub"
}