{
  "schemaVersion" : "10.7.0",
  "contextMappings" : [ {
    "clientApplication" : "desktop",
    "documentType" : "ShareHolder_Details",
    "mappings" : [ {
      "clientApplication" : "desktop",
      "documentType" : "ShareHolder_Details",
      "evaluateOrder" : 0,
      "event" : "create",
      "mode" : "C",
      "templateUUID" : "67a3deee-549b-49d0-8853-44ca80865c6c",
      "toolbarEnabled" : true
    }, {
      "clientApplication" : "desktop",
      "documentType" : "ShareHolder_Details",
      "evaluateOrder" : 0,
      "event" : "edit",
      "mode" : "E",
      "templateUUID" : "67a3deee-549b-49d0-8853-44ca80865c6c",
      "toolbarEnabled" : true
    }, {
      "clientApplication" : "desktop",
      "documentType" : "ShareHolder_Details",
      "evaluateOrder" : 0,
      "event" : "inspect",
      "mode" : "V",
      "templateUUID" : "67a3deee-549b-49d0-8853-44ca80865c6c",
      "toolbarEnabled" : false
    }, {
      "clientApplication" : "desktop",
      "documentType" : "ShareHolder_Details",
      "evaluateOrder" : 0,
      "event" : "open",
      "mode" : "V",
      "templateUUID" : "67a3deee-549b-49d0-8853-44ca80865c6c",
      "toolbarEnabled" : true
    }, {
      "clientApplication" : "desktop",
      "documentType" : "ShareHolder_Details",
      "evaluateOrder" : 0,
      "event" : "summary",
      "mode" : "V",
      "templateUUID" : "67a3deee-549b-49d0-8853-44ca80865c6c",
      "toolbarEnabled" : false
    } ]
  } ],
  "handlerName" : "datahub"
}