{
  "schemaVersion" : "10.7.0",
  "contextMappings" : [ {
    "clientApplication" : "desktop",
    "documentType" : "alerts",
    "mappings" : [ {
      "clientApplication" : "desktop",
      "documentType" : "alerts",
      "evaluateOrder" : 0,
      "event" : "edit",
      "mode" : "E",
      "templateUUID" : "cfc8209f-67b5-453a-a43e-658ff5482911",
      "toolbarEnabled" : true
    }, {
      "clientApplication" : "desktop",
      "documentType" : "alerts",
      "evaluateOrder" : 0,
      "event" : "inspect",
      "mode" : "V",
      "templateUUID" : "cd6b4537-c715-440d-9ad6-c0ef82ca6d3a",
      "toolbarEnabled" : false
    }, {
      "clientApplication" : "desktop",
      "documentType" : "alerts",
      "evaluateOrder" : 0,
      "event" : "open",
      "mode" : "V",
      "templateUUID" : "cfc8209f-67b5-453a-a43e-658ff5482911",
      "toolbarEnabled" : true
    }, {
      "clientApplication" : "desktop",
      "documentType" : "alerts",
      "evaluateOrder" : 0,
      "event" : "summary",
      "mode" : "V",
      "templateUUID" : "a1c70d79-5a32-40ef-9cde-150cba5b5f71",
      "toolbarEnabled" : false
    }, {
      "clientApplication" : "desktop",
      "conditions" : {
        "type" : "equals",
        "field" : "alert_status_id",
        "value" : "CLOSED"
      },
      "documentType" : "alerts",
      "evaluateOrder" : 1,
      "event" : "edit",
      "mode" : "V",
      "templateUUID" : "cfc8209f-67b5-453a-a43e-658ff5482911",
      "toolbarEnabled" : true
    } ]
  } ],
  "handlerName" : "datahub"
}