{
  "schemaVersion" : "10.7.0",
  "contextMappings" : [ {
    "clientApplication" : "desktop",
    "documentType" : "customer",
    "mappings" : [ {
      "clientApplication" : "desktop",
      "documentType" : "customer",
      "evaluateOrder" : 0,
      "event" : "edit",
      "mode" : "E",
      "templateUUID" : "285112f0-dd9b-40ae-88bb-51eac8b5be90",
      "toolbarEnabled" : true
    }, {
      "clientApplication" : "desktop",
      "documentType" : "customer",
      "evaluateOrder" : 0,
      "event" : "inspect",
      "mode" : "V",
      "templateUUID" : "a5b2ebb8-c049-4f54-96f7-6f0b9c9928b0",
      "toolbarEnabled" : false
    }, {
      "clientApplication" : "desktop",
      "documentType" : "customer",
      "evaluateOrder" : 0,
      "event" : "open",
      "mode" : "V",
      "templateUUID" : "285112f0-dd9b-40ae-88bb-51eac8b5be90",
      "toolbarEnabled" : true
    }, {
      "clientApplication" : "desktop",
      "documentType" : "customer",
      "evaluateOrder" : 0,
      "event" : "summary",
      "mode" : "V",
      "templateUUID" : "f13107cb-0f42-4bed-9ca9-c3e0adee7cc3",
      "toolbarEnabled" : false
    } ]
  } ],
  "handlerName" : "datahub"
}