{
  "schemaVersion" : "10.7.0",
  "contextMappings" : [ {
    "clientApplication" : "desktop",
    "documentType" : "cus_address",
    "mappings" : [ {
      "clientApplication" : "desktop",
      "documentType" : "cus_address",
      "evaluateOrder" : 0,
      "event" : "edit",
      "mode" : "E",
      "templateUUID" : "126a8a29-ec15-4aba-9dcb-e46c32217252",
      "toolbarEnabled" : true
    }, {
      "clientApplication" : "desktop",
      "documentType" : "cus_address",
      "evaluateOrder" : 0,
      "event" : "inspect",
      "mode" : "V",
      "templateUUID" : "4ab397b0-6f6b-4c93-96d8-c06d227c847c",
      "toolbarEnabled" : false
    }, {
      "clientApplication" : "desktop",
      "documentType" : "cus_address",
      "evaluateOrder" : 0,
      "event" : "open",
      "mode" : "V",
      "templateUUID" : "126a8a29-ec15-4aba-9dcb-e46c32217252",
      "toolbarEnabled" : true
    }, {
      "clientApplication" : "desktop",
      "documentType" : "cus_address",
      "evaluateOrder" : 0,
      "event" : "summary",
      "mode" : "V",
      "templateUUID" : "a7903ed2-24a2-48c6-aaca-421296d02b33",
      "toolbarEnabled" : false
    } ]
  } ],
  "handlerName" : "datahub"
}