{
  "schemaVersion" : "10.7.0",
  "contextMappings" : [ {
    "clientApplication" : "mobile",
    "documentType" : "customer",
    "mappings" : [ {
      "clientApplication" : "mobile",
      "documentType" : "customer",
      "evaluateOrder" : 0,
      "event" : "edit",
      "mode" : "E",
      "templateUUID" : "dd2bbb98-bfd6-4031-8b7c-34036b19a2e1",
      "toolbarEnabled" : false
    }, {
      "clientApplication" : "mobile",
      "documentType" : "customer",
      "evaluateOrder" : 0,
      "event" : "open",
      "mode" : "V",
      "templateUUID" : "dd2bbb98-bfd6-4031-8b7c-34036b19a2e1",
      "toolbarEnabled" : false
    } ]
  } ],
  "handlerName" : "datahub"
}