{
  "schemaVersion" : "10.7.0",
  "contextMappings" : [ {
    "clientApplication" : "mobile",
    "documentType" : "transaction",
    "mappings" : [ {
      "clientApplication" : "mobile",
      "documentType" : "transaction",
      "evaluateOrder" : 0,
      "event" : "edit",
      "mode" : "E",
      "templateUUID" : "d99ac6b0-970f-4359-96f6-f8a3aacbf1a3",
      "toolbarEnabled" : false
    }, {
      "clientApplication" : "mobile",
      "documentType" : "transaction",
      "evaluateOrder" : 0,
      "event" : "open",
      "mode" : "V",
      "templateUUID" : "d99ac6b0-970f-4359-96f6-f8a3aacbf1a3",
      "toolbarEnabled" : false
    } ]
  } ],
  "handlerName" : "datahub"
}