{
  "schemaVersion" : "10.7.0",
  "contextMappings" : [ {
    "clientApplication" : "mobile",
    "documentType" : "cus_address",
    "mappings" : [ {
      "clientApplication" : "mobile",
      "documentType" : "cus_address",
      "evaluateOrder" : 0,
      "event" : "edit",
      "mode" : "E",
      "templateUUID" : "5c22df4d-b90c-4b68-881e-a6c9c3f76442",
      "toolbarEnabled" : false
    }, {
      "clientApplication" : "mobile",
      "documentType" : "cus_address",
      "evaluateOrder" : 0,
      "event" : "open",
      "mode" : "V",
      "templateUUID" : "5c22df4d-b90c-4b68-881e-a6c9c3f76442",
      "toolbarEnabled" : false
    } ]
  } ],
  "handlerName" : "datahub"
}