{
  "schemaVersion" : "10.7.0",
  "contextMappings" : [ {
    "clientApplication" : "mobile",
    "documentType" : "cus_phone",
    "mappings" : [ {
      "clientApplication" : "mobile",
      "documentType" : "cus_phone",
      "evaluateOrder" : 0,
      "event" : "edit",
      "mode" : "E",
      "templateUUID" : "214fe7d7-199e-4b42-b781-80d291c666e8",
      "toolbarEnabled" : false
    }, {
      "clientApplication" : "mobile",
      "documentType" : "cus_phone",
      "evaluateOrder" : 0,
      "event" : "open",
      "mode" : "V",
      "templateUUID" : "214fe7d7-199e-4b42-b781-80d291c666e8",
      "toolbarEnabled" : false
    } ]
  } ],
  "handlerName" : "datahub"
}