{
  "schemaVersion" : "10.7.0",
  "contextMappings" : [ {
    "clientApplication" : "mobile",
    "documentType" : "account_new",
    "mappings" : [ {
      "clientApplication" : "mobile",
      "documentType" : "account_new",
      "evaluateOrder" : 0,
      "event" : "edit",
      "mode" : "E",
      "templateUUID" : "8d999b95-b875-4f39-ac4f-4715834847c6",
      "toolbarEnabled" : false
    }, {
      "clientApplication" : "mobile",
      "documentType" : "account_new",
      "evaluateOrder" : 0,
      "event" : "open",
      "mode" : "V",
      "templateUUID" : "8d999b95-b875-4f39-ac4f-4715834847c6",
      "toolbarEnabled" : false
    } ]
  } ],
  "handlerName" : "datahub"
}