{
  "deferToParentFlag" : false,
  "dependencies" : [ {
    "contentType" : "application/vnd.sas.investigation.meta.entity",
    "id" : "alerting_activity"
  }, {
    "contentType" : "application/vnd.sas.investigation.meta.solution",
    "id" : "sas_visual_investigator_default"
  } ],
  "displayFlag" : true,
  "parentReference" : {
    "contentType" : "application/vnd.sas.investigation.meta.entity",
    "id" : "alerting_activity"
  },
  "payload" : [ {
    "rules" : [ {
      "conditionName" : "Visual Investigator Users",
      "group" : "sviusrs",
      "permissions" : {
        "create" : true,
        "read" : true,
        "update" : true,
        "delete" : true
      }
    } ]
  } ],
  "publishCode" : "OPEN",
  "reference" : {
    "contentType" : "application/vnd.sas.investigation.entity.rules",
    "id" : "alerting_activity"
  },
  "resourceCategoryLabelKey" : "svi.feature.els.category.label.txt",
  "resourceLabelKey" : "svi.feature.els.alerting_activity.label.txt",
  "resourceTypeLabelKey" : "svi.feature.els.type.txt",
  "solutionReference" : {
    "contentType" : "application/vnd.sas.investigation.meta.solution",
    "id" : "sas_visual_investigator_default"
  },
  "transportSchemaVersion" : 1
}