{
  "deferToParentFlag" : false,
  "dependencies" : [ {
    "contentType" : "application/vnd.sas.investigation.meta.entity",
    "id" : "alerts"
  }, {
    "contentType" : "application/vnd.sas.investigation.meta.solution",
    "id" : "sas_visual_investigator_default"
  } ],
  "displayFlag" : true,
  "parentReference" : {
    "contentType" : "application/vnd.sas.investigation.meta.entity",
    "id" : "alerts"
  },
  "payload" : [ {
    "rules" : [ {
      "group" : "cs_aml_administrator",
      "permissions" : {
        "create" : true,
        "read" : true,
        "update" : true,
        "delete" : true
      }
    } ]
  }, {
    "rules" : [ {
      "group" : "cs_aml_analyst",
      "permissions" : {
        "create" : true,
        "read" : true,
        "update" : false,
        "delete" : false
      }
    } ]
  }, {
    "rules" : [ {
      "group" : "cs_aml_auditor",
      "permissions" : {
        "create" : false,
        "read" : true,
        "update" : false,
        "delete" : false
      }
    } ]
  }, {
    "rules" : [ {
      "group" : "cs_aml_db_access",
      "permissions" : {
        "create" : false,
        "read" : false,
        "update" : false,
        "delete" : false
      }
    } ]
  }, {
    "rules" : [ {
      "group" : "cs_aml_employee_access",
      "permissions" : {
        "create" : false,
        "read" : false,
        "update" : false,
        "delete" : false
      }
    } ]
  }, {
    "rules" : [ {
      "group" : "cs_aml_investigator",
      "permissions" : {
        "create" : true,
        "read" : true,
        "update" : true,
        "delete" : false
      }
    } ]
  }, {
    "rules" : [ {
      "group" : "cs_aml_manager",
      "permissions" : {
        "create" : true,
        "read" : true,
        "update" : true,
        "delete" : true
      }
    } ]
  }, {
    "rules" : [ {
      "group" : "cs_aml_operations_manager",
      "permissions" : {
        "create" : true,
        "read" : true,
        "update" : true,
        "delete" : true
      }
    } ]
  }, {
    "rules" : [ {
      "group" : "cs_aml_qa_analyst",
      "permissions" : {
        "create" : false,
        "read" : true,
        "update" : false,
        "delete" : false
      }
    } ]
  }, {
    "rules" : [ {
      "group" : "cs_aml_scenario_administrator",
      "permissions" : {
        "create" : false,
        "read" : true,
        "update" : false,
        "delete" : false
      }
    } ]
  }, {
    "rules" : [ {
      "group" : "cs_aml_scenario_analyst",
      "permissions" : {
        "create" : false,
        "read" : true,
        "update" : false,
        "delete" : false
      }
    } ]
  }, {
    "rules" : [ {
      "group" : "cs_aml_tm_group",
      "permissions" : {
        "create" : false,
        "read" : false,
        "update" : false,
        "delete" : false
      }
    } ]
  }, {
    "rules" : [ {
      "conditionName" : "CDD Analyst for CDD Alert",
      "conditions" : {
        "type" : "equals",
        "field" : "domain_id",
        "value" : "crr_domain"
      },
      "group" : "cs_cdd_analyst",
      "permissions" : {
        "create" : true,
        "read" : true,
        "update" : true,
        "delete" : false
      }
    }, {
      "conditionName" : "CDD Analyst for TM Alert",
      "conditions" : {
        "type" : "equals",
        "field" : "domain_id",
        "value" : "tm_domain"
      },
      "group" : "cs_cdd_analyst",
      "permissions" : {
        "create" : true,
        "read" : true,
        "update" : false,
        "delete" : false
      }
    } ]
  }, {
    "rules" : [ {
      "group" : "cs_cdd_crr_group",
      "permissions" : {
        "create" : false,
        "read" : false,
        "update" : false,
        "delete" : false
      }
    } ]
  } ],
  "publishCode" : "OPEN",
  "reference" : {
    "contentType" : "application/vnd.sas.investigation.entity.rules",
    "id" : "alerts"
  },
  "resourceCategoryLabelKey" : "svi.feature.els.category.label.txt",
  "resourceLabelKey" : "svi.feature.els.alerts.label.txt",
  "resourceTypeLabelKey" : "svi.feature.els.type.txt",
  "solutionReference" : {
    "contentType" : "application/vnd.sas.investigation.meta.solution",
    "id" : "sas_visual_investigator_default"
  },
  "transportSchemaVersion" : 1
}