{
  "schemaVersion" : "10.7.0",
  "documents" : [ {
    "attachmentsIndexedForSearch" : false,
    "borderColor" : "#BFBFBF",
    "borderWidth" : 1,
    "createdAtTimeFieldName" : "created_at_dttm",
    "dataStoreAssignedTimeZone" : "Etc/UTC",
    "dataStoreDefaultSchemaName" : "fdhdata",
    "dataStoreName" : "DEFAULT_STORE",
    "defaultRegularIcon" : {
      "name" : "EntityObject_dkBlue"
    },
    "deleteTableName" : "Ve5XzEO1m8UFafylnNpp0t6fDhVJBu",
    "displayTextFields" : [ {
      "displayIndex" : 0,
      "name" : "Name"
    } ],
    "elementGroupRoot" : false,
    "enableCasDistributedDataLoad" : false,
    "fields" : [ {
      "autoGenerated" : false,
      "columnName" : "Cnt_Inc",
      "dataType" : "STRING",
      "displayIndex" : 6,
      "indexedForSearch" : true,
      "length" : 50,
      "localizedLabels" : [ {
        "label" : "Cnt Inc",
        "localeCd" : "en-US"
      } ],
      "name" : "Cnt_Inc",
      "primaryKeyField" : false,
      "readOnly" : false,
      "required" : false,
      "showTimeZone" : false,
      "systemReserved" : false,
      "unique" : false
    }, {
      "autoGenerated" : false,
      "columnName" : "Date_of_Birth",
      "dataType" : "DATE",
      "displayIndex" : 7,
      "indexedForSearch" : true,
      "localizedLabels" : [ {
        "label" : "Date Of Birth",
        "localeCd" : "en-US"
      } ],
      "name" : "Date_of_Birth",
      "primaryKeyField" : false,
      "readOnly" : false,
      "required" : false,
      "showTimeZone" : false,
      "systemReserved" : false,
      "unique" : false
    }, {
      "autoGenerated" : false,
      "columnName" : "Name",
      "dataType" : "STRING",
      "displayIndex" : 8,
      "indexedForSearch" : true,
      "length" : 100,
      "localizedLabels" : [ {
        "label" : "Name",
        "localeCd" : "en-US"
      } ],
      "name" : "Name",
      "primaryKeyField" : false,
      "readOnly" : false,
      "required" : false,
      "showTimeZone" : false,
      "systemReserved" : false,
      "unique" : false
    }, {
      "autoGenerated" : false,
      "columnName" : "Percent",
      "dataType" : "NUMERIC",
      "displayIndex" : 9,
      "indexedForSearch" : true,
      "localizedLabels" : [ {
        "label" : "Percent",
        "localeCd" : "en-US"
      } ],
      "name" : "Percent",
      "precision" : 3,
      "primaryKeyField" : false,
      "readOnly" : false,
      "required" : false,
      "showTimeZone" : false,
      "systemReserved" : false,
      "unique" : false
    }, {
      "autoGenerated" : false,
      "columnName" : "Shareholder_Type",
      "constrainingListName" : "Shareholder_Type",
      "dataType" : "REFERENCE_DATA",
      "displayIndex" : 10,
      "indexedForSearch" : true,
      "length" : 10,
      "localizedLabels" : [ {
        "label" : "Shareholder Type",
        "localeCd" : "en-US"
      } ],
      "name" : "Shareholder_Type",
      "primaryKeyField" : false,
      "readOnly" : false,
      "required" : false,
      "showTimeZone" : false,
      "systemReserved" : false,
      "unique" : false
    }, {
      "autoGenerated" : true,
      "columnName" : "b_o_id",
      "dataType" : "STRING",
      "displayIndex" : 0,
      "indexedForSearch" : true,
      "length" : 36,
      "localizedLabels" : [ {
        "label" : "B_O ID",
        "localeCd" : "en-US"
      } ],
      "name" : "b_o_id",
      "primaryKeyField" : true,
      "primaryKeySeqNo" : 1,
      "readOnly" : true,
      "required" : true,
      "showTimeZone" : false,
      "systemReserved" : true,
      "unique" : true
    }, {
      "autoGenerated" : false,
      "columnName" : "created_at_dttm",
      "dataType" : "TIMESTAMP",
      "displayIndex" : 3,
      "indexedForSearch" : true,
      "localizedLabels" : [ {
        "label" : "Date-Time Created",
        "localeCd" : "en-US"
      } ],
      "name" : "created_at_dttm",
      "primaryKeyField" : false,
      "readOnly" : true,
      "required" : false,
      "showTimeZone" : false,
      "systemReserved" : true,
      "unique" : false
    }, {
      "autoGenerated" : false,
      "columnName" : "created_by_user_id",
      "dataType" : "STRING",
      "displayIndex" : 1,
      "indexedForSearch" : true,
      "length" : 255,
      "localizedLabels" : [ {
        "label" : "Created By",
        "localeCd" : "en-US"
      } ],
      "name" : "created_by_user_id",
      "primaryKeyField" : false,
      "readOnly" : true,
      "required" : false,
      "showTimeZone" : false,
      "systemReserved" : true,
      "unique" : false
    }, {
      "autoGenerated" : false,
      "columnName" : "last_updated_at_dttm",
      "dataType" : "TIMESTAMP",
      "displayIndex" : 4,
      "indexedForSearch" : true,
      "localizedLabels" : [ {
        "label" : "Last Modified Date-Time",
        "localeCd" : "en-US"
      } ],
      "name" : "last_updated_at_dttm",
      "primaryKeyField" : false,
      "readOnly" : true,
      "required" : false,
      "showTimeZone" : false,
      "systemReserved" : true,
      "unique" : false
    }, {
      "autoGenerated" : false,
      "columnName" : "last_updated_by_user_id",
      "dataType" : "STRING",
      "displayIndex" : 2,
      "indexedForSearch" : true,
      "length" : 255,
      "localizedLabels" : [ {
        "label" : "Last Modified By",
        "localeCd" : "en-US"
      } ],
      "name" : "last_updated_by_user_id",
      "primaryKeyField" : false,
      "readOnly" : true,
      "required" : false,
      "showTimeZone" : false,
      "systemReserved" : true,
      "unique" : false
    }, {
      "autoGenerated" : false,
      "columnName" : "version",
      "dataType" : "LONG",
      "displayIndex" : 5,
      "indexedForSearch" : true,
      "localizedLabels" : [ {
        "label" : "Version",
        "localeCd" : "en-US"
      } ],
      "name" : "version",
      "primaryKeyField" : false,
      "readOnly" : true,
      "required" : true,
      "showTimeZone" : false,
      "systemReserved" : true,
      "unique" : false
    } ],
    "historyEnabled" : false,
    "indexedForSearch" : true,
    "lastUpdatedAtTimeFieldName" : "last_updated_at_dttm",
    "localizedLabels" : [ {
      "label" : "B_O",
      "localeCd" : "en-US"
    } ],
    "markerColor" : "#00517F",
    "mobileOfflineEnabled" : false,
    "name" : "B_O",
    "nodeColor" : "#FFFFFF",
    "nodeDecoration" : { },
    "nodeShape" : "square",
    "readOnly" : false,
    "reindexRequired" : false,
    "requireSearchBeforeCreate" : false,
    "scale" : 1,
    "systemReserved" : false,
    "tableName" : "B_O",
    "type" : "MANAGED",
    "urnFormat" : "{ID}",
    "urnStartValue" : 1,
    "urnType" : "SEQUENTIAL"
  } ],
  "handlerName" : "datahub"
}