{
  "schemaVersion" : "10.7.0",
  "documents" : [ {
    "attachmentsIndexedForSearch" : false,
    "borderColor" : "#BFBFBF",
    "borderWidth" : 1,
    "dataStoreAssignedTimeZone" : "Etc/UTC",
    "dataStoreDefaultSchemaName" : "fdhdata",
    "dataStoreName" : "DEFAULT_STORE",
    "displayTextFields" : [ {
      "displayIndex" : 0,
      "name" : "board_member_details_id"
    } ],
    "elementGroupRoot" : false,
    "enableCasDistributedDataLoad" : false,
    "fields" : [ {
      "autoGenerated" : false,
      "columnName" : "Case_ID",
      "dataType" : "STRING",
      "displayIndex" : 8,
      "indexedForSearch" : true,
      "length" : 20,
      "localizedLabels" : [ {
        "label" : "Case ID",
        "localeCd" : "en-US"
      } ],
      "name" : "Case_ID",
      "primaryKeyField" : false,
      "readOnly" : false,
      "required" : false,
      "showTimeZone" : false,
      "systemReserved" : false,
      "unique" : false
    }, {
      "autoGenerated" : false,
      "columnName" : "Date_of_Birth",
      "dataType" : "DATE",
      "displayIndex" : 6,
      "indexedForSearch" : true,
      "localizedLabels" : [ {
        "label" : "Date Of Birth",
        "localeCd" : "en-US"
      } ],
      "name" : "Date_of_Birth",
      "primaryKeyField" : false,
      "readOnly" : false,
      "required" : false,
      "showTimeZone" : false,
      "systemReserved" : false,
      "unique" : false
    }, {
      "autoGenerated" : false,
      "columnName" : "ID_No",
      "dataType" : "STRING",
      "displayIndex" : 5,
      "indexedForSearch" : true,
      "length" : 20,
      "localizedLabels" : [ {
        "label" : "ID No",
        "localeCd" : "en-US"
      } ],
      "name" : "ID_No",
      "primaryKeyField" : false,
      "readOnly" : false,
      "required" : false,
      "showTimeZone" : false,
      "systemReserved" : false,
      "unique" : false
    }, {
      "autoGenerated" : false,
      "columnName" : "Name",
      "dataType" : "STRING",
      "displayIndex" : 2,
      "indexedForSearch" : true,
      "length" : 20,
      "localizedLabels" : [ {
        "label" : "Name",
        "localeCd" : "en-US"
      } ],
      "name" : "Name",
      "primaryKeyField" : false,
      "readOnly" : false,
      "required" : false,
      "showTimeZone" : false,
      "systemReserved" : false,
      "unique" : false
    }, {
      "autoGenerated" : false,
      "columnName" : "PEP",
      "constrainingListName" : "PEP_Board",
      "dataType" : "REFERENCE_DATA",
      "displayIndex" : 3,
      "indexedForSearch" : true,
      "length" : 10,
      "localizedLabels" : [ {
        "label" : "Pep",
        "localeCd" : "en-US"
      } ],
      "name" : "PEP",
      "primaryKeyField" : false,
      "readOnly" : false,
      "required" : false,
      "showTimeZone" : false,
      "systemReserved" : false,
      "unique" : false
    }, {
      "autoGenerated" : false,
      "columnName" : "Res_Address_Country",
      "constrainingListName" : "Country_Of_PR_Board",
      "dataType" : "REFERENCE_DATA",
      "displayIndex" : 4,
      "indexedForSearch" : true,
      "length" : 10,
      "localizedLabels" : [ {
        "label" : "Res Address Country",
        "localeCd" : "en-US"
      } ],
      "name" : "Res_Address_Country",
      "primaryKeyField" : false,
      "readOnly" : false,
      "required" : false,
      "showTimeZone" : false,
      "systemReserved" : false,
      "unique" : false
    }, {
      "autoGenerated" : false,
      "columnName" : "Title",
      "dataType" : "STRING",
      "displayIndex" : 7,
      "indexedForSearch" : true,
      "length" : 20,
      "localizedLabels" : [ {
        "label" : "Title",
        "localeCd" : "en-US"
      } ],
      "name" : "Title",
      "primaryKeyField" : false,
      "readOnly" : false,
      "required" : false,
      "showTimeZone" : false,
      "systemReserved" : false,
      "unique" : false
    }, {
      "autoGenerated" : true,
      "columnName" : "board_member_details_id",
      "dataType" : "STRING",
      "displayIndex" : 0,
      "indexedForSearch" : true,
      "length" : 36,
      "localizedLabels" : [ {
        "label" : "Board_Member_Details ID",
        "localeCd" : "en-US"
      } ],
      "name" : "board_member_details_id",
      "primaryKeyField" : true,
      "primaryKeySeqNo" : 1,
      "readOnly" : true,
      "required" : true,
      "showTimeZone" : false,
      "systemReserved" : true,
      "unique" : true
    }, {
      "autoGenerated" : false,
      "columnName" : "company_information_id",
      "dataType" : "STRING",
      "displayIndex" : 1,
      "indexedForSearch" : true,
      "length" : 36,
      "localizedLabels" : [ {
        "label" : "Company_Information ID",
        "localeCd" : "en-US"
      } ],
      "name" : "company_information_id",
      "primaryKeyField" : false,
      "primaryKeySeqNo" : 1,
      "readOnly" : false,
      "required" : true,
      "showTimeZone" : false,
      "systemReserved" : true,
      "unique" : false
    } ],
    "historyEnabled" : false,
    "indexedForSearch" : true,
    "localizedLabels" : [ {
      "label" : "Board Member Details",
      "localeCd" : "en-US"
    } ],
    "markerColor" : "#00517F",
    "mobileOfflineEnabled" : false,
    "name" : "Board_Member_Details",
    "nodeColor" : "#FFFFFF",
    "nodeDecoration" : { },
    "nodeShape" : "square",
    "readOnly" : false,
    "reindexRequired" : false,
    "relationshipsTo" : [ {
      "cardinality" : "ONE_TO_MANY",
      "cascadeType" : "NONE",
      "fromObjectLabel" : "Master_Entity",
      "fromObjectName" : "Company_Information",
      "historyEnabled" : false,
      "joinConditions" : [ {
        "type" : "Conditional",
        "leftOperand" : {
          "type" : "FieldRef",
          "objectName" : "Company_Information",
          "fieldName" : "company_information_id"
        },
        "rightOperands" : [ {
          "type" : "FieldRef",
          "objectName" : "Board_Member_Details",
          "fieldName" : "company_information_id"
        } ],
        "operator" : "EQ"
      } ],
      "localizedLabels" : [ {
        "label" : "Board_Member_Details",
        "localeCd" : "en-US"
      } ],
      "localizedReverseLabels" : [ {
        "label" : "Company_Information",
        "localeCd" : "en-US"
      } ],
      "managed" : true,
      "name" : "Board_Member_Details",
      "qualifiedName" : "Company_Information__Board_Member_Details",
      "readOnly" : false,
      "reindexRequired" : false,
      "required" : false,
      "reverseName" : "Company_Information",
      "symmetric" : false,
      "systemReserved" : false,
      "toObjectLabel" : "Board Member Details",
      "toObjectName" : "Board_Member_Details",
      "type" : "DIRECT_CHILD",
      "useCustomIndex" : false
    } ],
    "requireSearchBeforeCreate" : false,
    "scale" : 1,
    "systemReserved" : false,
    "tableName" : "Board_Member_Details",
    "type" : "MANAGED"
  } ],
  "handlerName" : "datahub"
}