{
  "schemaVersion" : "10.7.0",
  "documents" : [ {
    "attachmentsIndexedForSearch" : false,
    "borderColor" : "#BFBFBF",
    "borderWidth" : 1,
    "createdAtTimeFieldName" : "created_at_dttm",
    "dataStoreAssignedTimeZone" : "Etc/UTC",
    "dataStoreDefaultSchemaName" : "fdhdata",
    "dataStoreName" : "DEFAULT_STORE",
    "defaultRegularIcon" : {
      "name" : "Referral16Yellow"
    },
    "deleteTableName" : "VEjYtQqp7u8pCjLuNGX5qZzldNcmr6",
    "displayTextFields" : [ {
      "displayIndex" : 0,
      "name" : "case_id"
    } ],
    "elementGroupRoot" : false,
    "enableCasDistributedDataLoad" : false,
    "fields" : [ {
      "autoGenerated" : false,
      "columnName" : "attempted_fraud_amount",
      "dataType" : "NUMERIC",
      "displayIndex" : 9,
      "indexedForSearch" : true,
      "localizedLabels" : [ {
        "label" : "Attempted Fraud Amount",
        "localeCd" : "en-US"
      } ],
      "name" : "attempted_fraud_amount",
      "primaryKeyField" : false,
      "readOnly" : false,
      "required" : false,
      "showTimeZone" : false,
      "systemReserved" : false,
      "unique" : false
    }, {
      "autoGenerated" : false,
      "columnName" : "case_action",
      "constrainingListName" : "case_action",
      "dataType" : "REFERENCE_DATA",
      "displayIndex" : 17,
      "indexedForSearch" : true,
      "length" : 10,
      "localizedLabels" : [ {
        "label" : "Case Action",
        "localeCd" : "en-US"
      } ],
      "name" : "case_action",
      "primaryKeyField" : false,
      "readOnly" : false,
      "required" : false,
      "showTimeZone" : false,
      "systemReserved" : false,
      "unique" : false
    }, {
      "allowMultipleSelections" : true,
      "autoGenerated" : false,
      "columnName" : "case_admin",
      "dataType" : "USER_GROUP",
      "displayIndex" : 15,
      "indexedForSearch" : true,
      "length" : 4000,
      "localizedLabels" : [ {
        "label" : "Case Admin",
        "localeCd" : "en-US"
      } ],
      "name" : "case_admin",
      "primaryKeyField" : false,
      "readOnly" : false,
      "required" : false,
      "showTimeZone" : false,
      "systemReserved" : false,
      "unique" : false,
      "userSelectionStrategy" : "USERS"
    }, {
      "allowMultipleSelections" : true,
      "autoGenerated" : false,
      "columnName" : "case_approver",
      "dataType" : "USER_GROUP",
      "displayIndex" : 13,
      "indexedForSearch" : true,
      "length" : 4000,
      "localizedLabels" : [ {
        "label" : "Case Approver",
        "localeCd" : "en-US"
      } ],
      "name" : "case_approver",
      "primaryKeyField" : false,
      "readOnly" : false,
      "required" : false,
      "showTimeZone" : false,
      "systemReserved" : false,
      "unique" : false,
      "userSelectionStrategy" : "USERS"
    }, {
      "autoGenerated" : false,
      "columnName" : "case_close_date",
      "dataType" : "DATE",
      "displayIndex" : 8,
      "indexedForSearch" : true,
      "localizedLabels" : [ {
        "label" : "Case Close Date",
        "localeCd" : "en-US"
      } ],
      "name" : "case_close_date",
      "primaryKeyField" : false,
      "readOnly" : false,
      "required" : false,
      "showTimeZone" : false,
      "systemReserved" : false,
      "unique" : false
    }, {
      "autoGenerated" : false,
      "columnName" : "case_description",
      "dataType" : "STRING",
      "displayIndex" : 6,
      "indexedForSearch" : true,
      "length" : 100,
      "localizedLabels" : [ {
        "label" : "Case Description",
        "localeCd" : "en-US"
      } ],
      "name" : "case_description",
      "primaryKeyField" : false,
      "readOnly" : false,
      "required" : false,
      "showTimeZone" : false,
      "systemReserved" : false,
      "unique" : false
    }, {
      "autoGenerated" : true,
      "columnName" : "case_id",
      "dataType" : "STRING",
      "displayIndex" : 0,
      "indexedForSearch" : true,
      "length" : 36,
      "localizedLabels" : [ {
        "label" : "case ID",
        "localeCd" : "en-US"
      } ],
      "name" : "case_id",
      "primaryKeyField" : true,
      "primaryKeySeqNo" : 1,
      "readOnly" : true,
      "required" : true,
      "showTimeZone" : false,
      "systemReserved" : true,
      "unique" : true
    }, {
      "allowMultipleSelections" : true,
      "autoGenerated" : false,
      "columnName" : "case_investigator",
      "dataType" : "USER_GROUP",
      "displayIndex" : 12,
      "indexedForSearch" : true,
      "length" : 4000,
      "localizedLabels" : [ {
        "label" : "Case Investigator",
        "localeCd" : "en-US"
      } ],
      "name" : "case_investigator",
      "primaryKeyField" : false,
      "readOnly" : false,
      "required" : false,
      "showTimeZone" : false,
      "systemReserved" : false,
      "unique" : false,
      "userSelectionStrategy" : "USERS"
    }, {
      "allowMultipleSelections" : true,
      "autoGenerated" : false,
      "columnName" : "case_reviewer",
      "dataType" : "USER_GROUP",
      "displayIndex" : 14,
      "indexedForSearch" : true,
      "length" : 4000,
      "localizedLabels" : [ {
        "label" : "Case Reviewer",
        "localeCd" : "en-US"
      } ],
      "name" : "case_reviewer",
      "primaryKeyField" : false,
      "readOnly" : false,
      "required" : false,
      "showTimeZone" : false,
      "systemReserved" : false,
      "unique" : false,
      "userSelectionStrategy" : "USERS"
    }, {
      "autoGenerated" : false,
      "columnName" : "case_start_date",
      "dataType" : "DATE",
      "displayIndex" : 7,
      "indexedForSearch" : true,
      "localizedLabels" : [ {
        "label" : "Case Start Date",
        "localeCd" : "en-US"
      } ],
      "name" : "case_start_date",
      "primaryKeyField" : false,
      "readOnly" : false,
      "required" : false,
      "showTimeZone" : false,
      "systemReserved" : false,
      "unique" : false
    }, {
      "autoGenerated" : false,
      "columnName" : "case_status",
      "constrainingListName" : "wf_case_status",
      "dataType" : "REFERENCE_DATA",
      "displayIndex" : 16,
      "indexedForSearch" : true,
      "length" : 10,
      "localizedLabels" : [ {
        "label" : "Case Status",
        "localeCd" : "en-US"
      } ],
      "name" : "case_status",
      "primaryKeyField" : false,
      "readOnly" : false,
      "required" : false,
      "showTimeZone" : false,
      "systemReserved" : false,
      "unique" : false
    }, {
      "autoGenerated" : false,
      "columnName" : "case_type",
      "constrainingListName" : "case_type",
      "dataType" : "REFERENCE_DATA",
      "displayIndex" : 18,
      "indexedForSearch" : true,
      "length" : 10,
      "localizedLabels" : [ {
        "label" : "Case Type",
        "localeCd" : "en-US"
      } ],
      "name" : "case_type",
      "primaryKeyField" : false,
      "readOnly" : false,
      "required" : false,
      "showTimeZone" : false,
      "systemReserved" : false,
      "unique" : false
    }, {
      "autoGenerated" : false,
      "columnName" : "created_at_dttm",
      "dataType" : "TIMESTAMP",
      "displayIndex" : 3,
      "indexedForSearch" : true,
      "localizedLabels" : [ {
        "label" : "Date-Time Created",
        "localeCd" : "en-US"
      } ],
      "name" : "created_at_dttm",
      "primaryKeyField" : false,
      "readOnly" : true,
      "required" : false,
      "showTimeZone" : false,
      "systemReserved" : true,
      "unique" : false
    }, {
      "autoGenerated" : false,
      "columnName" : "created_by_user_id",
      "dataType" : "STRING",
      "displayIndex" : 1,
      "indexedForSearch" : true,
      "length" : 255,
      "localizedLabels" : [ {
        "label" : "Created By",
        "localeCd" : "en-US"
      } ],
      "name" : "created_by_user_id",
      "primaryKeyField" : false,
      "readOnly" : true,
      "required" : false,
      "showTimeZone" : false,
      "systemReserved" : true,
      "unique" : false
    }, {
      "autoGenerated" : false,
      "columnName" : "fraud_amount_recovered",
      "dataType" : "NUMERIC",
      "displayIndex" : 10,
      "indexedForSearch" : true,
      "localizedLabels" : [ {
        "label" : "Fraud Amount Recovered",
        "localeCd" : "en-US"
      } ],
      "name" : "fraud_amount_recovered",
      "primaryKeyField" : false,
      "readOnly" : false,
      "required" : false,
      "showTimeZone" : false,
      "systemReserved" : false,
      "unique" : false
    }, {
      "autoGenerated" : false,
      "columnName" : "last_updated_at_dttm",
      "dataType" : "TIMESTAMP",
      "displayIndex" : 4,
      "indexedForSearch" : true,
      "localizedLabels" : [ {
        "label" : "Last Modified Date-Time",
        "localeCd" : "en-US"
      } ],
      "name" : "last_updated_at_dttm",
      "primaryKeyField" : false,
      "readOnly" : true,
      "required" : false,
      "showTimeZone" : false,
      "systemReserved" : true,
      "unique" : false
    }, {
      "autoGenerated" : false,
      "columnName" : "last_updated_by_user_id",
      "dataType" : "STRING",
      "displayIndex" : 2,
      "indexedForSearch" : true,
      "length" : 255,
      "localizedLabels" : [ {
        "label" : "Last Modified By",
        "localeCd" : "en-US"
      } ],
      "name" : "last_updated_by_user_id",
      "primaryKeyField" : false,
      "readOnly" : true,
      "required" : false,
      "showTimeZone" : false,
      "systemReserved" : true,
      "unique" : false
    }, {
      "autoGenerated" : false,
      "columnName" : "successful_fraud_amount",
      "dataType" : "NUMERIC",
      "displayIndex" : 11,
      "indexedForSearch" : true,
      "localizedLabels" : [ {
        "label" : "Successful Fraud Amount",
        "localeCd" : "en-US"
      } ],
      "name" : "successful_fraud_amount",
      "primaryKeyField" : false,
      "readOnly" : false,
      "required" : false,
      "showTimeZone" : false,
      "systemReserved" : false,
      "unique" : false
    }, {
      "autoGenerated" : false,
      "columnName" : "version",
      "dataType" : "LONG",
      "displayIndex" : 5,
      "indexedForSearch" : true,
      "localizedLabels" : [ {
        "label" : "Version",
        "localeCd" : "en-US"
      } ],
      "name" : "version",
      "primaryKeyField" : false,
      "readOnly" : true,
      "required" : true,
      "showTimeZone" : false,
      "systemReserved" : true,
      "unique" : false
    } ],
    "historyEnabled" : false,
    "indexedForSearch" : true,
    "lastUpdatedAtTimeFieldName" : "last_updated_at_dttm",
    "localizedLabels" : [ {
      "label" : "Case",
      "localeCd" : "en-US"
    } ],
    "markerColor" : "#b18d00",
    "mobileOfflineEnabled" : false,
    "name" : "case",
    "nodeColor" : "#FFFFFF",
    "nodeDecoration" : { },
    "nodeShape" : "square",
    "readOnly" : false,
    "reindexRequired" : false,
    "requireSearchBeforeCreate" : false,
    "scale" : 1,
    "systemReserved" : false,
    "tableName" : "case",
    "type" : "MANAGED",
    "urnFormat" : "CASE{ID}",
    "urnStartValue" : 1,
    "urnType" : "SEQUENTIAL"
  } ],
  "handlerName" : "datahub"
}