{
  "schemaVersion" : "10.7.0",
  "documents" : [ {
    "attachmentsIndexedForSearch" : false,
    "borderColor" : "#BFBFBF",
    "borderWidth" : 1,
    "dataStoreAssignedTimeZone" : "Etc/UTC",
    "dataStoreDefaultSchemaName" : "fdhdata",
    "dataStoreName" : "DEFAULT_STORE",
    "displayTextFields" : [ {
      "displayIndex" : 0,
      "name" : "company_contact_det_id"
    } ],
    "elementGroupRoot" : false,
    "enableCasDistributedDataLoad" : false,
    "fields" : [ {
      "autoGenerated" : false,
      "columnName" : "Additional_Number",
      "dataType" : "STRING",
      "displayIndex" : 15,
      "indexedForSearch" : true,
      "length" : 20,
      "localizedLabels" : [ {
        "label" : "Additional Number",
        "localeCd" : "en-US"
      } ],
      "name" : "Additional_Number",
      "primaryKeyField" : false,
      "readOnly" : false,
      "required" : false,
      "showTimeZone" : false,
      "systemReserved" : false,
      "unique" : false
    }, {
      "autoGenerated" : false,
      "columnName" : "Address_Old",
      "dataType" : "STRING",
      "displayIndex" : 3,
      "indexedForSearch" : true,
      "length" : 20,
      "localizedLabels" : [ {
        "label" : "Address Old",
        "localeCd" : "en-US"
      } ],
      "name" : "Address_Old",
      "primaryKeyField" : false,
      "readOnly" : false,
      "required" : false,
      "showTimeZone" : false,
      "systemReserved" : false,
      "unique" : false
    }, {
      "autoGenerated" : false,
      "columnName" : "Apartment_No",
      "dataType" : "STRING",
      "displayIndex" : 4,
      "indexedForSearch" : true,
      "length" : 20,
      "localizedLabels" : [ {
        "label" : "Apartment No",
        "localeCd" : "en-US"
      } ],
      "name" : "Apartment_No",
      "primaryKeyField" : false,
      "readOnly" : false,
      "required" : false,
      "showTimeZone" : false,
      "systemReserved" : false,
      "unique" : false
    }, {
      "autoGenerated" : false,
      "columnName" : "Area_Name",
      "dataType" : "STRING",
      "displayIndex" : 5,
      "indexedForSearch" : true,
      "length" : 20,
      "localizedLabels" : [ {
        "label" : "Area Name",
        "localeCd" : "en-US"
      } ],
      "name" : "Area_Name",
      "primaryKeyField" : false,
      "readOnly" : false,
      "required" : false,
      "showTimeZone" : false,
      "systemReserved" : false,
      "unique" : false
    }, {
      "autoGenerated" : false,
      "columnName" : "Bussiness_Fax",
      "dataType" : "STRING",
      "displayIndex" : 14,
      "indexedForSearch" : true,
      "length" : 20,
      "localizedLabels" : [ {
        "label" : "Bussiness Fax",
        "localeCd" : "en-US"
      } ],
      "name" : "Bussiness_Fax",
      "primaryKeyField" : false,
      "readOnly" : false,
      "required" : false,
      "showTimeZone" : false,
      "systemReserved" : false,
      "unique" : false
    }, {
      "autoGenerated" : false,
      "columnName" : "CaseID",
      "dataType" : "STRING",
      "displayIndex" : 2,
      "indexedForSearch" : true,
      "length" : 20,
      "localizedLabels" : [ {
        "label" : "CaseID",
        "localeCd" : "en-US"
      } ],
      "name" : "CaseID",
      "primaryKeyField" : false,
      "readOnly" : false,
      "required" : false,
      "showTimeZone" : false,
      "systemReserved" : false,
      "unique" : false
    }, {
      "autoGenerated" : false,
      "columnName" : "City_Name",
      "constrainingListName" : "City_Name",
      "dataType" : "REFERENCE_DATA",
      "displayIndex" : 6,
      "indexedForSearch" : true,
      "length" : 10,
      "localizedLabels" : [ {
        "label" : "City Name",
        "localeCd" : "en-US"
      } ],
      "name" : "City_Name",
      "primaryKeyField" : false,
      "readOnly" : false,
      "required" : false,
      "showTimeZone" : false,
      "systemReserved" : false,
      "unique" : false
    }, {
      "autoGenerated" : false,
      "columnName" : "Contact_Name",
      "dataType" : "STRING",
      "displayIndex" : 12,
      "indexedForSearch" : true,
      "length" : 20,
      "localizedLabels" : [ {
        "label" : "Contact Name",
        "localeCd" : "en-US"
      } ],
      "name" : "Contact_Name",
      "primaryKeyField" : false,
      "readOnly" : false,
      "required" : false,
      "showTimeZone" : false,
      "systemReserved" : false,
      "unique" : false
    }, {
      "autoGenerated" : false,
      "columnName" : "Contact_Title",
      "dataType" : "STRING",
      "displayIndex" : 13,
      "indexedForSearch" : true,
      "length" : 20,
      "localizedLabels" : [ {
        "label" : "Contact Title",
        "localeCd" : "en-US"
      } ],
      "name" : "Contact_Title",
      "primaryKeyField" : false,
      "readOnly" : false,
      "required" : false,
      "showTimeZone" : false,
      "systemReserved" : false,
      "unique" : false
    }, {
      "autoGenerated" : false,
      "columnName" : "Country_Name",
      "constrainingListName" : "Country",
      "dataType" : "REFERENCE_DATA",
      "displayIndex" : 7,
      "indexedForSearch" : true,
      "length" : 10,
      "localizedLabels" : [ {
        "label" : "Country Name",
        "localeCd" : "en-US"
      } ],
      "name" : "Country_Name",
      "primaryKeyField" : false,
      "readOnly" : false,
      "required" : false,
      "showTimeZone" : false,
      "systemReserved" : false,
      "unique" : false
    }, {
      "autoGenerated" : false,
      "columnName" : "Email_Address",
      "dataType" : "STRING",
      "displayIndex" : 8,
      "indexedForSearch" : true,
      "length" : 20,
      "localizedLabels" : [ {
        "label" : "Email Address",
        "localeCd" : "en-US"
      } ],
      "name" : "Email_Address",
      "primaryKeyField" : false,
      "readOnly" : false,
      "required" : false,
      "showTimeZone" : false,
      "systemReserved" : false,
      "unique" : false
    }, {
      "autoGenerated" : false,
      "columnName" : "Mobile_No",
      "dataType" : "INTEGER",
      "displayIndex" : 9,
      "indexedForSearch" : true,
      "localizedLabels" : [ {
        "label" : "Mobile No",
        "localeCd" : "en-US"
      } ],
      "name" : "Mobile_No",
      "primaryKeyField" : false,
      "readOnly" : false,
      "required" : false,
      "showTimeZone" : false,
      "systemReserved" : false,
      "unique" : false
    }, {
      "autoGenerated" : false,
      "columnName" : "PO_Box_Number",
      "dataType" : "STRING",
      "displayIndex" : 16,
      "indexedForSearch" : true,
      "length" : 20,
      "localizedLabels" : [ {
        "label" : "PO Box Number",
        "localeCd" : "en-US"
      } ],
      "name" : "PO_Box_Number",
      "primaryKeyField" : false,
      "readOnly" : false,
      "required" : false,
      "showTimeZone" : false,
      "systemReserved" : false,
      "unique" : false
    }, {
      "autoGenerated" : false,
      "columnName" : "Phone_Number",
      "dataType" : "STRING",
      "displayIndex" : 19,
      "indexedForSearch" : true,
      "length" : 20,
      "localizedLabels" : [ {
        "label" : "Phone Number",
        "localeCd" : "en-US"
      } ],
      "name" : "Phone_Number",
      "primaryKeyField" : false,
      "readOnly" : false,
      "required" : false,
      "showTimeZone" : false,
      "systemReserved" : false,
      "unique" : false
    }, {
      "autoGenerated" : false,
      "columnName" : "Postal_Code",
      "dataType" : "STRING",
      "displayIndex" : 10,
      "indexedForSearch" : true,
      "length" : 20,
      "localizedLabels" : [ {
        "label" : "Postal Code",
        "localeCd" : "en-US"
      } ],
      "name" : "Postal_Code",
      "primaryKeyField" : false,
      "readOnly" : false,
      "required" : false,
      "showTimeZone" : false,
      "systemReserved" : false,
      "unique" : false
    }, {
      "autoGenerated" : false,
      "columnName" : "Street_Name",
      "dataType" : "STRING",
      "displayIndex" : 18,
      "indexedForSearch" : true,
      "length" : 20,
      "localizedLabels" : [ {
        "label" : "Street Name",
        "localeCd" : "en-US"
      } ],
      "name" : "Street_Name",
      "primaryKeyField" : false,
      "readOnly" : false,
      "required" : false,
      "showTimeZone" : false,
      "systemReserved" : false,
      "unique" : false
    }, {
      "autoGenerated" : false,
      "columnName" : "Unit_Number",
      "dataType" : "STRING",
      "displayIndex" : 17,
      "indexedForSearch" : true,
      "length" : 20,
      "localizedLabels" : [ {
        "label" : "Unit Number",
        "localeCd" : "en-US"
      } ],
      "name" : "Unit_Number",
      "primaryKeyField" : false,
      "readOnly" : false,
      "required" : false,
      "showTimeZone" : false,
      "systemReserved" : false,
      "unique" : false
    }, {
      "autoGenerated" : false,
      "columnName" : "Website",
      "dataType" : "STRING",
      "displayIndex" : 11,
      "indexedForSearch" : true,
      "length" : 20,
      "localizedLabels" : [ {
        "label" : "Website",
        "localeCd" : "en-US"
      } ],
      "name" : "Website",
      "primaryKeyField" : false,
      "readOnly" : false,
      "required" : false,
      "showTimeZone" : false,
      "systemReserved" : false,
      "unique" : false
    }, {
      "autoGenerated" : true,
      "columnName" : "company_contact_det_id",
      "dataType" : "STRING",
      "displayIndex" : 0,
      "indexedForSearch" : true,
      "length" : 36,
      "localizedLabels" : [ {
        "label" : "Company_Contact_Det ID",
        "localeCd" : "en-US"
      } ],
      "name" : "company_contact_det_id",
      "primaryKeyField" : true,
      "primaryKeySeqNo" : 1,
      "readOnly" : true,
      "required" : true,
      "showTimeZone" : false,
      "systemReserved" : true,
      "unique" : true
    }, {
      "autoGenerated" : false,
      "columnName" : "company_information_id",
      "dataType" : "STRING",
      "displayIndex" : 1,
      "indexedForSearch" : true,
      "length" : 36,
      "localizedLabels" : [ {
        "label" : "Company_Information ID",
        "localeCd" : "en-US"
      } ],
      "name" : "company_information_id",
      "primaryKeyField" : false,
      "primaryKeySeqNo" : 1,
      "readOnly" : false,
      "required" : true,
      "showTimeZone" : false,
      "systemReserved" : true,
      "unique" : false
    } ],
    "historyEnabled" : false,
    "indexedForSearch" : true,
    "localizedLabels" : [ {
      "label" : "Company Contact Details",
      "localeCd" : "en-US"
    } ],
    "markerColor" : "#00517F",
    "mobileOfflineEnabled" : false,
    "name" : "Company_Contact_Det",
    "nodeColor" : "#FFFFFF",
    "nodeDecoration" : { },
    "nodeShape" : "square",
    "readOnly" : false,
    "reindexRequired" : false,
    "relationshipsTo" : [ {
      "cardinality" : "ONE_TO_MANY",
      "cascadeType" : "NONE",
      "fromObjectLabel" : "Master_Entity",
      "fromObjectName" : "Company_Information",
      "historyEnabled" : false,
      "joinConditions" : [ {
        "type" : "Conditional",
        "leftOperand" : {
          "type" : "FieldRef",
          "objectName" : "Company_Information",
          "fieldName" : "company_information_id"
        },
        "rightOperands" : [ {
          "type" : "FieldRef",
          "objectName" : "Company_Contact_Det",
          "fieldName" : "company_information_id"
        } ],
        "operator" : "EQ"
      } ],
      "localizedLabels" : [ {
        "label" : "Company_Contact_Det",
        "localeCd" : "en-US"
      } ],
      "localizedReverseLabels" : [ {
        "label" : "Company_Information",
        "localeCd" : "en-US"
      } ],
      "managed" : true,
      "name" : "Company_Contact_Det",
      "qualifiedName" : "Company_Information__Company_Contact_Det",
      "readOnly" : false,
      "reindexRequired" : false,
      "required" : false,
      "reverseName" : "Company_Information",
      "symmetric" : false,
      "systemReserved" : false,
      "toObjectLabel" : "Company Contact Details",
      "toObjectName" : "Company_Contact_Det",
      "type" : "DIRECT_CHILD",
      "useCustomIndex" : false
    } ],
    "requireSearchBeforeCreate" : false,
    "scale" : 1,
    "systemReserved" : false,
    "tableName" : "Company_Contact_Det",
    "type" : "MANAGED"
  } ],
  "handlerName" : "datahub"
}