{
  "schemaVersion" : "10.7.0",
  "documents" : [ {
    "attachmentsIndexedForSearch" : false,
    "borderColor" : "#BFBFBF",
    "borderWidth" : 1,
    "createdAtTimeFieldName" : "created_at_dttm",
    "dataStoreAssignedTimeZone" : "Etc/UTC",
    "dataStoreDefaultSchemaName" : "fdhdata",
    "dataStoreName" : "DEFAULT_STORE",
    "defaultRegularIcon" : {
      "name" : "EntityObject_dkBlue"
    },
    "deleteTableName" : "VIDdJZuCyjJEZ94MbDBRsJU4BzOyqc",
    "displayTextFields" : [ {
      "displayIndex" : 0,
      "name" : "Ent_Name"
    } ],
    "elementGroupRoot" : false,
    "enableCasDistributedDataLoad" : false,
    "fields" : [ {
      "autoGenerated" : false,
      "columnName" : "Bearer_SFlag",
      "constrainingListName" : "Bearer_Share_Flag",
      "dataType" : "REFERENCE_DATA",
      "displayIndex" : 42,
      "indexedForSearch" : true,
      "length" : 10,
      "localizedLabels" : [ {
        "label" : "Bearer Sflag",
        "localeCd" : "en-US"
      } ],
      "name" : "Bearer_SFlag",
      "primaryKeyField" : false,
      "readOnly" : false,
      "required" : false,
      "showTimeZone" : false,
      "systemReserved" : false,
      "unique" : false
    }, {
      "autoGenerated" : false,
      "columnName" : "Buss_Ram_Ctgry",
      "dataType" : "STRING",
      "displayIndex" : 60,
      "indexedForSearch" : true,
      "length" : 20,
      "localizedLabels" : [ {
        "label" : "Buss Ram Ctgry",
        "localeCd" : "en-US"
      } ],
      "name" : "Buss_Ram_Ctgry",
      "primaryKeyField" : false,
      "readOnly" : false,
      "required" : false,
      "showTimeZone" : false,
      "systemReserved" : false,
      "unique" : false
    }, {
      "autoGenerated" : false,
      "columnName" : "Buss_Ram_Score",
      "dataType" : "INTEGER",
      "displayIndex" : 59,
      "indexedForSearch" : true,
      "localizedLabels" : [ {
        "label" : "Buss Ram Score",
        "localeCd" : "en-US"
      } ],
      "name" : "Buss_Ram_Score",
      "primaryKeyField" : false,
      "readOnly" : false,
      "required" : false,
      "showTimeZone" : false,
      "systemReserved" : false,
      "unique" : false
    }, {
      "autoGenerated" : false,
      "columnName" : "CR_Ex_Date_H",
      "dataType" : "DATE",
      "displayIndex" : 70,
      "indexedForSearch" : true,
      "localizedLabels" : [ {
        "label" : "CR Ex Date H",
        "localeCd" : "en-US"
      } ],
      "name" : "CR_Ex_Date_H",
      "primaryKeyField" : false,
      "readOnly" : false,
      "required" : false,
      "showTimeZone" : false,
      "systemReserved" : false,
      "unique" : false
    }, {
      "autoGenerated" : false,
      "columnName" : "CR_Exp_Date_G",
      "dataType" : "DATE",
      "displayIndex" : 19,
      "indexedForSearch" : true,
      "localizedLabels" : [ {
        "label" : "CR Exp Date G",
        "localeCd" : "en-US"
      } ],
      "name" : "CR_Exp_Date_G",
      "primaryKeyField" : false,
      "readOnly" : false,
      "required" : false,
      "showTimeZone" : false,
      "systemReserved" : false,
      "unique" : false
    }, {
      "autoGenerated" : false,
      "columnName" : "CR_Exp_Date_H",
      "dataType" : "STRING",
      "displayIndex" : 20,
      "indexedForSearch" : true,
      "length" : 20,
      "localizedLabels" : [ {
        "label" : "CR Exp Date H",
        "localeCd" : "en-US"
      } ],
      "name" : "CR_Exp_Date_H",
      "primaryKeyField" : false,
      "readOnly" : false,
      "required" : false,
      "showTimeZone" : false,
      "systemReserved" : false,
      "unique" : false
    }, {
      "autoGenerated" : false,
      "columnName" : "CR_Nmbr",
      "dataType" : "STRING",
      "displayIndex" : 17,
      "indexedForSearch" : true,
      "length" : 20,
      "localizedLabels" : [ {
        "label" : "CR Nmbr",
        "localeCd" : "en-US"
      } ],
      "name" : "CR_Nmbr",
      "primaryKeyField" : false,
      "readOnly" : false,
      "required" : false,
      "showTimeZone" : false,
      "systemReserved" : false,
      "unique" : false
    }, {
      "autoGenerated" : false,
      "columnName" : "Calc_Ram_Ctgry",
      "dataType" : "STRING",
      "displayIndex" : 64,
      "indexedForSearch" : true,
      "length" : 20,
      "localizedLabels" : [ {
        "label" : "Calc Ram Ctgry",
        "localeCd" : "en-US"
      } ],
      "name" : "Calc_Ram_Ctgry",
      "primaryKeyField" : false,
      "readOnly" : false,
      "required" : false,
      "showTimeZone" : false,
      "systemReserved" : false,
      "unique" : false
    }, {
      "autoGenerated" : false,
      "columnName" : "Calc_Ram_Score",
      "dataType" : "INTEGER",
      "displayIndex" : 63,
      "indexedForSearch" : true,
      "localizedLabels" : [ {
        "label" : "Calc Ram Score",
        "localeCd" : "en-US"
      } ],
      "name" : "Calc_Ram_Score",
      "primaryKeyField" : false,
      "readOnly" : false,
      "required" : false,
      "showTimeZone" : false,
      "systemReserved" : false,
      "unique" : false
    }, {
      "autoGenerated" : false,
      "columnName" : "CaseID",
      "dataType" : "STRING",
      "displayIndex" : 6,
      "indexedForSearch" : true,
      "length" : 20,
      "localizedLabels" : [ {
        "label" : "Caseid",
        "localeCd" : "en-US"
      } ],
      "name" : "CaseID",
      "primaryKeyField" : false,
      "readOnly" : false,
      "required" : true,
      "showTimeZone" : false,
      "systemReserved" : false,
      "unique" : false
    }, {
      "autoGenerated" : false,
      "columnName" : "Case_Ctgry",
      "constrainingListName" : "Case_Ctgry_CI",
      "dataType" : "REFERENCE_DATA",
      "displayIndex" : 8,
      "indexedForSearch" : true,
      "length" : 10,
      "localizedLabels" : [ {
        "label" : "Case Ctgry",
        "localeCd" : "en-US"
      } ],
      "name" : "Case_Ctgry",
      "primaryKeyField" : false,
      "readOnly" : false,
      "required" : false,
      "showTimeZone" : false,
      "systemReserved" : false,
      "unique" : false
    }, {
      "autoGenerated" : false,
      "columnName" : "Case_Stat",
      "constrainingListName" : "case_status",
      "dataType" : "REFERENCE_DATA",
      "displayIndex" : 100,
      "indexedForSearch" : false,
      "length" : 10,
      "localizedLabels" : [ {
        "label" : "Case Stat",
        "localeCd" : "en-US"
      } ],
      "name" : "Case_Stat",
      "primaryKeyField" : false,
      "readOnly" : false,
      "required" : false,
      "showTimeZone" : false,
      "systemReserved" : false,
      "unique" : false
    }, {
      "autoGenerated" : false,
      "columnName" : "Case_Status",
      "constrainingListName" : "Case_St",
      "dataType" : "REFERENCE_DATA",
      "displayIndex" : 101,
      "indexedForSearch" : true,
      "length" : 20,
      "localizedLabels" : [ {
        "label" : "Case Status",
        "localeCd" : "en-US"
      } ],
      "name" : "Case_Status",
      "primaryKeyField" : false,
      "readOnly" : false,
      "required" : false,
      "showTimeZone" : false,
      "systemReserved" : false,
      "unique" : false
    }, {
      "autoGenerated" : false,
      "columnName" : "Case_Type",
      "constrainingListName" : "Case_Type_CI",
      "dataType" : "REFERENCE_DATA",
      "displayIndex" : 7,
      "indexedForSearch" : true,
      "length" : 10,
      "localizedLabels" : [ {
        "label" : "Case Type",
        "localeCd" : "en-US"
      } ],
      "name" : "Case_Type",
      "primaryKeyField" : false,
      "readOnly" : false,
      "required" : false,
      "showTimeZone" : false,
      "systemReserved" : false,
      "unique" : false
    }, {
      "autoGenerated" : false,
      "columnName" : "Client_Class",
      "constrainingListName" : "Client_Class",
      "dataType" : "REFERENCE_DATA",
      "displayIndex" : 74,
      "indexedForSearch" : true,
      "length" : 10,
      "localizedLabels" : [ {
        "label" : "Client Class",
        "localeCd" : "en-US"
      } ],
      "name" : "Client_Class",
      "primaryKeyField" : false,
      "readOnly" : false,
      "required" : false,
      "showTimeZone" : false,
      "systemReserved" : false,
      "unique" : false
    }, {
      "autoGenerated" : false,
      "columnName" : "Cntry_HO",
      "constrainingListName" : "Cn_ho",
      "dataType" : "REFERENCE_DATA",
      "displayIndex" : 24,
      "indexedForSearch" : true,
      "length" : 10,
      "localizedLabels" : [ {
        "label" : "Cntry HO",
        "localeCd" : "en-US"
      } ],
      "name" : "Cntry_HO",
      "primaryKeyField" : false,
      "readOnly" : false,
      "required" : false,
      "showTimeZone" : false,
      "systemReserved" : false,
      "unique" : false
    }, {
      "autoGenerated" : false,
      "columnName" : "Cntry_Inc",
      "constrainingListName" : "Cn_Inc",
      "dataType" : "REFERENCE_DATA",
      "displayIndex" : 22,
      "indexedForSearch" : true,
      "length" : 10,
      "localizedLabels" : [ {
        "label" : "Cntry Inc",
        "localeCd" : "en-US"
      } ],
      "name" : "Cntry_Inc",
      "primaryKeyField" : false,
      "readOnly" : false,
      "required" : false,
      "showTimeZone" : false,
      "systemReserved" : false,
      "unique" : false
    }, {
      "autoGenerated" : false,
      "columnName" : "Cntry_PO",
      "constrainingListName" : "Cn_po",
      "dataType" : "REFERENCE_DATA",
      "displayIndex" : 23,
      "indexedForSearch" : true,
      "length" : 10,
      "localizedLabels" : [ {
        "label" : "Cntry PO",
        "localeCd" : "en-US"
      } ],
      "name" : "Cntry_PO",
      "primaryKeyField" : false,
      "readOnly" : false,
      "required" : false,
      "showTimeZone" : false,
      "systemReserved" : false,
      "unique" : false
    }, {
      "autoGenerated" : false,
      "columnName" : "Cntry_Pt_Inc",
      "constrainingListName" : "Cn_pt_inc",
      "dataType" : "REFERENCE_DATA",
      "displayIndex" : 25,
      "indexedForSearch" : true,
      "length" : 10,
      "localizedLabels" : [ {
        "label" : "Cntry Pt Inc",
        "localeCd" : "en-US"
      } ],
      "name" : "Cntry_Pt_Inc",
      "primaryKeyField" : false,
      "readOnly" : false,
      "required" : false,
      "showTimeZone" : false,
      "systemReserved" : false,
      "unique" : false
    }, {
      "autoGenerated" : false,
      "columnName" : "Cntry_Ram_Ctgry",
      "dataType" : "STRING",
      "displayIndex" : 56,
      "indexedForSearch" : true,
      "length" : 20,
      "localizedLabels" : [ {
        "label" : "Cntry Ram Ctgry",
        "localeCd" : "en-US"
      } ],
      "name" : "Cntry_Ram_Ctgry",
      "primaryKeyField" : false,
      "readOnly" : false,
      "required" : false,
      "showTimeZone" : false,
      "systemReserved" : false,
      "unique" : false
    }, {
      "autoGenerated" : false,
      "columnName" : "Cntry_Ram_Score",
      "dataType" : "INTEGER",
      "displayIndex" : 55,
      "indexedForSearch" : true,
      "localizedLabels" : [ {
        "label" : "Cntry Ram Score",
        "localeCd" : "en-US"
      } ],
      "name" : "Cntry_Ram_Score",
      "primaryKeyField" : false,
      "readOnly" : false,
      "required" : false,
      "showTimeZone" : false,
      "systemReserved" : false,
      "unique" : false
    }, {
      "autoGenerated" : false,
      "columnName" : "Cntry_Reg",
      "constrainingListName" : "Cn_Reg",
      "dataType" : "REFERENCE_DATA",
      "displayIndex" : 21,
      "indexedForSearch" : true,
      "length" : 10,
      "localizedLabels" : [ {
        "label" : "Cntry Reg",
        "localeCd" : "en-US"
      } ],
      "name" : "Cntry_Reg",
      "primaryKeyField" : false,
      "readOnly" : false,
      "required" : false,
      "showTimeZone" : false,
      "systemReserved" : false,
      "unique" : false
    }, {
      "autoGenerated" : false,
      "columnName" : "Cust_Aims_Obj",
      "dataType" : "STRING",
      "displayIndex" : 52,
      "indexedForSearch" : true,
      "length" : 20,
      "localizedLabels" : [ {
        "label" : "Cust Aims Obj",
        "localeCd" : "en-US"
      } ],
      "name" : "Cust_Aims_Obj",
      "primaryKeyField" : false,
      "readOnly" : false,
      "required" : false,
      "showTimeZone" : false,
      "systemReserved" : false,
      "unique" : false
    }, {
      "autoGenerated" : false,
      "columnName" : "Cust_Nmbr",
      "dataType" : "STRING",
      "displayIndex" : 16,
      "indexedForSearch" : true,
      "length" : 20,
      "localizedLabels" : [ {
        "label" : "Cust Nmbr",
        "localeCd" : "en-US"
      } ],
      "name" : "Cust_Nmbr",
      "primaryKeyField" : false,
      "readOnly" : false,
      "required" : false,
      "showTimeZone" : false,
      "systemReserved" : false,
      "unique" : false
    }, {
      "autoGenerated" : false,
      "columnName" : "Cust_SIC",
      "dataType" : "STRING",
      "displayIndex" : 40,
      "indexedForSearch" : true,
      "length" : 20,
      "localizedLabels" : [ {
        "label" : "Cust SIC",
        "localeCd" : "en-US"
      } ],
      "name" : "Cust_SIC",
      "primaryKeyField" : false,
      "readOnly" : false,
      "required" : false,
      "showTimeZone" : false,
      "systemReserved" : false,
      "unique" : false
    }, {
      "autoGenerated" : false,
      "columnName" : "Cust_Type",
      "constrainingListName" : "Cust_Type",
      "dataType" : "REFERENCE_DATA",
      "displayIndex" : 36,
      "indexedForSearch" : true,
      "length" : 10,
      "localizedLabels" : [ {
        "label" : "Cust Type",
        "localeCd" : "en-US"
      } ],
      "name" : "Cust_Type",
      "primaryKeyField" : false,
      "readOnly" : false,
      "required" : false,
      "showTimeZone" : false,
      "systemReserved" : false,
      "unique" : false
    }, {
      "autoGenerated" : false,
      "columnName" : "Date_In_H",
      "dataType" : "DATE",
      "displayIndex" : 69,
      "indexedForSearch" : true,
      "localizedLabels" : [ {
        "label" : "Date In H",
        "localeCd" : "en-US"
      } ],
      "name" : "Date_In_H",
      "primaryKeyField" : false,
      "readOnly" : false,
      "required" : false,
      "showTimeZone" : false,
      "systemReserved" : false,
      "unique" : false
    }, {
      "autoGenerated" : false,
      "columnName" : "Date_Inc_G",
      "dataType" : "DATE",
      "displayIndex" : 30,
      "indexedForSearch" : true,
      "localizedLabels" : [ {
        "label" : "Date Inc G",
        "localeCd" : "en-US"
      } ],
      "name" : "Date_Inc_G",
      "primaryKeyField" : false,
      "readOnly" : false,
      "required" : false,
      "showTimeZone" : false,
      "systemReserved" : false,
      "unique" : false
    }, {
      "autoGenerated" : false,
      "columnName" : "Date_Inc_H",
      "dataType" : "STRING",
      "displayIndex" : 31,
      "indexedForSearch" : true,
      "length" : 20,
      "localizedLabels" : [ {
        "label" : "Date Inc H",
        "localeCd" : "en-US"
      } ],
      "name" : "Date_Inc_H",
      "primaryKeyField" : false,
      "readOnly" : false,
      "required" : false,
      "showTimeZone" : false,
      "systemReserved" : false,
      "unique" : false
    }, {
      "autoGenerated" : false,
      "columnName" : "Desc_Client",
      "dataType" : "STRING",
      "displayIndex" : 46,
      "indexedForSearch" : true,
      "length" : 20,
      "localizedLabels" : [ {
        "label" : "Desc Client",
        "localeCd" : "en-US"
      } ],
      "name" : "Desc_Client",
      "primaryKeyField" : false,
      "readOnly" : false,
      "required" : false,
      "showTimeZone" : false,
      "systemReserved" : false,
      "unique" : false
    }, {
      "autoGenerated" : false,
      "columnName" : "Employee_Nmbr",
      "dataType" : "INTEGER",
      "displayIndex" : 29,
      "indexedForSearch" : true,
      "localizedLabels" : [ {
        "label" : "Employee Nmbr",
        "localeCd" : "en-US"
      } ],
      "name" : "Employee_Nmbr",
      "primaryKeyField" : false,
      "readOnly" : false,
      "required" : false,
      "showTimeZone" : false,
      "systemReserved" : false,
      "unique" : false
    }, {
      "autoGenerated" : false,
      "columnName" : "Ent_Acronym",
      "dataType" : "STRING",
      "displayIndex" : 15,
      "indexedForSearch" : true,
      "length" : 20,
      "localizedLabels" : [ {
        "label" : "Ent Acronym",
        "localeCd" : "en-US"
      } ],
      "name" : "Ent_Acronym",
      "primaryKeyField" : false,
      "readOnly" : false,
      "required" : false,
      "showTimeZone" : false,
      "systemReserved" : false,
      "unique" : false
    }, {
      "autoGenerated" : false,
      "columnName" : "Ent_Class",
      "constrainingListName" : "ent_class",
      "dataType" : "REFERENCE_DATA",
      "displayIndex" : 78,
      "indexedForSearch" : true,
      "length" : 10,
      "localizedLabels" : [ {
        "label" : "Ent Class",
        "localeCd" : "en-US"
      } ],
      "name" : "Ent_Class",
      "primaryKeyField" : false,
      "readOnly" : false,
      "required" : false,
      "showTimeZone" : false,
      "systemReserved" : false,
      "unique" : false
    }, {
      "autoGenerated" : false,
      "columnName" : "Ent_Name",
      "dataType" : "STRING",
      "displayIndex" : 11,
      "indexedForSearch" : true,
      "length" : 20,
      "localizedLabels" : [ {
        "label" : "Ent Name",
        "localeCd" : "en-US"
      } ],
      "name" : "Ent_Name",
      "primaryKeyField" : false,
      "readOnly" : false,
      "required" : false,
      "showTimeZone" : false,
      "systemReserved" : false,
      "unique" : false
    }, {
      "autoGenerated" : false,
      "columnName" : "Ent_Name1",
      "dataType" : "STRING",
      "displayIndex" : 9,
      "indexedForSearch" : true,
      "length" : 20,
      "localizedLabels" : [ {
        "label" : "Ent Name1",
        "localeCd" : "en-US"
      } ],
      "name" : "Ent_Name1",
      "primaryKeyField" : false,
      "readOnly" : false,
      "required" : false,
      "showTimeZone" : false,
      "systemReserved" : false,
      "unique" : false
    }, {
      "autoGenerated" : false,
      "columnName" : "Ent_Name1_Ar",
      "dataType" : "STRING",
      "displayIndex" : 12,
      "indexedForSearch" : true,
      "length" : 20,
      "localizedLabels" : [ {
        "label" : "Ent Name1(AR)",
        "localeCd" : "en-US"
      } ],
      "name" : "Ent_Name1_Ar",
      "primaryKeyField" : false,
      "readOnly" : false,
      "required" : false,
      "showTimeZone" : false,
      "systemReserved" : false,
      "unique" : false
    }, {
      "autoGenerated" : false,
      "columnName" : "Ent_Name2",
      "dataType" : "STRING",
      "displayIndex" : 10,
      "indexedForSearch" : true,
      "length" : 20,
      "localizedLabels" : [ {
        "label" : "Ent Name2",
        "localeCd" : "en-US"
      } ],
      "name" : "Ent_Name2",
      "primaryKeyField" : false,
      "readOnly" : false,
      "required" : false,
      "showTimeZone" : false,
      "systemReserved" : false,
      "unique" : false
    }, {
      "autoGenerated" : false,
      "columnName" : "Ent_Name2_Ar",
      "dataType" : "STRING",
      "displayIndex" : 13,
      "indexedForSearch" : true,
      "length" : 20,
      "localizedLabels" : [ {
        "label" : "Ent Name2(AR)",
        "localeCd" : "en-US"
      } ],
      "name" : "Ent_Name2_Ar",
      "primaryKeyField" : false,
      "readOnly" : false,
      "required" : false,
      "showTimeZone" : false,
      "systemReserved" : false,
      "unique" : false
    }, {
      "autoGenerated" : false,
      "columnName" : "Ent_Name_Ar",
      "dataType" : "STRING",
      "displayIndex" : 14,
      "indexedForSearch" : true,
      "length" : 20,
      "localizedLabels" : [ {
        "label" : "Ent Name(AR)",
        "localeCd" : "en-US"
      } ],
      "name" : "Ent_Name_Ar",
      "primaryKeyField" : false,
      "readOnly" : false,
      "required" : false,
      "showTimeZone" : false,
      "systemReserved" : false,
      "unique" : false
    }, {
      "autoGenerated" : false,
      "columnName" : "Event_remarks",
      "dataType" : "STRING",
      "displayIndex" : 91,
      "indexedForSearch" : true,
      "length" : 20,
      "localizedLabels" : [ {
        "label" : "Event Remarks",
        "localeCd" : "en-US"
      } ],
      "name" : "Event_remarks",
      "primaryKeyField" : false,
      "readOnly" : false,
      "required" : false,
      "showTimeZone" : false,
      "systemReserved" : false,
      "unique" : false
    }, {
      "autoGenerated" : false,
      "columnName" : "Explain_GS",
      "dataType" : "STRING",
      "displayIndex" : 43,
      "indexedForSearch" : true,
      "length" : 20,
      "localizedLabels" : [ {
        "label" : "Explain GS",
        "localeCd" : "en-US"
      } ],
      "name" : "Explain_GS",
      "primaryKeyField" : false,
      "readOnly" : false,
      "required" : false,
      "showTimeZone" : false,
      "systemReserved" : false,
      "unique" : false
    }, {
      "autoGenerated" : false,
      "columnName" : "FATCA_Documentation_Type",
      "constrainingListName" : "FATCA_Doc_Type",
      "dataType" : "REFERENCE_DATA",
      "displayIndex" : 95,
      "indexedForSearch" : true,
      "length" : 10,
      "localizedLabels" : [ {
        "label" : "FATCA Documentation Type",
        "localeCd" : "en-US"
      } ],
      "name" : "FATCA_Documentation_Type",
      "primaryKeyField" : false,
      "readOnly" : false,
      "required" : false,
      "showTimeZone" : false,
      "systemReserved" : false,
      "unique" : false
    }, {
      "autoGenerated" : false,
      "columnName" : "FATCA_Ent_Class",
      "constrainingListName" : "FATCA_Entity_Classification",
      "dataType" : "REFERENCE_DATA",
      "displayIndex" : 96,
      "indexedForSearch" : true,
      "length" : 10,
      "localizedLabels" : [ {
        "label" : "FATCA Ent Class",
        "localeCd" : "en-US"
      } ],
      "name" : "FATCA_Ent_Class",
      "primaryKeyField" : false,
      "readOnly" : false,
      "required" : false,
      "showTimeZone" : false,
      "systemReserved" : false,
      "unique" : false
    }, {
      "autoGenerated" : false,
      "columnName" : "FCC_RAM",
      "dataType" : "STRING",
      "displayIndex" : 26,
      "indexedForSearch" : true,
      "length" : 20,
      "localizedLabels" : [ {
        "label" : "Fcc Ram",
        "localeCd" : "en-US"
      } ],
      "name" : "FCC_RAM",
      "primaryKeyField" : false,
      "readOnly" : false,
      "required" : false,
      "showTimeZone" : false,
      "systemReserved" : false,
      "unique" : false
    }, {
      "autoGenerated" : false,
      "columnName" : "Final_Ram_Ctgry",
      "dataType" : "STRING",
      "displayIndex" : 67,
      "indexedForSearch" : true,
      "length" : 20,
      "localizedLabels" : [ {
        "label" : "Final Ram Ctgry",
        "localeCd" : "en-US"
      } ],
      "name" : "Final_Ram_Ctgry",
      "primaryKeyField" : false,
      "readOnly" : false,
      "required" : false,
      "showTimeZone" : false,
      "systemReserved" : false,
      "unique" : false
    }, {
      "autoGenerated" : false,
      "columnName" : "Fund_Inv_Indstry",
      "dataType" : "STRING",
      "displayIndex" : 51,
      "indexedForSearch" : true,
      "length" : 20,
      "localizedLabels" : [ {
        "label" : "Fund Inv Indstry",
        "localeCd" : "en-US"
      } ],
      "name" : "Fund_Inv_Indstry",
      "primaryKeyField" : false,
      "readOnly" : false,
      "required" : false,
      "showTimeZone" : false,
      "systemReserved" : false,
      "unique" : false
    }, {
      "autoGenerated" : false,
      "columnName" : "GIIN",
      "dataType" : "STRING",
      "displayIndex" : 97,
      "indexedForSearch" : true,
      "length" : 20,
      "localizedLabels" : [ {
        "label" : "Giin",
        "localeCd" : "en-US"
      } ],
      "name" : "GIIN",
      "primaryKeyField" : false,
      "readOnly" : false,
      "required" : false,
      "showTimeZone" : false,
      "systemReserved" : false,
      "unique" : false
    }, {
      "autoGenerated" : false,
      "columnName" : "GSB_Flag",
      "constrainingListName" : "GSB_Flag",
      "dataType" : "REFERENCE_DATA",
      "displayIndex" : 38,
      "indexedForSearch" : true,
      "length" : 10,
      "localizedLabels" : [ {
        "label" : "GSB Flag",
        "localeCd" : "en-US"
      } ],
      "name" : "GSB_Flag",
      "primaryKeyField" : false,
      "readOnly" : false,
      "required" : false,
      "showTimeZone" : false,
      "systemReserved" : false,
      "unique" : false
    }, {
      "autoGenerated" : false,
      "columnName" : "Grp_VAT_Nmbr",
      "dataType" : "STRING",
      "displayIndex" : 35,
      "indexedForSearch" : true,
      "length" : 20,
      "localizedLabels" : [ {
        "label" : "Grp VAT Nmbr",
        "localeCd" : "en-US"
      } ],
      "name" : "Grp_VAT_Nmbr",
      "primaryKeyField" : false,
      "readOnly" : false,
      "required" : false,
      "showTimeZone" : false,
      "systemReserved" : false,
      "unique" : false
    }, {
      "autoGenerated" : false,
      "columnName" : "Holding_Company",
      "dataType" : "STRING",
      "displayIndex" : 44,
      "indexedForSearch" : true,
      "length" : 20,
      "localizedLabels" : [ {
        "label" : "Holding Company",
        "localeCd" : "en-US"
      } ],
      "name" : "Holding_Company",
      "primaryKeyField" : false,
      "readOnly" : false,
      "required" : false,
      "showTimeZone" : false,
      "systemReserved" : false,
      "unique" : false
    }, {
      "autoGenerated" : false,
      "columnName" : "ISBA_Status",
      "constrainingListName" : "ISBA",
      "dataType" : "REFERENCE_DATA",
      "displayIndex" : 75,
      "indexedForSearch" : true,
      "length" : 10,
      "localizedLabels" : [ {
        "label" : "ISBA Status",
        "localeCd" : "en-US"
      } ],
      "name" : "ISBA_Status",
      "primaryKeyField" : false,
      "readOnly" : false,
      "required" : false,
      "showTimeZone" : false,
      "systemReserved" : false,
      "unique" : false
    }, {
      "autoGenerated" : false,
      "columnName" : "Industry_Client_Cust",
      "dataType" : "STRING",
      "displayIndex" : 49,
      "indexedForSearch" : true,
      "length" : 20,
      "localizedLabels" : [ {
        "label" : "Industry Client Cust",
        "localeCd" : "en-US"
      } ],
      "name" : "Industry_Client_Cust",
      "primaryKeyField" : false,
      "readOnly" : false,
      "required" : false,
      "showTimeZone" : false,
      "systemReserved" : false,
      "unique" : false
    }, {
      "autoGenerated" : false,
      "columnName" : "KYC_Expiry",
      "dataType" : "STRING",
      "displayIndex" : 88,
      "indexedForSearch" : true,
      "length" : 20,
      "localizedLabels" : [ {
        "label" : "KYC Expiry",
        "localeCd" : "en-US"
      } ],
      "name" : "KYC_Expiry",
      "primaryKeyField" : false,
      "readOnly" : false,
      "required" : false,
      "showTimeZone" : false,
      "systemReserved" : false,
      "unique" : false
    }, {
      "autoGenerated" : false,
      "columnName" : "KYC_Form",
      "dataType" : "DATE",
      "displayIndex" : 87,
      "indexedForSearch" : true,
      "localizedLabels" : [ {
        "label" : "KYC Form",
        "localeCd" : "en-US"
      } ],
      "name" : "KYC_Form",
      "primaryKeyField" : false,
      "readOnly" : false,
      "required" : false,
      "showTimeZone" : false,
      "systemReserved" : false,
      "unique" : false
    }, {
      "autoGenerated" : false,
      "columnName" : "KYC_Reason",
      "constrainingListName" : "KYC_Reason",
      "dataType" : "REFERENCE_DATA",
      "displayIndex" : 72,
      "indexedForSearch" : true,
      "length" : 10,
      "localizedLabels" : [ {
        "label" : "KYC Reason",
        "localeCd" : "en-US"
      } ],
      "name" : "KYC_Reason",
      "primaryKeyField" : false,
      "readOnly" : false,
      "required" : false,
      "showTimeZone" : false,
      "systemReserved" : false,
      "unique" : false
    }, {
      "autoGenerated" : false,
      "columnName" : "KYC_Reliance",
      "constrainingListName" : "KYC_Reliance",
      "dataType" : "REFERENCE_DATA",
      "displayIndex" : 71,
      "indexedForSearch" : true,
      "length" : 10,
      "localizedLabels" : [ {
        "label" : "KYC Reliance",
        "localeCd" : "en-US"
      } ],
      "name" : "KYC_Reliance",
      "primaryKeyField" : false,
      "readOnly" : false,
      "required" : false,
      "showTimeZone" : false,
      "systemReserved" : false,
      "unique" : false
    }, {
      "autoGenerated" : false,
      "columnName" : "KYC_Staff",
      "constrainingListName" : "KYC_Staff",
      "dataType" : "REFERENCE_DATA",
      "displayIndex" : 84,
      "indexedForSearch" : true,
      "length" : 10,
      "localizedLabels" : [ {
        "label" : "KYC Staff",
        "localeCd" : "en-US"
      } ],
      "name" : "KYC_Staff",
      "primaryKeyField" : false,
      "readOnly" : false,
      "required" : false,
      "showTimeZone" : false,
      "systemReserved" : false,
      "unique" : false
    }, {
      "autoGenerated" : false,
      "columnName" : "KYC_Status",
      "dataType" : "STRING",
      "displayIndex" : 90,
      "indexedForSearch" : true,
      "length" : 20,
      "localizedLabels" : [ {
        "label" : "KYC Status",
        "localeCd" : "en-US"
      } ],
      "name" : "KYC_Status",
      "primaryKeyField" : false,
      "readOnly" : false,
      "required" : false,
      "showTimeZone" : false,
      "systemReserved" : false,
      "unique" : false
    }, {
      "autoGenerated" : false,
      "columnName" : "KYC_Update",
      "constrainingListName" : "KYC_Up",
      "dataType" : "REFERENCE_DATA",
      "displayIndex" : 73,
      "indexedForSearch" : true,
      "length" : 10,
      "localizedLabels" : [ {
        "label" : "KYC Update",
        "localeCd" : "en-US"
      } ],
      "name" : "KYC_Update",
      "primaryKeyField" : false,
      "readOnly" : false,
      "required" : false,
      "showTimeZone" : false,
      "systemReserved" : false,
      "unique" : false
    }, {
      "autoGenerated" : false,
      "columnName" : "KYC_on",
      "dataType" : "DATE",
      "displayIndex" : 86,
      "indexedForSearch" : true,
      "localizedLabels" : [ {
        "label" : "KYC On",
        "localeCd" : "en-US"
      } ],
      "name" : "KYC_on",
      "primaryKeyField" : false,
      "readOnly" : false,
      "required" : false,
      "showTimeZone" : false,
      "systemReserved" : false,
      "unique" : false
    }, {
      "autoGenerated" : false,
      "columnName" : "LegalEnt_RAM_Ctgry",
      "dataType" : "STRING",
      "displayIndex" : 58,
      "indexedForSearch" : true,
      "length" : 20,
      "localizedLabels" : [ {
        "label" : "Legalent RAM Ctgry",
        "localeCd" : "en-US"
      } ],
      "name" : "LegalEnt_RAM_Ctgry",
      "primaryKeyField" : false,
      "readOnly" : false,
      "required" : false,
      "showTimeZone" : false,
      "systemReserved" : false,
      "unique" : false
    }, {
      "autoGenerated" : false,
      "columnName" : "LegalEnt_RAM_Score",
      "dataType" : "INTEGER",
      "displayIndex" : 57,
      "indexedForSearch" : true,
      "localizedLabels" : [ {
        "label" : "Legalent RAM Score",
        "localeCd" : "en-US"
      } ],
      "name" : "LegalEnt_RAM_Score",
      "primaryKeyField" : false,
      "readOnly" : false,
      "required" : false,
      "showTimeZone" : false,
      "systemReserved" : false,
      "unique" : false
    }, {
      "autoGenerated" : false,
      "columnName" : "Legal_Ent",
      "constrainingListName" : "Legal_Ent",
      "dataType" : "REFERENCE_DATA",
      "displayIndex" : 37,
      "indexedForSearch" : true,
      "length" : 10,
      "localizedLabels" : [ {
        "label" : "Legal Ent",
        "localeCd" : "en-US"
      } ],
      "name" : "Legal_Ent",
      "primaryKeyField" : false,
      "readOnly" : false,
      "required" : false,
      "showTimeZone" : false,
      "systemReserved" : false,
      "unique" : false
    }, {
      "autoGenerated" : false,
      "columnName" : "Level_PA",
      "constrainingListName" : "Level_of_PA",
      "dataType" : "REFERENCE_DATA",
      "displayIndex" : 39,
      "indexedForSearch" : true,
      "length" : 10,
      "localizedLabels" : [ {
        "label" : "Level PA",
        "localeCd" : "en-US"
      } ],
      "name" : "Level_PA",
      "primaryKeyField" : false,
      "readOnly" : false,
      "required" : false,
      "showTimeZone" : false,
      "systemReserved" : false,
      "unique" : false
    }, {
      "autoGenerated" : false,
      "columnName" : "Line_of_Buss",
      "dataType" : "STRING",
      "displayIndex" : 94,
      "indexedForSearch" : true,
      "length" : 20,
      "localizedLabels" : [ {
        "label" : "Line Of Buss",
        "localeCd" : "en-US"
      } ],
      "name" : "Line_of_Buss",
      "primaryKeyField" : false,
      "readOnly" : false,
      "required" : false,
      "showTimeZone" : false,
      "systemReserved" : false,
      "unique" : false
    }, {
      "autoGenerated" : false,
      "columnName" : "Mandatory",
      "dataType" : "STRING",
      "displayIndex" : 98,
      "indexedForSearch" : true,
      "length" : 20,
      "localizedLabels" : [ {
        "label" : "Mandatory",
        "localeCd" : "en-US"
      } ],
      "name" : "Mandatory",
      "primaryKeyField" : false,
      "readOnly" : false,
      "required" : false,
      "showTimeZone" : false,
      "systemReserved" : false,
      "unique" : false
    }, {
      "autoGenerated" : false,
      "columnName" : "Name_Client_Cust",
      "dataType" : "STRING",
      "displayIndex" : 48,
      "indexedForSearch" : true,
      "length" : 20,
      "localizedLabels" : [ {
        "label" : "Name Client Cust",
        "localeCd" : "en-US"
      } ],
      "name" : "Name_Client_Cust",
      "primaryKeyField" : false,
      "readOnly" : false,
      "required" : false,
      "showTimeZone" : false,
      "systemReserved" : false,
      "unique" : false
    }, {
      "autoGenerated" : false,
      "columnName" : "Nmbr_Grp_Office",
      "dataType" : "INTEGER",
      "displayIndex" : 54,
      "indexedForSearch" : true,
      "localizedLabels" : [ {
        "label" : "Nmbr Grp Office",
        "localeCd" : "en-US"
      } ],
      "name" : "Nmbr_Grp_Office",
      "primaryKeyField" : false,
      "readOnly" : false,
      "required" : false,
      "showTimeZone" : false,
      "systemReserved" : false,
      "unique" : false
    }, {
      "autoGenerated" : false,
      "columnName" : "Officail_rec",
      "dataType" : "BOOLEAN",
      "displayIndex" : 89,
      "indexedForSearch" : true,
      "localizedLabels" : [ {
        "label" : "Officail Rec",
        "localeCd" : "en-US"
      } ],
      "name" : "Officail_rec",
      "primaryKeyField" : false,
      "readOnly" : false,
      "required" : false,
      "showTimeZone" : false,
      "systemReserved" : false,
      "unique" : false
    }, {
      "autoGenerated" : false,
      "columnName" : "Online_Service",
      "constrainingListName" : "online_ser",
      "dataType" : "REFERENCE_DATA",
      "displayIndex" : 81,
      "indexedForSearch" : true,
      "length" : 10,
      "localizedLabels" : [ {
        "label" : "Online Service",
        "localeCd" : "en-US"
      } ],
      "name" : "Online_Service",
      "primaryKeyField" : false,
      "readOnly" : false,
      "required" : false,
      "showTimeZone" : false,
      "systemReserved" : false,
      "unique" : false
    }, {
      "autoGenerated" : false,
      "columnName" : "Other_Nmbr",
      "dataType" : "STRING",
      "displayIndex" : 18,
      "indexedForSearch" : true,
      "length" : 20,
      "localizedLabels" : [ {
        "label" : "Other Nmbr",
        "localeCd" : "en-US"
      } ],
      "name" : "Other_Nmbr",
      "primaryKeyField" : false,
      "readOnly" : false,
      "required" : false,
      "showTimeZone" : false,
      "systemReserved" : false,
      "unique" : false
    }, {
      "autoGenerated" : false,
      "columnName" : "Overriden_Ram_Ctgry",
      "dataType" : "STRING",
      "displayIndex" : 66,
      "indexedForSearch" : true,
      "length" : 20,
      "localizedLabels" : [ {
        "label" : "Overriden Ram Ctgry",
        "localeCd" : "en-US"
      } ],
      "name" : "Overriden_Ram_Ctgry",
      "primaryKeyField" : false,
      "readOnly" : false,
      "required" : false,
      "showTimeZone" : false,
      "systemReserved" : false,
      "unique" : false
    }, {
      "autoGenerated" : false,
      "columnName" : "Paidup_Capital",
      "dataType" : "FLOAT",
      "displayIndex" : 27,
      "indexedForSearch" : true,
      "localizedLabels" : [ {
        "label" : "Paidup Capital",
        "localeCd" : "en-US"
      } ],
      "name" : "Paidup_Capital",
      "primaryKeyField" : false,
      "readOnly" : false,
      "required" : false,
      "showTimeZone" : false,
      "systemReserved" : false,
      "unique" : false
    }, {
      "autoGenerated" : false,
      "columnName" : "Phy_Address",
      "dataType" : "STRING",
      "displayIndex" : 68,
      "indexedForSearch" : true,
      "length" : 20,
      "localizedLabels" : [ {
        "label" : "Phy Address",
        "localeCd" : "en-US"
      } ],
      "name" : "Phy_Address",
      "primaryKeyField" : false,
      "readOnly" : false,
      "required" : false,
      "showTimeZone" : false,
      "systemReserved" : false,
      "unique" : false
    }, {
      "autoGenerated" : false,
      "columnName" : "Pref_Lang",
      "constrainingListName" : "Lang",
      "dataType" : "REFERENCE_DATA",
      "displayIndex" : 80,
      "indexedForSearch" : true,
      "length" : 10,
      "localizedLabels" : [ {
        "label" : "Pref Lang",
        "localeCd" : "en-US"
      } ],
      "name" : "Pref_Lang",
      "primaryKeyField" : false,
      "readOnly" : false,
      "required" : false,
      "showTimeZone" : false,
      "systemReserved" : false,
      "unique" : false
    }, {
      "autoGenerated" : false,
      "columnName" : "Prod_Serv_Client",
      "dataType" : "STRING",
      "displayIndex" : 50,
      "indexedForSearch" : true,
      "length" : 20,
      "localizedLabels" : [ {
        "label" : "Prod Serv Client",
        "localeCd" : "en-US"
      } ],
      "name" : "Prod_Serv_Client",
      "primaryKeyField" : false,
      "readOnly" : false,
      "required" : false,
      "showTimeZone" : false,
      "systemReserved" : false,
      "unique" : false
    }, {
      "autoGenerated" : false,
      "columnName" : "Product_Ram_Ctgry",
      "dataType" : "STRING",
      "displayIndex" : 62,
      "indexedForSearch" : true,
      "length" : 20,
      "localizedLabels" : [ {
        "label" : "Product Ram Ctgry",
        "localeCd" : "en-US"
      } ],
      "name" : "Product_Ram_Ctgry",
      "primaryKeyField" : false,
      "readOnly" : false,
      "required" : false,
      "showTimeZone" : false,
      "systemReserved" : false,
      "unique" : false
    }, {
      "autoGenerated" : false,
      "columnName" : "Product_Ram_Score",
      "dataType" : "INTEGER",
      "displayIndex" : 61,
      "indexedForSearch" : true,
      "localizedLabels" : [ {
        "label" : "Product Ram Score",
        "localeCd" : "en-US"
      } ],
      "name" : "Product_Ram_Score",
      "primaryKeyField" : false,
      "readOnly" : false,
      "required" : false,
      "showTimeZone" : false,
      "systemReserved" : false,
      "unique" : false
    }, {
      "autoGenerated" : false,
      "columnName" : "Proh_Cust",
      "constrainingListName" : "Proh_Cust",
      "dataType" : "REFERENCE_DATA",
      "displayIndex" : 53,
      "indexedForSearch" : true,
      "length" : 10,
      "localizedLabels" : [ {
        "label" : "Proh Cust",
        "localeCd" : "en-US"
      } ],
      "name" : "Proh_Cust",
      "primaryKeyField" : false,
      "readOnly" : false,
      "required" : false,
      "showTimeZone" : false,
      "systemReserved" : false,
      "unique" : false
    }, {
      "autoGenerated" : false,
      "columnName" : "RM",
      "dataType" : "STRING",
      "displayIndex" : 99,
      "indexedForSearch" : true,
      "length" : 20,
      "localizedLabels" : [ {
        "label" : "Rm",
        "localeCd" : "en-US"
      } ],
      "name" : "RM_Susp",
      "primaryKeyField" : false,
      "readOnly" : false,
      "required" : false,
      "showTimeZone" : false,
      "systemReserved" : false,
      "unique" : false
    }, {
      "autoGenerated" : false,
      "columnName" : "Ram_Smg_Reference",
      "dataType" : "STRING",
      "displayIndex" : 65,
      "indexedForSearch" : true,
      "length" : 20,
      "localizedLabels" : [ {
        "label" : "Ram Smg Reference",
        "localeCd" : "en-US"
      } ],
      "name" : "Ram_Smg_Reference",
      "primaryKeyField" : false,
      "readOnly" : false,
      "required" : false,
      "showTimeZone" : false,
      "systemReserved" : false,
      "unique" : false
    }, {
      "autoGenerated" : false,
      "columnName" : "Rate_Type",
      "dataType" : "STRING",
      "displayIndex" : 33,
      "indexedForSearch" : true,
      "length" : 20,
      "localizedLabels" : [ {
        "label" : "Rate Type",
        "localeCd" : "en-US"
      } ],
      "name" : "Rate_Type",
      "primaryKeyField" : false,
      "readOnly" : false,
      "required" : false,
      "showTimeZone" : false,
      "systemReserved" : false,
      "unique" : false
    }, {
      "autoGenerated" : false,
      "columnName" : "Rel_Status",
      "constrainingListName" : "Rel_Status",
      "dataType" : "REFERENCE_DATA",
      "displayIndex" : 79,
      "indexedForSearch" : true,
      "length" : 10,
      "localizedLabels" : [ {
        "label" : "Rel Status",
        "localeCd" : "en-US"
      } ],
      "name" : "Rel_Status",
      "primaryKeyField" : false,
      "readOnly" : false,
      "required" : false,
      "showTimeZone" : false,
      "systemReserved" : false,
      "unique" : false
    }, {
      "autoGenerated" : false,
      "columnName" : "Relation_Mg",
      "constrainingListName" : "RM",
      "dataType" : "REFERENCE_DATA",
      "displayIndex" : 85,
      "indexedForSearch" : true,
      "length" : 10,
      "localizedLabels" : [ {
        "label" : "Relation Mg",
        "localeCd" : "en-US"
      } ],
      "name" : "Relation_Mg",
      "primaryKeyField" : false,
      "readOnly" : false,
      "required" : false,
      "showTimeZone" : false,
      "systemReserved" : false,
      "unique" : false
    }, {
      "autoGenerated" : false,
      "columnName" : "Rest_Code",
      "constrainingListName" : "Rest_Code",
      "dataType" : "REFERENCE_DATA",
      "displayIndex" : 83,
      "indexedForSearch" : true,
      "length" : 10,
      "localizedLabels" : [ {
        "label" : "Rest Code",
        "localeCd" : "en-US"
      } ],
      "name" : "Rest_Code",
      "primaryKeyField" : false,
      "readOnly" : false,
      "required" : false,
      "showTimeZone" : false,
      "systemReserved" : false,
      "unique" : false
    }, {
      "autoGenerated" : false,
      "columnName" : "SCC_Status",
      "constrainingListName" : "scc_status",
      "dataType" : "REFERENCE_DATA",
      "displayIndex" : 77,
      "indexedForSearch" : true,
      "length" : 10,
      "localizedLabels" : [ {
        "label" : "SCC Status",
        "localeCd" : "en-US"
      } ],
      "name" : "SCC_Status",
      "primaryKeyField" : false,
      "readOnly" : false,
      "required" : false,
      "showTimeZone" : false,
      "systemReserved" : false,
      "unique" : false
    }, {
      "autoGenerated" : false,
      "columnName" : "SCC_Type",
      "constrainingListName" : "scc_type",
      "dataType" : "REFERENCE_DATA",
      "displayIndex" : 76,
      "indexedForSearch" : true,
      "length" : 10,
      "localizedLabels" : [ {
        "label" : "SCC Type",
        "localeCd" : "en-US"
      } ],
      "name" : "SCC_Type",
      "primaryKeyField" : false,
      "readOnly" : false,
      "required" : false,
      "showTimeZone" : false,
      "systemReserved" : false,
      "unique" : false
    }, {
      "autoGenerated" : false,
      "columnName" : "Sign_Off_Date",
      "dataType" : "DATE",
      "displayIndex" : 93,
      "indexedForSearch" : true,
      "localizedLabels" : [ {
        "label" : "Sign Off Date",
        "localeCd" : "en-US"
      } ],
      "name" : "Sign_Off_Date",
      "primaryKeyField" : false,
      "readOnly" : false,
      "required" : false,
      "showTimeZone" : false,
      "systemReserved" : false,
      "unique" : false
    }, {
      "autoGenerated" : false,
      "columnName" : "Staff_Nmbr",
      "dataType" : "STRING",
      "displayIndex" : 92,
      "indexedForSearch" : true,
      "length" : 20,
      "localizedLabels" : [ {
        "label" : "Staff Nmbr",
        "localeCd" : "en-US"
      } ],
      "name" : "Staff_Nmbr",
      "primaryKeyField" : false,
      "readOnly" : false,
      "required" : false,
      "showTimeZone" : false,
      "systemReserved" : false,
      "unique" : false
    }, {
      "autoGenerated" : false,
      "columnName" : "TAR_TAS_AUM",
      "dataType" : "FLOAT",
      "displayIndex" : 28,
      "indexedForSearch" : true,
      "localizedLabels" : [ {
        "label" : "Tar Tas Aum",
        "localeCd" : "en-US"
      } ],
      "name" : "TAR_TAS_AUM",
      "primaryKeyField" : false,
      "readOnly" : false,
      "required" : false,
      "showTimeZone" : false,
      "systemReserved" : false,
      "unique" : false
    }, {
      "autoGenerated" : false,
      "columnName" : "Trade_Option",
      "constrainingListName" : "Trade_opt",
      "dataType" : "REFERENCE_DATA",
      "displayIndex" : 82,
      "indexedForSearch" : true,
      "length" : 10,
      "localizedLabels" : [ {
        "label" : "Trade Option",
        "localeCd" : "en-US"
      } ],
      "name" : "Trade_Option",
      "primaryKeyField" : false,
      "readOnly" : false,
      "required" : false,
      "showTimeZone" : false,
      "systemReserved" : false,
      "unique" : false
    }, {
      "autoGenerated" : false,
      "columnName" : "Trading_Name",
      "dataType" : "STRING",
      "displayIndex" : 41,
      "indexedForSearch" : true,
      "length" : 20,
      "localizedLabels" : [ {
        "label" : "Trading Name",
        "localeCd" : "en-US"
      } ],
      "name" : "Trading_Name",
      "primaryKeyField" : false,
      "readOnly" : false,
      "required" : false,
      "showTimeZone" : false,
      "systemReserved" : false,
      "unique" : false
    }, {
      "autoGenerated" : false,
      "columnName" : "Type_Cust_Buss",
      "constrainingListName" : "Type_Cust_Buss",
      "dataType" : "REFERENCE_DATA",
      "displayIndex" : 45,
      "indexedForSearch" : true,
      "length" : 10,
      "localizedLabels" : [ {
        "label" : "Type Cust Buss",
        "localeCd" : "en-US"
      } ],
      "name" : "Type_Cust_Buss",
      "primaryKeyField" : false,
      "readOnly" : false,
      "required" : false,
      "showTimeZone" : false,
      "systemReserved" : false,
      "unique" : false
    }, {
      "autoGenerated" : false,
      "columnName" : "Type_of_Company",
      "constrainingListName" : "Type_of_Company",
      "dataType" : "REFERENCE_DATA",
      "displayIndex" : 47,
      "indexedForSearch" : true,
      "length" : 10,
      "localizedLabels" : [ {
        "label" : "Type Of Company",
        "localeCd" : "en-US"
      } ],
      "name" : "Type_of_Company",
      "primaryKeyField" : false,
      "readOnly" : false,
      "required" : false,
      "showTimeZone" : false,
      "systemReserved" : false,
      "unique" : false
    }, {
      "autoGenerated" : false,
      "columnName" : "VAT_Rate",
      "dataType" : "STRING",
      "displayIndex" : 34,
      "indexedForSearch" : true,
      "length" : 20,
      "localizedLabels" : [ {
        "label" : "VAT Rate",
        "localeCd" : "en-US"
      } ],
      "name" : "VAT_Rate",
      "primaryKeyField" : false,
      "readOnly" : false,
      "required" : false,
      "showTimeZone" : false,
      "systemReserved" : false,
      "unique" : false
    }, {
      "autoGenerated" : false,
      "columnName" : "VAT_Reg_Nmbr",
      "dataType" : "STRING",
      "displayIndex" : 32,
      "indexedForSearch" : true,
      "length" : 20,
      "localizedLabels" : [ {
        "label" : "VAT Reg Nmbr",
        "localeCd" : "en-US"
      } ],
      "name" : "VAT_Reg_Nmbr",
      "primaryKeyField" : false,
      "readOnly" : false,
      "required" : false,
      "showTimeZone" : false,
      "systemReserved" : false,
      "unique" : false
    }, {
      "autoGenerated" : true,
      "columnName" : "company_information_id",
      "dataType" : "STRING",
      "displayIndex" : 0,
      "indexedForSearch" : true,
      "length" : 36,
      "localizedLabels" : [ {
        "label" : "Company_Information ID",
        "localeCd" : "en-US"
      } ],
      "name" : "company_information_id",
      "primaryKeyField" : true,
      "primaryKeySeqNo" : 1,
      "readOnly" : true,
      "required" : true,
      "showTimeZone" : false,
      "systemReserved" : true,
      "unique" : true
    }, {
      "autoGenerated" : false,
      "columnName" : "created_at_dttm",
      "dataType" : "TIMESTAMP",
      "displayIndex" : 3,
      "indexedForSearch" : true,
      "localizedLabels" : [ {
        "label" : "Date-Time Created",
        "localeCd" : "en-US"
      } ],
      "name" : "created_at_dttm",
      "primaryKeyField" : false,
      "readOnly" : true,
      "required" : false,
      "showTimeZone" : false,
      "systemReserved" : true,
      "unique" : false
    }, {
      "autoGenerated" : false,
      "columnName" : "created_by_user_id",
      "dataType" : "STRING",
      "displayIndex" : 1,
      "indexedForSearch" : true,
      "length" : 255,
      "localizedLabels" : [ {
        "label" : "Created By",
        "localeCd" : "en-US"
      } ],
      "name" : "created_by_user_id",
      "primaryKeyField" : false,
      "readOnly" : true,
      "required" : false,
      "showTimeZone" : false,
      "systemReserved" : true,
      "unique" : false
    }, {
      "autoGenerated" : false,
      "columnName" : "last_updated_at_dttm",
      "dataType" : "TIMESTAMP",
      "displayIndex" : 4,
      "indexedForSearch" : true,
      "localizedLabels" : [ {
        "label" : "Last Modified Date-Time",
        "localeCd" : "en-US"
      } ],
      "name" : "last_updated_at_dttm",
      "primaryKeyField" : false,
      "readOnly" : true,
      "required" : false,
      "showTimeZone" : false,
      "systemReserved" : true,
      "unique" : false
    }, {
      "autoGenerated" : false,
      "columnName" : "last_updated_by_user_id",
      "dataType" : "STRING",
      "displayIndex" : 2,
      "indexedForSearch" : true,
      "length" : 255,
      "localizedLabels" : [ {
        "label" : "Last Modified By",
        "localeCd" : "en-US"
      } ],
      "name" : "last_updated_by_user_id",
      "primaryKeyField" : false,
      "readOnly" : true,
      "required" : false,
      "showTimeZone" : false,
      "systemReserved" : true,
      "unique" : false
    }, {
      "autoGenerated" : false,
      "columnName" : "version",
      "dataType" : "LONG",
      "displayIndex" : 5,
      "indexedForSearch" : true,
      "localizedLabels" : [ {
        "label" : "Version",
        "localeCd" : "en-US"
      } ],
      "name" : "version",
      "primaryKeyField" : false,
      "readOnly" : true,
      "required" : true,
      "showTimeZone" : false,
      "systemReserved" : true,
      "unique" : false
    } ],
    "historyEnabled" : false,
    "indexedForSearch" : true,
    "lastUpdatedAtTimeFieldName" : "last_updated_at_dttm",
    "localizedLabels" : [ {
      "label" : "Master_Entity",
      "localeCd" : "en-US"
    } ],
    "markerColor" : "#00517F",
    "mobileOfflineEnabled" : false,
    "name" : "Company_Information",
    "nodeColor" : "#575757",
    "nodeDecoration" : { },
    "nodeShape" : "square",
    "readOnly" : false,
    "reindexRequired" : false,
    "requireSearchBeforeCreate" : false,
    "scale" : 1,
    "systemReserved" : false,
    "tableName" : "Company_Information",
    "type" : "MANAGED"
  } ],
  "handlerName" : "datahub"
}