{
  "schemaVersion" : "10.7.0",
  "documents" : [ {
    "attachmentsIndexedForSearch" : false,
    "borderColor" : "#BFBFBF",
    "borderWidth" : 1,
    "dataStoreAssignedTimeZone" : "Etc/UTC",
    "dataStoreDefaultSchemaName" : "training",
    "dataStoreName" : "training_db",
    "defaultRegularIcon" : {
      "name" : "Address16Brown"
    },
    "displayTextFields" : [ {
      "displayIndex" : 0,
      "name" : "address_id"
    }, {
      "displayIndex" : 1,
      "name" : "address_line_1"
    }, {
      "displayIndex" : 2,
      "name" : "state_code"
    } ],
    "elementGroupRoot" : false,
    "enableCasDistributedDataLoad" : false,
    "fields" : [ {
      "autoGenerated" : false,
      "columnName" : "address_id",
      "dataType" : "STRING",
      "displayIndex" : 0,
      "indexedForSearch" : true,
      "length" : 20,
      "localizedLabels" : [ {
        "label" : "Address Id",
        "localeCd" : "en-US"
      } ],
      "name" : "address_id",
      "primaryKeyField" : true,
      "primaryKeySeqNo" : 1,
      "readOnly" : true,
      "required" : true,
      "showTimeZone" : false,
      "systemReserved" : false,
      "unique" : true
    }, {
      "autoGenerated" : false,
      "columnName" : "address_line_1",
      "dataType" : "STRING",
      "displayIndex" : 2,
      "indexedForSearch" : true,
      "length" : 20,
      "localizedLabels" : [ {
        "label" : "Address Line 1",
        "localeCd" : "en-US"
      } ],
      "name" : "address_line_1",
      "primaryKeyField" : false,
      "primaryKeySeqNo" : 0,
      "readOnly" : true,
      "required" : false,
      "showTimeZone" : false,
      "systemReserved" : false,
      "unique" : false
    }, {
      "autoGenerated" : false,
      "columnName" : "address_line_2",
      "dataType" : "STRING",
      "displayIndex" : 3,
      "indexedForSearch" : true,
      "length" : 20,
      "localizedLabels" : [ {
        "label" : "Address Line 2",
        "localeCd" : "en-US"
      } ],
      "name" : "address_line_2",
      "primaryKeyField" : false,
      "primaryKeySeqNo" : 0,
      "readOnly" : true,
      "required" : false,
      "showTimeZone" : false,
      "systemReserved" : false,
      "unique" : false
    }, {
      "autoGenerated" : false,
      "columnName" : "country_code",
      "dataType" : "STRING",
      "displayIndex" : 5,
      "indexedForSearch" : true,
      "length" : 20,
      "localizedLabels" : [ {
        "label" : "Country Code",
        "localeCd" : "en-US"
      } ],
      "name" : "country_code",
      "primaryKeyField" : false,
      "primaryKeySeqNo" : 0,
      "readOnly" : true,
      "required" : false,
      "showTimeZone" : false,
      "systemReserved" : false,
      "unique" : false
    }, {
      "autoGenerated" : false,
      "columnName" : "customer_number",
      "dataType" : "STRING",
      "displayIndex" : 1,
      "indexedForSearch" : true,
      "length" : 20,
      "localizedLabels" : [ {
        "label" : "Customer Number",
        "localeCd" : "en-US"
      } ],
      "name" : "customer_number",
      "primaryKeyField" : false,
      "primaryKeySeqNo" : 0,
      "readOnly" : true,
      "required" : false,
      "showTimeZone" : false,
      "systemReserved" : false,
      "unique" : false
    }, {
      "autoGenerated" : false,
      "columnName" : "load_dt",
      "dataType" : "TIMESTAMP",
      "displayIndex" : 7,
      "indexedForSearch" : true,
      "localizedLabels" : [ {
        "label" : "Load Dt",
        "localeCd" : "en-US"
      } ],
      "name" : "load_dt",
      "primaryKeyField" : false,
      "primaryKeySeqNo" : 0,
      "readOnly" : true,
      "required" : false,
      "showTimeZone" : false,
      "systemReserved" : false,
      "unique" : false
    }, {
      "autoGenerated" : false,
      "columnName" : "state_code",
      "dataType" : "STRING",
      "displayIndex" : 4,
      "indexedForSearch" : true,
      "length" : 20,
      "localizedLabels" : [ {
        "label" : "State Code",
        "localeCd" : "en-US"
      } ],
      "name" : "state_code",
      "primaryKeyField" : false,
      "primaryKeySeqNo" : 0,
      "readOnly" : true,
      "required" : false,
      "showTimeZone" : false,
      "systemReserved" : false,
      "unique" : false
    }, {
      "autoGenerated" : false,
      "columnName" : "zip",
      "dataType" : "STRING",
      "displayIndex" : 6,
      "indexedForSearch" : true,
      "length" : 20,
      "localizedLabels" : [ {
        "label" : "Zip",
        "localeCd" : "en-US"
      } ],
      "name" : "zip",
      "primaryKeyField" : false,
      "primaryKeySeqNo" : 0,
      "readOnly" : true,
      "required" : false,
      "showTimeZone" : false,
      "systemReserved" : false,
      "unique" : false
    } ],
    "historyEnabled" : false,
    "indexedForSearch" : true,
    "lastUpdatedAtTimeFieldName" : "load_dt",
    "localizedDescriptions" : [ {
      "description" : "Table containing the entity \"Address\"",
      "localeCd" : "en-US"
    } ],
    "localizedLabels" : [ {
      "label" : "Address",
      "localeCd" : "en-US"
    } ],
    "markerColor" : "#74661b",
    "mobileOfflineEnabled" : false,
    "name" : "cus_address",
    "nodeColor" : "#FFFFFF",
    "nodeDecoration" : { },
    "nodeShape" : "square",
    "readOnly" : true,
    "reindexRequired" : false,
    "requireSearchBeforeCreate" : false,
    "scale" : 1,
    "systemReserved" : false,
    "tableName" : "cus_address",
    "type" : "SOURCE"
  } ],
  "handlerName" : "datahub"
}