{
  "schemaVersion" : "10.7.0",
  "documents" : [ {
    "attachmentsIndexedForSearch" : false,
    "borderColor" : "#BFBFBF",
    "borderWidth" : 1,
    "dataStoreAssignedTimeZone" : "Etc/UTC",
    "dataStoreDefaultSchemaName" : "training",
    "dataStoreName" : "training_db",
    "defaultRegularIcon" : {
      "name" : "Phone16Gray"
    },
    "displayTextFields" : [ {
      "displayIndex" : 0,
      "name" : "phone_number"
    }, {
      "displayIndex" : 1,
      "name" : "phone_type"
    } ],
    "elementGroupRoot" : false,
    "enableCasDistributedDataLoad" : false,
    "fields" : [ {
      "autoGenerated" : false,
      "columnName" : "customer_number",
      "dataType" : "STRING",
      "displayIndex" : 2,
      "indexedForSearch" : true,
      "length" : 20,
      "localizedLabels" : [ {
        "label" : "Customer Number",
        "localeCd" : "en-US"
      } ],
      "name" : "customer_number",
      "primaryKeyField" : false,
      "primaryKeySeqNo" : 0,
      "readOnly" : true,
      "required" : false,
      "showTimeZone" : false,
      "systemReserved" : false,
      "unique" : false
    }, {
      "autoGenerated" : false,
      "columnName" : "load_dt",
      "dataType" : "TIMESTAMP",
      "displayIndex" : 4,
      "indexedForSearch" : true,
      "localizedLabels" : [ {
        "label" : "Load Dt",
        "localeCd" : "en-US"
      } ],
      "name" : "load_dt",
      "primaryKeyField" : false,
      "primaryKeySeqNo" : 0,
      "readOnly" : true,
      "required" : false,
      "showTimeZone" : false,
      "systemReserved" : false,
      "unique" : false
    }, {
      "autoGenerated" : false,
      "columnName" : "phone_id",
      "dataType" : "STRING",
      "displayIndex" : 0,
      "indexedForSearch" : true,
      "length" : 20,
      "localizedLabels" : [ {
        "label" : "Phone Id",
        "localeCd" : "en-US"
      } ],
      "name" : "phone_id",
      "primaryKeyField" : true,
      "primaryKeySeqNo" : 1,
      "readOnly" : true,
      "required" : true,
      "showTimeZone" : false,
      "systemReserved" : false,
      "unique" : true
    }, {
      "autoGenerated" : false,
      "columnName" : "phone_number",
      "dataType" : "STRING",
      "displayIndex" : 1,
      "indexedForSearch" : true,
      "length" : 20,
      "localizedLabels" : [ {
        "label" : "Phone Number",
        "localeCd" : "en-US"
      } ],
      "name" : "phone_number",
      "primaryKeyField" : false,
      "primaryKeySeqNo" : 0,
      "readOnly" : true,
      "required" : false,
      "showTimeZone" : false,
      "systemReserved" : false,
      "unique" : false
    }, {
      "autoGenerated" : false,
      "columnName" : "phone_type",
      "dataType" : "STRING",
      "displayIndex" : 3,
      "indexedForSearch" : true,
      "length" : 20,
      "localizedLabels" : [ {
        "label" : "Phone Type",
        "localeCd" : "en-US"
      } ],
      "name" : "phone_type",
      "primaryKeyField" : false,
      "primaryKeySeqNo" : 0,
      "readOnly" : true,
      "required" : false,
      "showTimeZone" : false,
      "systemReserved" : false,
      "unique" : false
    } ],
    "historyEnabled" : false,
    "indexedForSearch" : true,
    "lastUpdatedAtTimeFieldName" : "load_dt",
    "localizedDescriptions" : [ {
      "description" : "Table containing the entity \"Phone\"",
      "localeCd" : "en-US"
    } ],
    "localizedLabels" : [ {
      "label" : "Phone",
      "localeCd" : "en-US"
    } ],
    "markerColor" : "#818181",
    "mobileOfflineEnabled" : false,
    "name" : "cus_phone",
    "nodeColor" : "#FFFFFF",
    "nodeDecoration" : { },
    "nodeShape" : "square",
    "readOnly" : true,
    "reindexRequired" : false,
    "requireSearchBeforeCreate" : false,
    "scale" : 1,
    "systemReserved" : false,
    "tableName" : "cus_phone",
    "type" : "SOURCE"
  } ],
  "handlerName" : "datahub"
}