{
  "schemaVersion" : "10.7.0",
  "documents" : [ {
    "attachmentsIndexedForSearch" : false,
    "borderColor" : "#BFBFBF",
    "borderWidth" : 1,
    "dataStoreAssignedTimeZone" : "Etc/UTC",
    "dataStoreDefaultSchemaName" : "training",
    "dataStoreName" : "training_db",
    "defaultRegularIcon" : {
      "name" : "PersonalCustomer"
    },
    "displayTextFields" : [ {
      "displayIndex" : 0,
      "name" : "cif"
    }, {
      "displayIndex" : 1,
      "name" : "name"
    } ],
    "elementGroupRoot" : false,
    "enableCasDistributedDataLoad" : false,
    "fields" : [ {
      "autoGenerated" : false,
      "columnName" : "cif",
      "dataType" : "STRING",
      "displayIndex" : 1,
      "indexedForSearch" : true,
      "length" : 20,
      "localizedLabels" : [ {
        "label" : "Cif",
        "localeCd" : "en-US"
      } ],
      "name" : "cif",
      "primaryKeyField" : true,
      "primaryKeySeqNo" : 1,
      "readOnly" : true,
      "required" : true,
      "showTimeZone" : false,
      "systemReserved" : false,
      "unique" : true
    }, {
      "autoGenerated" : false,
      "columnName" : "cus_type",
      "dataType" : "STRING",
      "displayIndex" : 2,
      "indexedForSearch" : true,
      "length" : 20,
      "localizedLabels" : [ {
        "label" : "Cus Type",
        "localeCd" : "en-US"
      } ],
      "name" : "cus_type",
      "primaryKeyField" : false,
      "primaryKeySeqNo" : 0,
      "readOnly" : true,
      "required" : false,
      "showTimeZone" : false,
      "systemReserved" : false,
      "unique" : false
    }, {
      "autoGenerated" : false,
      "columnName" : "dob",
      "dataType" : "DATE",
      "displayIndex" : 3,
      "indexedForSearch" : true,
      "localizedLabels" : [ {
        "label" : "Dob",
        "localeCd" : "en-US"
      } ],
      "name" : "dob",
      "primaryKeyField" : false,
      "primaryKeySeqNo" : 0,
      "readOnly" : true,
      "required" : false,
      "showTimeZone" : false,
      "systemReserved" : false,
      "unique" : false
    }, {
      "autoGenerated" : false,
      "columnName" : "is_minor",
      "dataType" : "STRING",
      "displayIndex" : 7,
      "indexedForSearch" : true,
      "length" : 1,
      "localizedLabels" : [ {
        "label" : "Is Minor",
        "localeCd" : "en-US"
      } ],
      "name" : "is_minor",
      "primaryKeyField" : false,
      "primaryKeySeqNo" : 0,
      "readOnly" : true,
      "required" : false,
      "showTimeZone" : false,
      "systemReserved" : false,
      "unique" : false
    }, {
      "autoGenerated" : false,
      "columnName" : "load_dt",
      "dataType" : "TIMESTAMP",
      "displayIndex" : 8,
      "indexedForSearch" : true,
      "localizedLabels" : [ {
        "label" : "Load Dt",
        "localeCd" : "en-US"
      } ],
      "name" : "load_dt",
      "primaryKeyField" : false,
      "primaryKeySeqNo" : 0,
      "readOnly" : true,
      "required" : false,
      "showTimeZone" : false,
      "systemReserved" : false,
      "unique" : false
    }, {
      "autoGenerated" : false,
      "columnName" : "name",
      "dataType" : "STRING",
      "displayIndex" : 0,
      "indexedForSearch" : true,
      "length" : 20,
      "localizedLabels" : [ {
        "label" : "Name",
        "localeCd" : "en-US"
      } ],
      "name" : "name",
      "primaryKeyField" : false,
      "primaryKeySeqNo" : 0,
      "readOnly" : true,
      "required" : false,
      "showTimeZone" : false,
      "systemReserved" : false,
      "unique" : false
    }, {
      "autoGenerated" : false,
      "columnName" : "pep",
      "dataType" : "STRING",
      "displayIndex" : 5,
      "indexedForSearch" : true,
      "length" : 1,
      "localizedLabels" : [ {
        "label" : "Pep",
        "localeCd" : "en-US"
      } ],
      "name" : "pep",
      "primaryKeyField" : false,
      "primaryKeySeqNo" : 0,
      "readOnly" : true,
      "required" : false,
      "showTimeZone" : false,
      "systemReserved" : false,
      "unique" : false
    }, {
      "autoGenerated" : false,
      "columnName" : "segment",
      "dataType" : "STRING",
      "displayIndex" : 6,
      "indexedForSearch" : true,
      "length" : 20,
      "localizedLabels" : [ {
        "label" : "Segment",
        "localeCd" : "en-US"
      } ],
      "name" : "segment",
      "primaryKeyField" : false,
      "primaryKeySeqNo" : 0,
      "readOnly" : true,
      "required" : false,
      "showTimeZone" : false,
      "systemReserved" : false,
      "unique" : false
    }, {
      "autoGenerated" : false,
      "columnName" : "start_date",
      "dataType" : "DATE",
      "displayIndex" : 4,
      "indexedForSearch" : true,
      "localizedLabels" : [ {
        "label" : "Start Date",
        "localeCd" : "en-US"
      } ],
      "name" : "start_date",
      "primaryKeyField" : false,
      "primaryKeySeqNo" : 0,
      "readOnly" : true,
      "required" : false,
      "showTimeZone" : false,
      "systemReserved" : false,
      "unique" : false
    } ],
    "historyEnabled" : false,
    "indexedForSearch" : true,
    "lastUpdatedAtTimeFieldName" : "load_dt",
    "localizedDescriptions" : [ {
      "description" : "Table containing the entity \"Customer\"",
      "localeCd" : "en-US"
    } ],
    "localizedLabels" : [ {
      "label" : "Customer",
      "localeCd" : "en-US"
    } ],
    "markerColor" : "#9d2b12",
    "mobileOfflineEnabled" : false,
    "name" : "customer",
    "nodeColor" : "#FFFFFF",
    "nodeDecoration" : { },
    "nodeShape" : "square",
    "readOnly" : true,
    "reindexRequired" : false,
    "requireSearchBeforeCreate" : false,
    "scale" : 1,
    "systemReserved" : false,
    "tableName" : "customer",
    "type" : "SOURCE"
  } ],
  "handlerName" : "datahub"
}