{
  "schemaVersion" : "10.7.0",
  "documents" : [ {
    "attachmentsIndexedForSearch" : false,
    "borderColor" : "#BFBFBF",
    "borderWidth" : 1,
    "dataStoreAssignedTimeZone" : "Etc/UTC",
    "dataStoreDefaultSchemaName" : "fdhdata",
    "dataStoreName" : "DEFAULT_STORE",
    "displayTextFields" : [ {
      "displayIndex" : 0,
      "name" : "kyc_and_staff_detail_id"
    } ],
    "elementGroupRoot" : false,
    "enableCasDistributedDataLoad" : false,
    "fields" : [ {
      "autoGenerated" : false,
      "columnName" : "Client_Class",
      "constrainingListName" : "Client_Class",
      "dataType" : "REFERENCE_DATA",
      "displayIndex" : 8,
      "indexedForSearch" : true,
      "length" : 10,
      "localizedLabels" : [ {
        "label" : "Client Class",
        "localeCd" : "en-US"
      } ],
      "name" : "Client_Class",
      "primaryKeyField" : false,
      "readOnly" : false,
      "required" : false,
      "showTimeZone" : false,
      "systemReserved" : false,
      "unique" : false
    }, {
      "autoGenerated" : false,
      "columnName" : "Ent_Class",
      "constrainingListName" : "ent_class",
      "dataType" : "REFERENCE_DATA",
      "displayIndex" : 12,
      "indexedForSearch" : true,
      "length" : 10,
      "localizedLabels" : [ {
        "label" : "Ent Class",
        "localeCd" : "en-US"
      } ],
      "name" : "Ent_Class",
      "primaryKeyField" : false,
      "readOnly" : false,
      "required" : false,
      "showTimeZone" : false,
      "systemReserved" : false,
      "unique" : false
    }, {
      "autoGenerated" : false,
      "columnName" : "Event_Remarks",
      "dataType" : "STRING",
      "displayIndex" : 20,
      "indexedForSearch" : true,
      "length" : 20,
      "localizedLabels" : [ {
        "label" : "Event Remarks",
        "localeCd" : "en-US"
      } ],
      "name" : "Event_Remarks",
      "primaryKeyField" : false,
      "readOnly" : false,
      "required" : false,
      "showTimeZone" : false,
      "systemReserved" : false,
      "unique" : false
    }, {
      "autoGenerated" : false,
      "columnName" : "ISBA_Client",
      "constrainingListName" : "ISBA",
      "dataType" : "REFERENCE_DATA",
      "displayIndex" : 9,
      "indexedForSearch" : true,
      "length" : 10,
      "localizedLabels" : [ {
        "label" : "ISBA Client",
        "localeCd" : "en-US"
      } ],
      "name" : "ISBA_Client",
      "primaryKeyField" : false,
      "readOnly" : false,
      "required" : false,
      "showTimeZone" : false,
      "systemReserved" : false,
      "unique" : false
    }, {
      "autoGenerated" : false,
      "columnName" : "KYC_Expiry_Date",
      "dataType" : "DATE",
      "displayIndex" : 5,
      "indexedForSearch" : true,
      "localizedLabels" : [ {
        "label" : "KYC Expiry Date",
        "localeCd" : "en-US"
      } ],
      "name" : "KYC_Expiry_Date",
      "primaryKeyField" : false,
      "readOnly" : false,
      "required" : false,
      "showTimeZone" : false,
      "systemReserved" : false,
      "unique" : false
    }, {
      "autoGenerated" : false,
      "columnName" : "KYC_Form_Date",
      "dataType" : "DATE",
      "displayIndex" : 4,
      "indexedForSearch" : true,
      "localizedLabels" : [ {
        "label" : "KYC Form Date",
        "localeCd" : "en-US"
      } ],
      "name" : "KYC_Form_Date",
      "primaryKeyField" : false,
      "readOnly" : false,
      "required" : false,
      "showTimeZone" : false,
      "systemReserved" : false,
      "unique" : false
    }, {
      "autoGenerated" : false,
      "columnName" : "KYC_On_Date",
      "dataType" : "DATE",
      "displayIndex" : 3,
      "indexedForSearch" : true,
      "localizedLabels" : [ {
        "label" : "KYC On Date",
        "localeCd" : "en-US"
      } ],
      "name" : "KYC_On_Date",
      "primaryKeyField" : false,
      "readOnly" : false,
      "required" : false,
      "showTimeZone" : false,
      "systemReserved" : false,
      "unique" : false
    }, {
      "autoGenerated" : false,
      "columnName" : "KYC_Reason",
      "constrainingListName" : "KYC_Reason",
      "dataType" : "REFERENCE_DATA",
      "displayIndex" : 6,
      "indexedForSearch" : true,
      "length" : 10,
      "localizedLabels" : [ {
        "label" : "KYC Reason",
        "localeCd" : "en-US"
      } ],
      "name" : "KYC_Reason",
      "primaryKeyField" : false,
      "readOnly" : false,
      "required" : false,
      "showTimeZone" : false,
      "systemReserved" : false,
      "unique" : false
    }, {
      "autoGenerated" : false,
      "columnName" : "KYC_Reliance",
      "constrainingListName" : "KYC_Reliance",
      "dataType" : "REFERENCE_DATA",
      "displayIndex" : 2,
      "indexedForSearch" : true,
      "length" : 10,
      "localizedLabels" : [ {
        "label" : "KYC Reliance",
        "localeCd" : "en-US"
      } ],
      "name" : "KYC_Reliance",
      "primaryKeyField" : false,
      "readOnly" : false,
      "required" : false,
      "showTimeZone" : false,
      "systemReserved" : false,
      "unique" : false
    }, {
      "autoGenerated" : false,
      "columnName" : "KYC_Staff",
      "constrainingListName" : "KYC_Staff",
      "dataType" : "REFERENCE_DATA",
      "displayIndex" : 21,
      "indexedForSearch" : true,
      "length" : 10,
      "localizedLabels" : [ {
        "label" : "KYC Staff",
        "localeCd" : "en-US"
      } ],
      "name" : "KYC_Staff",
      "primaryKeyField" : false,
      "readOnly" : false,
      "required" : false,
      "showTimeZone" : false,
      "systemReserved" : false,
      "unique" : false
    }, {
      "autoGenerated" : false,
      "columnName" : "KYC_Status",
      "dataType" : "STRING",
      "displayIndex" : 15,
      "indexedForSearch" : true,
      "length" : 20,
      "localizedLabels" : [ {
        "label" : "KYC Status",
        "localeCd" : "en-US"
      } ],
      "name" : "KYC_Status",
      "primaryKeyField" : false,
      "readOnly" : false,
      "required" : false,
      "showTimeZone" : false,
      "systemReserved" : false,
      "unique" : false
    }, {
      "autoGenerated" : false,
      "columnName" : "KYC_Update",
      "constrainingListName" : "KYC_Up",
      "dataType" : "REFERENCE_DATA",
      "displayIndex" : 7,
      "indexedForSearch" : true,
      "length" : 10,
      "localizedLabels" : [ {
        "label" : "KYC Update",
        "localeCd" : "en-US"
      } ],
      "name" : "KYC_Update",
      "primaryKeyField" : false,
      "readOnly" : false,
      "required" : false,
      "showTimeZone" : false,
      "systemReserved" : false,
      "unique" : false
    }, {
      "autoGenerated" : false,
      "columnName" : "Line_Of_Buss",
      "dataType" : "STRING",
      "displayIndex" : 25,
      "indexedForSearch" : true,
      "length" : 20,
      "localizedLabels" : [ {
        "label" : "Line Of Buss",
        "localeCd" : "en-US"
      } ],
      "name" : "Line_Of_Buss",
      "primaryKeyField" : false,
      "readOnly" : false,
      "required" : false,
      "showTimeZone" : false,
      "systemReserved" : false,
      "unique" : false
    }, {
      "autoGenerated" : false,
      "columnName" : "Official_Rec",
      "dataType" : "BOOLEAN",
      "displayIndex" : 13,
      "indexedForSearch" : true,
      "localizedLabels" : [ {
        "label" : "Official Rec",
        "localeCd" : "en-US"
      } ],
      "name" : "Official_Rec",
      "primaryKeyField" : false,
      "readOnly" : false,
      "required" : false,
      "showTimeZone" : false,
      "systemReserved" : false,
      "unique" : false
    }, {
      "autoGenerated" : false,
      "columnName" : "Online_Ser",
      "constrainingListName" : "online_ser",
      "dataType" : "REFERENCE_DATA",
      "displayIndex" : 17,
      "indexedForSearch" : true,
      "length" : 10,
      "localizedLabels" : [ {
        "label" : "Online Ser",
        "localeCd" : "en-US"
      } ],
      "name" : "Online_Ser",
      "primaryKeyField" : false,
      "readOnly" : false,
      "required" : false,
      "showTimeZone" : false,
      "systemReserved" : false,
      "unique" : false
    }, {
      "autoGenerated" : false,
      "columnName" : "Pref_Lang",
      "constrainingListName" : "Lang",
      "dataType" : "REFERENCE_DATA",
      "displayIndex" : 16,
      "indexedForSearch" : true,
      "length" : 10,
      "localizedLabels" : [ {
        "label" : "Pref Lang",
        "localeCd" : "en-US"
      } ],
      "name" : "Pref_Lang",
      "primaryKeyField" : false,
      "readOnly" : false,
      "required" : false,
      "showTimeZone" : false,
      "systemReserved" : false,
      "unique" : false
    }, {
      "autoGenerated" : false,
      "columnName" : "Rel_Status",
      "constrainingListName" : "Rel_Status",
      "dataType" : "REFERENCE_DATA",
      "displayIndex" : 14,
      "indexedForSearch" : true,
      "length" : 10,
      "localizedLabels" : [ {
        "label" : "Rel Status",
        "localeCd" : "en-US"
      } ],
      "name" : "Rel_Status",
      "primaryKeyField" : false,
      "readOnly" : false,
      "required" : false,
      "showTimeZone" : false,
      "systemReserved" : false,
      "unique" : false
    }, {
      "autoGenerated" : false,
      "columnName" : "Relationship_Manager",
      "constrainingListName" : "RM",
      "dataType" : "REFERENCE_DATA",
      "displayIndex" : 23,
      "indexedForSearch" : true,
      "length" : 10,
      "localizedLabels" : [ {
        "label" : "Relationship Manager",
        "localeCd" : "en-US"
      } ],
      "name" : "Relationship_Manager",
      "primaryKeyField" : false,
      "readOnly" : false,
      "required" : false,
      "showTimeZone" : false,
      "systemReserved" : false,
      "unique" : false
    }, {
      "autoGenerated" : false,
      "columnName" : "Rest_Code",
      "constrainingListName" : "Rest_Code",
      "dataType" : "REFERENCE_DATA",
      "displayIndex" : 19,
      "indexedForSearch" : true,
      "length" : 10,
      "localizedLabels" : [ {
        "label" : "Rest Code",
        "localeCd" : "en-US"
      } ],
      "name" : "Rest_Code",
      "primaryKeyField" : false,
      "readOnly" : false,
      "required" : false,
      "showTimeZone" : false,
      "systemReserved" : false,
      "unique" : false
    }, {
      "autoGenerated" : false,
      "columnName" : "SCC_Status",
      "constrainingListName" : "scc_status",
      "dataType" : "REFERENCE_DATA",
      "displayIndex" : 11,
      "indexedForSearch" : true,
      "length" : 10,
      "localizedLabels" : [ {
        "label" : "SCC Status",
        "localeCd" : "en-US"
      } ],
      "name" : "SCC_Status",
      "primaryKeyField" : false,
      "readOnly" : false,
      "required" : false,
      "showTimeZone" : false,
      "systemReserved" : false,
      "unique" : false
    }, {
      "autoGenerated" : false,
      "columnName" : "SCC_Type",
      "constrainingListName" : "scc_type",
      "dataType" : "REFERENCE_DATA",
      "displayIndex" : 10,
      "indexedForSearch" : true,
      "length" : 10,
      "localizedLabels" : [ {
        "label" : "SCC Type",
        "localeCd" : "en-US"
      } ],
      "name" : "SCC_Type",
      "primaryKeyField" : false,
      "readOnly" : false,
      "required" : false,
      "showTimeZone" : false,
      "systemReserved" : false,
      "unique" : false
    }, {
      "autoGenerated" : false,
      "columnName" : "Sign_Off_Date",
      "dataType" : "DATE",
      "displayIndex" : 24,
      "indexedForSearch" : true,
      "localizedLabels" : [ {
        "label" : "Sign Off Date",
        "localeCd" : "en-US"
      } ],
      "name" : "Sign_Off_Date",
      "primaryKeyField" : false,
      "readOnly" : false,
      "required" : false,
      "showTimeZone" : false,
      "systemReserved" : false,
      "unique" : false
    }, {
      "autoGenerated" : false,
      "columnName" : "Staff_Nmbr",
      "dataType" : "STRING",
      "displayIndex" : 22,
      "indexedForSearch" : true,
      "length" : 20,
      "localizedLabels" : [ {
        "label" : "Staff Nmbr",
        "localeCd" : "en-US"
      } ],
      "name" : "Staff_Nmbr",
      "primaryKeyField" : false,
      "readOnly" : false,
      "required" : false,
      "showTimeZone" : false,
      "systemReserved" : false,
      "unique" : false
    }, {
      "autoGenerated" : false,
      "columnName" : "Trade_Option",
      "constrainingListName" : "Trade_opt",
      "dataType" : "REFERENCE_DATA",
      "displayIndex" : 18,
      "indexedForSearch" : true,
      "length" : 10,
      "localizedLabels" : [ {
        "label" : "Trade Option",
        "localeCd" : "en-US"
      } ],
      "name" : "Trade_Option",
      "primaryKeyField" : false,
      "readOnly" : false,
      "required" : false,
      "showTimeZone" : false,
      "systemReserved" : false,
      "unique" : false
    }, {
      "autoGenerated" : false,
      "columnName" : "company_information_id",
      "dataType" : "STRING",
      "displayIndex" : 1,
      "indexedForSearch" : true,
      "length" : 36,
      "localizedLabels" : [ {
        "label" : "Company_Information ID",
        "localeCd" : "en-US"
      } ],
      "name" : "company_information_id",
      "primaryKeyField" : false,
      "primaryKeySeqNo" : 1,
      "readOnly" : false,
      "required" : true,
      "showTimeZone" : false,
      "systemReserved" : true,
      "unique" : false
    }, {
      "autoGenerated" : true,
      "columnName" : "kyc_and_staff_detail_id",
      "dataType" : "STRING",
      "displayIndex" : 0,
      "indexedForSearch" : true,
      "length" : 36,
      "localizedLabels" : [ {
        "label" : "KYC_and_Staff_Detail ID",
        "localeCd" : "en-US"
      } ],
      "name" : "kyc_and_staff_detail_id",
      "primaryKeyField" : true,
      "primaryKeySeqNo" : 1,
      "readOnly" : true,
      "required" : true,
      "showTimeZone" : false,
      "systemReserved" : true,
      "unique" : true
    } ],
    "historyEnabled" : false,
    "indexedForSearch" : true,
    "localizedLabels" : [ {
      "label" : "KYC And Staff Detail",
      "localeCd" : "en-US"
    } ],
    "markerColor" : "#00517F",
    "mobileOfflineEnabled" : false,
    "name" : "KYC_and_Staff_Detail",
    "nodeColor" : "#FFFFFF",
    "nodeDecoration" : { },
    "nodeShape" : "square",
    "readOnly" : false,
    "reindexRequired" : false,
    "relationshipsTo" : [ {
      "cardinality" : "ONE_TO_MANY",
      "cascadeType" : "NONE",
      "fromObjectLabel" : "Master_Entity",
      "fromObjectName" : "Company_Information",
      "historyEnabled" : false,
      "joinConditions" : [ {
        "type" : "Conditional",
        "leftOperand" : {
          "type" : "FieldRef",
          "objectName" : "Company_Information",
          "fieldName" : "company_information_id"
        },
        "rightOperands" : [ {
          "type" : "FieldRef",
          "objectName" : "KYC_and_Staff_Detail",
          "fieldName" : "company_information_id"
        } ],
        "operator" : "EQ"
      } ],
      "localizedLabels" : [ {
        "label" : "KYC_and_Staff_Detail",
        "localeCd" : "en-US"
      } ],
      "localizedReverseLabels" : [ {
        "label" : "Company_Information",
        "localeCd" : "en-US"
      } ],
      "managed" : true,
      "name" : "KYC_and_Staff_Detail",
      "qualifiedName" : "Company_Information__KYC_and_Staff_Detail",
      "readOnly" : false,
      "reindexRequired" : false,
      "required" : false,
      "reverseName" : "Company_Information",
      "symmetric" : false,
      "systemReserved" : false,
      "toObjectLabel" : "KYC And Staff Detail",
      "toObjectName" : "KYC_and_Staff_Detail",
      "type" : "DIRECT_CHILD",
      "useCustomIndex" : false
    } ],
    "requireSearchBeforeCreate" : false,
    "scale" : 1,
    "systemReserved" : false,
    "tableName" : "KYC_and_Staff_Detail",
    "type" : "MANAGED"
  } ],
  "handlerName" : "datahub"
}