{
  "schemaVersion" : "10.7.0",
  "documents" : [ {
    "attachmentsIndexedForSearch" : false,
    "borderColor" : "#BFBFBF",
    "borderWidth" : 1,
    "createdAtTimeFieldName" : "created_at_dttm",
    "dataStoreAssignedTimeZone" : "Etc/UTC",
    "dataStoreDefaultSchemaName" : "fdhdata",
    "dataStoreName" : "DEFAULT_STORE",
    "defaultRegularIcon" : {
      "name" : "EntityObject_dkBlue"
    },
    "deleteTableName" : "VEuJ1tUetsJXwEvAuUMZuuX3vfFKj5",
    "displayTextFields" : [ {
      "displayIndex" : 0,
      "name" : "kyc_and_staff_details_id"
    } ],
    "elementGroupRoot" : false,
    "enableCasDistributedDataLoad" : false,
    "fields" : [ {
      "autoGenerated" : false,
      "columnName" : "Client_Class",
      "constrainingListName" : "Client_Class",
      "dataType" : "REFERENCE_DATA",
      "displayIndex" : 12,
      "indexedForSearch" : true,
      "length" : 10,
      "localizedLabels" : [ {
        "label" : "Client Class",
        "localeCd" : "en-US"
      } ],
      "name" : "Client_Class",
      "primaryKeyField" : false,
      "readOnly" : false,
      "required" : false,
      "showTimeZone" : false,
      "systemReserved" : false,
      "unique" : false
    }, {
      "autoGenerated" : false,
      "columnName" : "Ent_Class",
      "constrainingListName" : "Ent_class",
      "dataType" : "REFERENCE_DATA",
      "displayIndex" : 16,
      "indexedForSearch" : true,
      "length" : 10,
      "localizedLabels" : [ {
        "label" : "Ent Class",
        "localeCd" : "en-US"
      } ],
      "name" : "Ent_Class",
      "primaryKeyField" : false,
      "readOnly" : false,
      "required" : false,
      "showTimeZone" : false,
      "systemReserved" : false,
      "unique" : false
    }, {
      "autoGenerated" : false,
      "columnName" : "Event_Remarks",
      "dataType" : "STRING",
      "displayIndex" : 24,
      "indexedForSearch" : true,
      "length" : 20,
      "localizedLabels" : [ {
        "label" : "Event Remarks",
        "localeCd" : "en-US"
      } ],
      "name" : "Event_Remarks",
      "primaryKeyField" : false,
      "readOnly" : false,
      "required" : false,
      "showTimeZone" : false,
      "systemReserved" : false,
      "unique" : false
    }, {
      "autoGenerated" : false,
      "columnName" : "ISBA_Client",
      "constrainingListName" : "ISBA",
      "dataType" : "REFERENCE_DATA",
      "displayIndex" : 13,
      "indexedForSearch" : true,
      "length" : 10,
      "localizedLabels" : [ {
        "label" : "ISBA Client",
        "localeCd" : "en-US"
      } ],
      "name" : "ISBA_Client",
      "primaryKeyField" : false,
      "readOnly" : false,
      "required" : false,
      "showTimeZone" : false,
      "systemReserved" : false,
      "unique" : false
    }, {
      "autoGenerated" : false,
      "columnName" : "KYC_Expiry_Date",
      "dataType" : "DATE",
      "displayIndex" : 9,
      "indexedForSearch" : true,
      "localizedLabels" : [ {
        "label" : "KYC Expiry Date",
        "localeCd" : "en-US"
      } ],
      "name" : "KYC_Expiry_Date",
      "primaryKeyField" : false,
      "readOnly" : false,
      "required" : false,
      "showTimeZone" : false,
      "systemReserved" : false,
      "unique" : false
    }, {
      "autoGenerated" : false,
      "columnName" : "KYC_Form_Date",
      "dataType" : "DATE",
      "displayIndex" : 8,
      "indexedForSearch" : true,
      "localizedLabels" : [ {
        "label" : "KYC Form Date",
        "localeCd" : "en-US"
      } ],
      "name" : "KYC_Form_Date",
      "primaryKeyField" : false,
      "readOnly" : false,
      "required" : false,
      "showTimeZone" : false,
      "systemReserved" : false,
      "unique" : false
    }, {
      "autoGenerated" : false,
      "columnName" : "KYC_On_Date",
      "dataType" : "DATE",
      "displayIndex" : 7,
      "indexedForSearch" : true,
      "localizedLabels" : [ {
        "label" : "KYC On Date",
        "localeCd" : "en-US"
      } ],
      "name" : "KYC_On_Date",
      "primaryKeyField" : false,
      "readOnly" : false,
      "required" : false,
      "showTimeZone" : false,
      "systemReserved" : false,
      "unique" : false
    }, {
      "autoGenerated" : false,
      "columnName" : "KYC_Reason",
      "constrainingListName" : "KYC_Reason",
      "dataType" : "REFERENCE_DATA",
      "displayIndex" : 10,
      "indexedForSearch" : true,
      "length" : 10,
      "localizedLabels" : [ {
        "label" : "KYC Reason",
        "localeCd" : "en-US"
      } ],
      "name" : "KYC_Reason",
      "primaryKeyField" : false,
      "readOnly" : false,
      "required" : false,
      "showTimeZone" : false,
      "systemReserved" : false,
      "unique" : false
    }, {
      "autoGenerated" : false,
      "columnName" : "KYC_Reliance",
      "constrainingListName" : "KYC_Reliance",
      "dataType" : "REFERENCE_DATA",
      "displayIndex" : 6,
      "indexedForSearch" : true,
      "length" : 10,
      "localizedLabels" : [ {
        "label" : "KYC Reliance",
        "localeCd" : "en-US"
      } ],
      "name" : "KYC_Reliance",
      "primaryKeyField" : false,
      "readOnly" : false,
      "required" : false,
      "showTimeZone" : false,
      "systemReserved" : false,
      "unique" : false
    }, {
      "autoGenerated" : false,
      "columnName" : "KYC_Staff",
      "constrainingListName" : "KYC_Staff",
      "dataType" : "REFERENCE_DATA",
      "displayIndex" : 25,
      "indexedForSearch" : true,
      "length" : 10,
      "localizedLabels" : [ {
        "label" : "KYC Staff",
        "localeCd" : "en-US"
      } ],
      "name" : "KYC_Staff",
      "primaryKeyField" : false,
      "readOnly" : false,
      "required" : false,
      "showTimeZone" : false,
      "systemReserved" : false,
      "unique" : false
    }, {
      "autoGenerated" : false,
      "columnName" : "KYC_Status",
      "dataType" : "STRING",
      "displayIndex" : 19,
      "indexedForSearch" : true,
      "length" : 20,
      "localizedLabels" : [ {
        "label" : "KYC Status",
        "localeCd" : "en-US"
      } ],
      "name" : "KYC_Status",
      "primaryKeyField" : false,
      "readOnly" : false,
      "required" : false,
      "showTimeZone" : false,
      "systemReserved" : false,
      "unique" : false
    }, {
      "autoGenerated" : false,
      "columnName" : "KYC_Update",
      "constrainingListName" : "KYC_Up",
      "dataType" : "REFERENCE_DATA",
      "displayIndex" : 11,
      "indexedForSearch" : true,
      "length" : 10,
      "localizedLabels" : [ {
        "label" : "KYC Update",
        "localeCd" : "en-US"
      } ],
      "name" : "KYC_Update",
      "primaryKeyField" : false,
      "readOnly" : false,
      "required" : false,
      "showTimeZone" : false,
      "systemReserved" : false,
      "unique" : false
    }, {
      "autoGenerated" : false,
      "columnName" : "Line_Of_Buss",
      "dataType" : "STRING",
      "displayIndex" : 29,
      "indexedForSearch" : true,
      "length" : 20,
      "localizedLabels" : [ {
        "label" : "Line Of Buss",
        "localeCd" : "en-US"
      } ],
      "name" : "Line_Of_Bus",
      "primaryKeyField" : false,
      "readOnly" : false,
      "required" : false,
      "showTimeZone" : false,
      "systemReserved" : false,
      "unique" : false
    }, {
      "autoGenerated" : false,
      "columnName" : "Official_Rec",
      "dataType" : "BOOLEAN",
      "displayIndex" : 17,
      "indexedForSearch" : true,
      "localizedLabels" : [ {
        "label" : "Official Rec",
        "localeCd" : "en-US"
      } ],
      "name" : "Official_Rec",
      "primaryKeyField" : false,
      "readOnly" : false,
      "required" : false,
      "showTimeZone" : false,
      "systemReserved" : false,
      "unique" : false
    }, {
      "autoGenerated" : false,
      "columnName" : "Online_Ser",
      "constrainingListName" : "online_ser",
      "dataType" : "REFERENCE_DATA",
      "displayIndex" : 21,
      "indexedForSearch" : true,
      "length" : 10,
      "localizedLabels" : [ {
        "label" : "Online Ser",
        "localeCd" : "en-US"
      } ],
      "name" : "Online_Ser",
      "primaryKeyField" : false,
      "readOnly" : false,
      "required" : false,
      "showTimeZone" : false,
      "systemReserved" : false,
      "unique" : false
    }, {
      "autoGenerated" : false,
      "columnName" : "Preff_Lang",
      "constrainingListName" : "Lang",
      "dataType" : "REFERENCE_DATA",
      "displayIndex" : 20,
      "indexedForSearch" : true,
      "length" : 10,
      "localizedLabels" : [ {
        "label" : "Preff Lang",
        "localeCd" : "en-US"
      } ],
      "name" : "Preff_Lang",
      "primaryKeyField" : false,
      "readOnly" : false,
      "required" : false,
      "showTimeZone" : false,
      "systemReserved" : false,
      "unique" : false
    }, {
      "autoGenerated" : false,
      "columnName" : "Rel_Status",
      "constrainingListName" : "Rel_Status",
      "dataType" : "REFERENCE_DATA",
      "displayIndex" : 18,
      "indexedForSearch" : true,
      "length" : 10,
      "localizedLabels" : [ {
        "label" : "Rel Status",
        "localeCd" : "en-US"
      } ],
      "name" : "Rel_Status",
      "primaryKeyField" : false,
      "readOnly" : false,
      "required" : false,
      "showTimeZone" : false,
      "systemReserved" : false,
      "unique" : false
    }, {
      "autoGenerated" : false,
      "columnName" : "Relationship_Mgr",
      "constrainingListName" : "RM",
      "dataType" : "REFERENCE_DATA",
      "displayIndex" : 27,
      "indexedForSearch" : true,
      "length" : 10,
      "localizedLabels" : [ {
        "label" : "Relationship Mgr",
        "localeCd" : "en-US"
      } ],
      "name" : "Relationship_Mng",
      "primaryKeyField" : false,
      "readOnly" : false,
      "required" : false,
      "showTimeZone" : false,
      "systemReserved" : false,
      "unique" : false
    }, {
      "autoGenerated" : false,
      "columnName" : "Rest_Code",
      "constrainingListName" : "Rest_Code",
      "dataType" : "REFERENCE_DATA",
      "displayIndex" : 23,
      "indexedForSearch" : true,
      "length" : 10,
      "localizedLabels" : [ {
        "label" : "Rest Code",
        "localeCd" : "en-US"
      } ],
      "name" : "Rest_Code",
      "primaryKeyField" : false,
      "readOnly" : false,
      "required" : false,
      "showTimeZone" : false,
      "systemReserved" : false,
      "unique" : false
    }, {
      "autoGenerated" : false,
      "columnName" : "SCC_Status",
      "constrainingListName" : "scc_status",
      "dataType" : "REFERENCE_DATA",
      "displayIndex" : 15,
      "indexedForSearch" : true,
      "length" : 10,
      "localizedLabels" : [ {
        "label" : "SCC Status",
        "localeCd" : "en-US"
      } ],
      "name" : "SCC_Status",
      "primaryKeyField" : false,
      "readOnly" : false,
      "required" : false,
      "showTimeZone" : false,
      "systemReserved" : false,
      "unique" : false
    }, {
      "autoGenerated" : false,
      "columnName" : "SCC_Type",
      "constrainingListName" : "scc_type",
      "dataType" : "REFERENCE_DATA",
      "displayIndex" : 14,
      "indexedForSearch" : true,
      "length" : 10,
      "localizedLabels" : [ {
        "label" : "SCC Type",
        "localeCd" : "en-US"
      } ],
      "name" : "SCC_Type",
      "primaryKeyField" : false,
      "readOnly" : false,
      "required" : false,
      "showTimeZone" : false,
      "systemReserved" : false,
      "unique" : false
    }, {
      "autoGenerated" : false,
      "columnName" : "Signoff_Date",
      "dataType" : "DATE",
      "displayIndex" : 28,
      "indexedForSearch" : true,
      "localizedLabels" : [ {
        "label" : "Signoff Date",
        "localeCd" : "en-US"
      } ],
      "name" : "Signoff_Date",
      "primaryKeyField" : false,
      "readOnly" : false,
      "required" : false,
      "showTimeZone" : false,
      "systemReserved" : false,
      "unique" : false
    }, {
      "autoGenerated" : false,
      "columnName" : "Staff_Nmbr",
      "dataType" : "STRING",
      "displayIndex" : 26,
      "indexedForSearch" : true,
      "length" : 20,
      "localizedLabels" : [ {
        "label" : "Staff Nmbr",
        "localeCd" : "en-US"
      } ],
      "name" : "Staff_Nmbr",
      "primaryKeyField" : false,
      "readOnly" : false,
      "required" : false,
      "showTimeZone" : false,
      "systemReserved" : false,
      "unique" : false
    }, {
      "autoGenerated" : false,
      "columnName" : "Trade_option",
      "constrainingListName" : "Trade_opt",
      "dataType" : "REFERENCE_DATA",
      "displayIndex" : 22,
      "indexedForSearch" : true,
      "length" : 10,
      "localizedLabels" : [ {
        "label" : "Trade Option",
        "localeCd" : "en-US"
      } ],
      "name" : "Trade_Opt",
      "primaryKeyField" : false,
      "readOnly" : false,
      "required" : false,
      "showTimeZone" : false,
      "systemReserved" : false,
      "unique" : false
    }, {
      "autoGenerated" : false,
      "columnName" : "created_at_dttm",
      "dataType" : "TIMESTAMP",
      "displayIndex" : 3,
      "indexedForSearch" : true,
      "localizedLabels" : [ {
        "label" : "Date-Time Created",
        "localeCd" : "en-US"
      } ],
      "name" : "created_at_dttm",
      "primaryKeyField" : false,
      "readOnly" : true,
      "required" : false,
      "showTimeZone" : false,
      "systemReserved" : true,
      "unique" : false
    }, {
      "autoGenerated" : false,
      "columnName" : "created_by_user_id",
      "dataType" : "STRING",
      "displayIndex" : 1,
      "indexedForSearch" : true,
      "length" : 255,
      "localizedLabels" : [ {
        "label" : "Created By",
        "localeCd" : "en-US"
      } ],
      "name" : "created_by_user_id",
      "primaryKeyField" : false,
      "readOnly" : true,
      "required" : false,
      "showTimeZone" : false,
      "systemReserved" : true,
      "unique" : false
    }, {
      "autoGenerated" : true,
      "columnName" : "kyc_and_staff_details_id",
      "dataType" : "STRING",
      "displayIndex" : 0,
      "indexedForSearch" : true,
      "length" : 36,
      "localizedLabels" : [ {
        "label" : "KYC_and_Staff_Details ID",
        "localeCd" : "en-US"
      } ],
      "name" : "kyc_and_staff_details_id",
      "primaryKeyField" : true,
      "primaryKeySeqNo" : 1,
      "readOnly" : true,
      "required" : true,
      "showTimeZone" : false,
      "systemReserved" : true,
      "unique" : true
    }, {
      "autoGenerated" : false,
      "columnName" : "last_updated_at_dttm",
      "dataType" : "TIMESTAMP",
      "displayIndex" : 4,
      "indexedForSearch" : true,
      "localizedLabels" : [ {
        "label" : "Last Modified Date-Time",
        "localeCd" : "en-US"
      } ],
      "name" : "last_updated_at_dttm",
      "primaryKeyField" : false,
      "readOnly" : true,
      "required" : false,
      "showTimeZone" : false,
      "systemReserved" : true,
      "unique" : false
    }, {
      "autoGenerated" : false,
      "columnName" : "last_updated_by_user_id",
      "dataType" : "STRING",
      "displayIndex" : 2,
      "indexedForSearch" : true,
      "length" : 255,
      "localizedLabels" : [ {
        "label" : "Last Modified By",
        "localeCd" : "en-US"
      } ],
      "name" : "last_updated_by_user_id",
      "primaryKeyField" : false,
      "readOnly" : true,
      "required" : false,
      "showTimeZone" : false,
      "systemReserved" : true,
      "unique" : false
    }, {
      "autoGenerated" : false,
      "columnName" : "version",
      "dataType" : "LONG",
      "displayIndex" : 5,
      "indexedForSearch" : true,
      "localizedLabels" : [ {
        "label" : "Version",
        "localeCd" : "en-US"
      } ],
      "name" : "version",
      "primaryKeyField" : false,
      "readOnly" : true,
      "required" : true,
      "showTimeZone" : false,
      "systemReserved" : true,
      "unique" : false
    } ],
    "historyEnabled" : false,
    "indexedForSearch" : true,
    "lastUpdatedAtTimeFieldName" : "last_updated_at_dttm",
    "localizedLabels" : [ {
      "label" : "KYC And Staff Details",
      "localeCd" : "en-US"
    } ],
    "markerColor" : "#00517F",
    "mobileOfflineEnabled" : false,
    "name" : "KYC_and_Staff_Details",
    "nodeColor" : "#FFFFFF",
    "nodeDecoration" : { },
    "nodeShape" : "square",
    "readOnly" : false,
    "reindexRequired" : false,
    "requireSearchBeforeCreate" : false,
    "scale" : 1,
    "systemReserved" : false,
    "tableName" : "KYC_and_Staff_Details",
    "type" : "MANAGED"
  } ],
  "handlerName" : "datahub"
}