{
  "schemaVersion" : "10.7.0",
  "documents" : [ {
    "attachmentsIndexedForSearch" : false,
    "borderColor" : "#BFBFBF",
    "borderWidth" : 1,
    "createdAtTimeFieldName" : "created_at_dttm",
    "dataStoreAssignedTimeZone" : "Etc/UTC",
    "dataStoreDefaultSchemaName" : "fdhdata",
    "dataStoreName" : "DEFAULT_STORE",
    "defaultRegularIcon" : {
      "name" : "EntityObject_dkBlue"
    },
    "deleteTableName" : "VGWwuicY2GhRDgdY2JHskw2bmiXXdE",
    "displayTextFields" : [ {
      "displayIndex" : 0,
      "name" : "shareholder_details_id"
    } ],
    "elementGroupRoot" : false,
    "enableCasDistributedDataLoad" : false,
    "fields" : [ {
      "autoGenerated" : false,
      "columnName" : "BO_Type",
      "constrainingListName" : "BO_Type",
      "dataType" : "REFERENCE_DATA",
      "displayIndex" : 9,
      "indexedForSearch" : true,
      "length" : 10,
      "localizedLabels" : [ {
        "label" : "BO Type",
        "localeCd" : "en-US"
      } ],
      "name" : "BO_Type",
      "primaryKeyField" : false,
      "readOnly" : false,
      "required" : false,
      "showTimeZone" : false,
      "systemReserved" : false,
      "unique" : false
    }, {
      "autoGenerated" : false,
      "columnName" : "Date_of_Birth",
      "dataType" : "DATE",
      "displayIndex" : 10,
      "indexedForSearch" : true,
      "localizedLabels" : [ {
        "label" : "Date Of Birth",
        "localeCd" : "en-US"
      } ],
      "name" : "Date_of_Birth",
      "primaryKeyField" : false,
      "readOnly" : false,
      "required" : false,
      "showTimeZone" : false,
      "systemReserved" : false,
      "unique" : false
    }, {
      "autoGenerated" : false,
      "columnName" : "ID_CR_No",
      "dataType" : "STRING",
      "displayIndex" : 8,
      "indexedForSearch" : true,
      "length" : 20,
      "localizedLabels" : [ {
        "label" : "ID CR No",
        "localeCd" : "en-US"
      } ],
      "name" : "ID_CR_No",
      "primaryKeyField" : false,
      "readOnly" : false,
      "required" : true,
      "showTimeZone" : false,
      "systemReserved" : false,
      "unique" : false
    }, {
      "autoGenerated" : false,
      "columnName" : "Name",
      "dataType" : "STRING",
      "displayIndex" : 6,
      "indexedForSearch" : true,
      "length" : 20,
      "localizedLabels" : [ {
        "label" : "Name",
        "localeCd" : "en-US"
      } ],
      "name" : "Name",
      "primaryKeyField" : false,
      "readOnly" : false,
      "required" : false,
      "showTimeZone" : false,
      "systemReserved" : false,
      "unique" : false
    }, {
      "autoGenerated" : false,
      "columnName" : "PEP",
      "constrainingListName" : "PEP",
      "dataType" : "REFERENCE_DATA",
      "displayIndex" : 12,
      "indexedForSearch" : true,
      "length" : 10,
      "localizedLabels" : [ {
        "label" : "Pep",
        "localeCd" : "en-US"
      } ],
      "name" : "PEP",
      "primaryKeyField" : false,
      "readOnly" : false,
      "required" : false,
      "showTimeZone" : false,
      "systemReserved" : false,
      "unique" : false
    }, {
      "autoGenerated" : false,
      "columnName" : "Percentage",
      "constrainingListName" : "Percentage",
      "dataType" : "REFERENCE_DATA",
      "displayIndex" : 7,
      "indexedForSearch" : true,
      "length" : 10,
      "localizedLabels" : [ {
        "label" : "Percentage",
        "localeCd" : "en-US"
      } ],
      "name" : "Percentage",
      "primaryKeyField" : false,
      "readOnly" : false,
      "required" : false,
      "showTimeZone" : false,
      "systemReserved" : false,
      "unique" : false
    }, {
      "autoGenerated" : false,
      "columnName" : "Res_Address_Country",
      "constrainingListName" : "Country_of_PR",
      "dataType" : "REFERENCE_DATA",
      "displayIndex" : 11,
      "indexedForSearch" : true,
      "length" : 10,
      "localizedLabels" : [ {
        "label" : "Res Address Country",
        "localeCd" : "en-US"
      } ],
      "name" : "Res_Address_Country",
      "primaryKeyField" : false,
      "readOnly" : false,
      "required" : false,
      "showTimeZone" : false,
      "systemReserved" : false,
      "unique" : false
    }, {
      "autoGenerated" : false,
      "columnName" : "created_at_dttm",
      "dataType" : "TIMESTAMP",
      "displayIndex" : 3,
      "indexedForSearch" : true,
      "localizedLabels" : [ {
        "label" : "Date-Time Created",
        "localeCd" : "en-US"
      } ],
      "name" : "created_at_dttm",
      "primaryKeyField" : false,
      "readOnly" : true,
      "required" : false,
      "showTimeZone" : false,
      "systemReserved" : true,
      "unique" : false
    }, {
      "autoGenerated" : false,
      "columnName" : "created_by_user_id",
      "dataType" : "STRING",
      "displayIndex" : 1,
      "indexedForSearch" : true,
      "length" : 255,
      "localizedLabels" : [ {
        "label" : "Created By",
        "localeCd" : "en-US"
      } ],
      "name" : "created_by_user_id",
      "primaryKeyField" : false,
      "readOnly" : true,
      "required" : false,
      "showTimeZone" : false,
      "systemReserved" : true,
      "unique" : false
    }, {
      "autoGenerated" : false,
      "columnName" : "last_updated_at_dttm",
      "dataType" : "TIMESTAMP",
      "displayIndex" : 4,
      "indexedForSearch" : true,
      "localizedLabels" : [ {
        "label" : "Last Modified Date-Time",
        "localeCd" : "en-US"
      } ],
      "name" : "last_updated_at_dttm",
      "primaryKeyField" : false,
      "readOnly" : true,
      "required" : false,
      "showTimeZone" : false,
      "systemReserved" : true,
      "unique" : false
    }, {
      "autoGenerated" : false,
      "columnName" : "last_updated_by_user_id",
      "dataType" : "STRING",
      "displayIndex" : 2,
      "indexedForSearch" : true,
      "length" : 255,
      "localizedLabels" : [ {
        "label" : "Last Modified By",
        "localeCd" : "en-US"
      } ],
      "name" : "last_updated_by_user_id",
      "primaryKeyField" : false,
      "readOnly" : true,
      "required" : false,
      "showTimeZone" : false,
      "systemReserved" : true,
      "unique" : false
    }, {
      "autoGenerated" : true,
      "columnName" : "shareholder_details_id",
      "dataType" : "STRING",
      "displayIndex" : 0,
      "indexedForSearch" : true,
      "length" : 36,
      "localizedLabels" : [ {
        "label" : "ShareHolder_Details ID",
        "localeCd" : "en-US"
      } ],
      "name" : "shareholder_details_id",
      "primaryKeyField" : true,
      "primaryKeySeqNo" : 1,
      "readOnly" : true,
      "required" : true,
      "showTimeZone" : false,
      "systemReserved" : true,
      "unique" : true
    }, {
      "autoGenerated" : false,
      "columnName" : "version",
      "dataType" : "LONG",
      "displayIndex" : 5,
      "indexedForSearch" : true,
      "localizedLabels" : [ {
        "label" : "Version",
        "localeCd" : "en-US"
      } ],
      "name" : "version",
      "primaryKeyField" : false,
      "readOnly" : true,
      "required" : true,
      "showTimeZone" : false,
      "systemReserved" : true,
      "unique" : false
    } ],
    "historyEnabled" : false,
    "indexedForSearch" : true,
    "lastUpdatedAtTimeFieldName" : "last_updated_at_dttm",
    "localizedLabels" : [ {
      "label" : "Shareholder Details",
      "localeCd" : "en-US"
    } ],
    "markerColor" : "#00517F",
    "mobileOfflineEnabled" : false,
    "name" : "ShareHolder_Details",
    "nodeColor" : "#FFFFFF",
    "nodeDecoration" : { },
    "nodeShape" : "square",
    "readOnly" : false,
    "reindexRequired" : false,
    "requireSearchBeforeCreate" : false,
    "scale" : 1,
    "systemReserved" : false,
    "tableName" : "ShareHolder_Details",
    "type" : "MANAGED"
  } ],
  "handlerName" : "datahub"
}