{
  "schemaVersion" : "10.7.0",
  "documents" : [ {
    "attachmentsIndexedForSearch" : false,
    "borderColor" : "#BFBFBF",
    "borderWidth" : 1,
    "dataStoreAssignedTimeZone" : "Etc/UTC",
    "dataStoreDefaultSchemaName" : "training",
    "dataStoreName" : "training_db",
    "defaultRegularIcon" : {
      "name" : "transactions02_dkGray"
    },
    "displayTextFields" : [ {
      "displayIndex" : 0,
      "name" : "tran_id"
    }, {
      "displayIndex" : 1,
      "name" : "tran_type"
    }, {
      "displayIndex" : 2,
      "name" : "tran_amount"
    } ],
    "elementGroupRoot" : false,
    "enableCasDistributedDataLoad" : false,
    "fields" : [ {
      "autoGenerated" : false,
      "columnName" : "channel",
      "dataType" : "STRING",
      "displayIndex" : 6,
      "indexedForSearch" : true,
      "length" : 20,
      "localizedLabels" : [ {
        "label" : "Channel",
        "localeCd" : "en-US"
      } ],
      "name" : "channel",
      "primaryKeyField" : false,
      "primaryKeySeqNo" : 0,
      "readOnly" : true,
      "required" : false,
      "showTimeZone" : false,
      "systemReserved" : false,
      "unique" : false
    }, {
      "autoGenerated" : false,
      "columnName" : "from_acc_number",
      "dataType" : "STRING",
      "displayIndex" : 3,
      "indexedForSearch" : true,
      "length" : 20,
      "localizedLabels" : [ {
        "label" : "From Acc Number",
        "localeCd" : "en-US"
      } ],
      "name" : "from_acc_number",
      "primaryKeyField" : false,
      "primaryKeySeqNo" : 0,
      "readOnly" : true,
      "required" : false,
      "showTimeZone" : false,
      "systemReserved" : false,
      "unique" : false
    }, {
      "autoGenerated" : false,
      "columnName" : "load_dt",
      "dataType" : "TIMESTAMP",
      "displayIndex" : 7,
      "indexedForSearch" : true,
      "localizedLabels" : [ {
        "label" : "Load Dt",
        "localeCd" : "en-US"
      } ],
      "name" : "load_dt",
      "primaryKeyField" : false,
      "primaryKeySeqNo" : 0,
      "readOnly" : true,
      "required" : false,
      "showTimeZone" : false,
      "systemReserved" : false,
      "unique" : false
    }, {
      "autoGenerated" : false,
      "columnName" : "to_acc_number",
      "dataType" : "STRING",
      "displayIndex" : 4,
      "indexedForSearch" : true,
      "length" : 20,
      "localizedLabels" : [ {
        "label" : "To Acc Number",
        "localeCd" : "en-US"
      } ],
      "name" : "to_acc_number",
      "primaryKeyField" : false,
      "primaryKeySeqNo" : 0,
      "readOnly" : true,
      "required" : false,
      "showTimeZone" : false,
      "systemReserved" : false,
      "unique" : false
    }, {
      "autoGenerated" : false,
      "columnName" : "tran_amount",
      "dataType" : "STRING",
      "displayIndex" : 2,
      "indexedForSearch" : true,
      "length" : 20,
      "localizedLabels" : [ {
        "label" : "Tran Amount",
        "localeCd" : "en-US"
      } ],
      "name" : "tran_amount",
      "primaryKeyField" : false,
      "primaryKeySeqNo" : 0,
      "readOnly" : true,
      "required" : false,
      "showTimeZone" : false,
      "systemReserved" : false,
      "unique" : false
    }, {
      "autoGenerated" : false,
      "columnName" : "tran_date",
      "dataType" : "DATE",
      "displayIndex" : 1,
      "indexedForSearch" : true,
      "localizedLabels" : [ {
        "label" : "Tran Date",
        "localeCd" : "en-US"
      } ],
      "name" : "tran_date",
      "primaryKeyField" : false,
      "primaryKeySeqNo" : 0,
      "readOnly" : true,
      "required" : false,
      "showTimeZone" : false,
      "systemReserved" : false,
      "unique" : false
    }, {
      "autoGenerated" : false,
      "columnName" : "tran_id",
      "dataType" : "STRING",
      "displayIndex" : 0,
      "indexedForSearch" : true,
      "length" : 20,
      "localizedLabels" : [ {
        "label" : "Tran Id",
        "localeCd" : "en-US"
      } ],
      "name" : "tran_id",
      "primaryKeyField" : true,
      "primaryKeySeqNo" : 1,
      "readOnly" : true,
      "required" : true,
      "showTimeZone" : false,
      "systemReserved" : false,
      "unique" : true
    }, {
      "autoGenerated" : false,
      "columnName" : "tran_type",
      "dataType" : "STRING",
      "displayIndex" : 5,
      "indexedForSearch" : true,
      "length" : 20,
      "localizedLabels" : [ {
        "label" : "Tran Type",
        "localeCd" : "en-US"
      } ],
      "name" : "tran_type",
      "primaryKeyField" : false,
      "primaryKeySeqNo" : 0,
      "readOnly" : true,
      "required" : false,
      "showTimeZone" : false,
      "systemReserved" : false,
      "unique" : false
    } ],
    "historyEnabled" : false,
    "indexedForSearch" : true,
    "lastUpdatedAtTimeFieldName" : "load_dt",
    "localizedDescriptions" : [ {
      "description" : "Table containing the entity \"Transaction\"",
      "localeCd" : "en-US"
    } ],
    "localizedLabels" : [ {
      "label" : "Transaction",
      "localeCd" : "en-US"
    } ],
    "markerColor" : "#575757",
    "mobileOfflineEnabled" : false,
    "name" : "transaction",
    "nodeColor" : "#FFFFFF",
    "nodeDecoration" : { },
    "nodeShape" : "square",
    "readOnly" : true,
    "reindexRequired" : false,
    "requireSearchBeforeCreate" : false,
    "scale" : 1,
    "systemReserved" : false,
    "tableName" : "transaction",
    "type" : "SOURCE"
  } ],
  "handlerName" : "datahub"
}