{
  "deferToParentFlag" : false,
  "dependencies" : [ {
    "contentType" : "application/vnd.sas.investigation.meta.solution",
    "id" : "sas_visual_investigator_default"
  } ],
  "displayFlag" : true,
  "parentReference" : {
    "contentType" : "application/vnd.sas.investigation.meta.solution",
    "id" : "sas_visual_investigator_default"
  },
  "payload" : {
    "solution" : "sas_visual_investigator_default",
    "name" : "shape",
    "displayName" : "Shape",
    "category" : "shape",
    "options" : {
      "dynamic" : "false",
      "indexed_for_search" : true,
      "number_of_replicas" : 1,
      "number_of_shards" : 1,
      "refresh_interval" : 1
    },
    "config" : { },
    "links" : [ {
      "method" : "GET",
      "rel" : "self",
      "href" : "/svi-sand/admin/config/types/shape",
      "uri" : "/svi-sand/admin/config/types/shape",
      "type" : "application/vnd.sas.sand.type"
    }, {
      "method" : "PUT",
      "rel" : "update",
      "href" : "/svi-sand/admin/config/types/shape",
      "uri" : "/svi-sand/admin/config/types/shape",
      "type" : "application/vnd.sas.sand.type",
      "responseType" : "application/vnd.sas.sand.type"
    }, {
      "method" : "POST",
      "rel" : "refresh",
      "href" : "/svi-sand/admin/operations",
      "uri" : "/svi-sand/admin/operations",
      "type" : "application/vnd.sas.sand.operation.request",
      "responseType" : "application/vnd.sas.sand.operation.response"
    }, {
      "method" : "DELETE",
      "rel" : "delete",
      "href" : "/svi-sand/admin/config/types/shape",
      "uri" : "/svi-sand/admin/config/types/shape"
    }, {
      "method" : "GET",
      "rel" : "up",
      "href" : "/svi-sand/admin/config/types",
      "uri" : "/svi-sand/admin/config/types",
      "type" : "application/vnd.sas.collection",
      "itemType" : "application/vnd.sas.sand.type"
    }, {
      "method" : "POST",
      "rel" : "create",
      "href" : "/svi-sand/admin/config/types",
      "uri" : "/svi-sand/admin/config/types",
      "type" : "application/vnd.sas.sand.type",
      "responseType" : "application/vnd.sas.sand.type"
    } ]
  },
  "publishCode" : "OPEN",
  "reference" : {
    "contentType" : "application/vnd.sas.investigation.search.entity",
    "id" : "shape"
  },
  "resourceCategoryLabelKey" : "svi.sand.transport.properties.category.label.txt",
  "resourceFolderLabelKey" : null,
  "resourceLabelKey" : "svi.sand.entity.shape.name.txt",
  "resourceSubcategoryLabelKey" : "svi.sand.transport.global.subcategory.label.txt",
  "resourceTypeLabelKey" : "svi.sand.transport.entity.type.label.txt",
  "solutionReference" : {
    "contentType" : "application/vnd.sas.investigation.meta.solution",
    "id" : "sas_visual_investigator_default"
  },
  "transportSchemaVersion" : 1
}