{
  "deferToParentFlag" : true,
  "dependencies" : [ {
    "contentType" : "application/vnd.sas.investigation.meta.solution",
    "id" : "sas_visual_investigator_default"
  } ],
  "displayFlag" : false,
  "parentReference" : {
    "contentType" : "application/vnd.sas.investigation.meta.entity",
    "id" : "alerts"
  },
  "payload" : {
    "schemaVersion" : "10.8.0",
    "actionItems" : [ {
      "documentType" : "alerts",
      "items" : [ {
        "action" : "refreshPageButton",
        "documentType" : "alerts",
        "order" : 1,
        "uuid" : "55684624-9d99-4c99-9cb9-4649ade9d004"
      }, {
        "action" : "alertActionButton",
        "disableConditions" : {
          "type" : "or",
          "queries" : [ {
            "type" : "and",
            "queries" : [ {
              "type" : "current_user_is_not_member_of",
              "value" : "cs_aml_administrator"
            }, {
              "type" : "current_user_is_not_member_of",
              "value" : "cs_aml_investigator"
            }, {
              "type" : "current_user_is_not_member_of",
              "value" : "cs_aml_manager"
            }, {
              "type" : "current_user_is_not_member_of",
              "value" : "cs_aml_operations_manager"
            }, {
              "type" : "current_user_is_not_member_of",
              "value" : "cs_aml_qa_analyst"
            }, {
              "type" : "not_equals",
              "field" : "queue_id",
              "value" : "crr_high_scores_queue"
            }, {
              "type" : "not_equals",
              "field" : "queue_id",
              "value" : "crr_low_scores_queue"
            }, {
              "type" : "not_equals",
              "field" : "queue_id",
              "value" : "cdd_edd_open_queue"
            } ]
          }, {
            "type" : "and",
            "queries" : [ {
              "type" : "equals",
              "field" : "alert_status_id",
              "value" : "CLOSED"
            }, {
              "type" : "current_user_is_not_member_of",
              "value" : "cs_aml_administrator"
            }, {
              "type" : "current_user_is_not_member_of",
              "value" : "sviadms"
            } ]
          } ]
        },
        "documentType" : "alerts",
        "order" : 2,
        "uuid" : "aeeb78a1-a5b4-4d2f-8c8e-cbbd464a9134"
      }, {
        "action" : "relateToButton",
        "documentType" : "alerts",
        "order" : 3,
        "uuid" : "fd0d9595-ce16-4911-a714-9c869f94b9bd"
      }, {
        "action" : "addToWorkspaceButton",
        "attributes" : {
          "state" : "disabled"
        },
        "disableConditions" : {
          "type" : "not_equals",
          "field" : "alert_status_id",
          "value" : "ACTIVE"
        },
        "documentType" : "alerts",
        "order" : 4,
        "uuid" : "91180178-2a67-4432-930a-edc1bf21778b"
      }, {
        "action" : "PrintButton",
        "documentType" : "alerts",
        "order" : 5,
        "uuid" : "2ee5a55c-2e67-4d69-9c14-306476feff50"
      }, {
        "action" : "LeftRightToolbarDivider",
        "documentType" : "alerts",
        "order" : 6,
        "uuid" : "a83d1c50-149d-4ac3-a87e-e86f6186b622"
      }, {
        "action" : "CommentsButton",
        "documentType" : "alerts",
        "order" : 7,
        "uuid" : "d6ea4f30-5c13-499d-bd80-7ab89a527a89"
      }, {
        "action" : "attachmentsButton",
        "documentType" : "alerts",
        "order" : 8,
        "uuid" : "5753994b-c86e-42b2-9e0d-6140b4747793"
      } ]
    } ],
    "handlerName" : "datahub"
  },
  "publishCode" : "OPEN",
  "reference" : {
    "contentType" : "application/vnd.sas.investigation.meta.action.item",
    "id" : "alerts"
  },
  "resourceCategoryLabelKey" : "svi.datahub.transport.action_item.category.label.txt",
  "resourceLabelKey" : "svi.datahub.entity.alerts.label.txt",
  "resourceSubcategoryLabelKey" : "svi.datahub.transport.action_item.subcategory.label.txt",
  "resourceTypeLabelKey" : "svi.datahub.transport.action_item.type.label.txt",
  "solutionReference" : {
    "contentType" : "application/vnd.sas.investigation.meta.solution",
    "id" : "sas_visual_investigator_default"
  },
  "transportSchemaVersion" : 1
}