{
  "schemaVersion" : "10.7.0",
  "referenceLists" : [ {
    "alphabeticalSort" : false,
    "archived" : false,
    "hierarchyLevel" : 0,
    "items" : [ {
      "archived" : false,
      "code" : "DEFAULT",
      "displayIndex" : 0,
      "localizedLabels" : [ {
        "label" : "Default",
        "localeCd" : "en-US"
      } ]
    }, {
      "archived" : false,
      "code" : "MANUAL",
      "displayIndex" : 1,
      "localizedLabels" : [ {
        "label" : "Manual",
        "localeCd" : "en-US"
      } ]
    }, {
      "archived" : false,
      "code" : "OTHER",
      "displayIndex" : 2,
      "localizedLabels" : [ {
        "label" : "Other",
        "localeCd" : "en-US"
      } ]
    } ],
    "localizedLabels" : [ {
      "label" : "AlertTypes",
      "localeCd" : "en-US"
    } ],
    "maxCodeLength" : 20,
    "name" : "AlertTypes",
    "referenceListType" : "LIST",
    "usedByField" : false
  } ],
  "handlerName" : "datahub"
}