{
  "schemaVersion" : "10.7.0",
  "referenceLists" : [ {
    "alphabeticalSort" : false,
    "archived" : false,
    "hierarchyLevel" : 0,
    "items" : [ {
      "archived" : false,
      "code" : "PRODUCTIVE",
      "displayIndex" : 0,
      "localizedLabels" : [ {
        "label" : "Productive",
        "localeCd" : "en-US"
      } ]
    }, {
      "archived" : false,
      "code" : "NON_PRODUCTIVE",
      "displayIndex" : 1,
      "localizedLabels" : [ {
        "label" : "Unproductive",
        "localeCd" : "en-US"
      } ]
    }, {
      "archived" : false,
      "code" : "INDETERMINATE",
      "displayIndex" : 2,
      "localizedLabels" : [ {
        "label" : "Indeterminate",
        "localeCd" : "en-US"
      } ]
    } ],
    "localizedLabels" : [ {
      "label" : "Alert Resolution Codes",
      "localeCd" : "en-US"
    } ],
    "maxCodeLength" : 20,
    "name" : "AlertResolutionCodes",
    "referenceListType" : "LIST",
    "usedByField" : false
  } ],
  "handlerName" : "datahub"
}