{
  "schemaVersion" : "10.7.0",
  "referenceLists" : [ {
    "alphabeticalSort" : false,
    "archived" : false,
    "hierarchyLevel" : 0,
    "items" : [ {
      "archived" : false,
      "code" : "ACTIVE",
      "displayIndex" : 0,
      "localizedLabels" : [ {
        "label" : "Active",
        "localeCd" : "en-US"
      } ]
    }, {
      "archived" : false,
      "code" : "CLOSED",
      "displayIndex" : 1,
      "localizedLabels" : [ {
        "label" : "Closed",
        "localeCd" : "en-US"
      } ]
    }, {
      "archived" : false,
      "code" : "SUPPRESSED",
      "displayIndex" : 2,
      "localizedLabels" : [ {
        "label" : "Suppressed",
        "localeCd" : "en-US"
      } ]
    } ],
    "localizedLabels" : [ {
      "label" : "Alert Status",
      "localeCd" : "en-US"
    } ],
    "maxCodeLength" : 36,
    "name" : "AlertStatusId",
    "referenceListType" : "LIST",
    "usedByField" : false
  } ],
  "handlerName" : "datahub"
}