{
  "schemaVersion" : "10.7.0",
  "referenceLists" : [ {
    "alphabeticalSort" : false,
    "archived" : false,
    "hierarchyLevel" : 0,
    "items" : [ {
      "archived" : false,
      "code" : "NBFI",
      "displayIndex" : 0,
      "localizedLabels" : [ {
        "label" : "NBFI",
        "localeCd" : "en-US"
      } ]
    }, {
      "archived" : false,
      "code" : "FI",
      "displayIndex" : 1,
      "localizedLabels" : [ {
        "label" : "FI",
        "localeCd" : "en-US"
      } ]
    } ],
    "localizedLabels" : [ {
      "label" : "Case Type",
      "localeCd" : "en-US"
    } ],
    "maxCodeLength" : 20,
    "name" : "Case_Type",
    "referenceListType" : "LIST",
    "usedByField" : false
  } ],
  "handlerName" : "datahub"
}