{
  "schemaVersion" : "10.7.0",
  "referenceLists" : [ {
    "alphabeticalSort" : false,
    "archived" : false,
    "hierarchyLevel" : 0,
    "items" : [ {
      "archived" : false,
      "code" : "CA_C",
      "displayIndex" : 0,
      "localizedLabels" : [ {
        "label" : "Claim",
        "localeCd" : "en-US"
      } ]
    }, {
      "archived" : false,
      "code" : "CA_S",
      "displayIndex" : 1,
      "localizedLabels" : [ {
        "label" : "Suspicious",
        "localeCd" : "en-US"
      } ]
    }, {
      "archived" : false,
      "code" : "CA_NS",
      "displayIndex" : 2,
      "localizedLabels" : [ {
        "label" : "Non-Suspicious",
        "localeCd" : "en-US"
      } ]
    }, {
      "archived" : false,
      "code" : "CA_A",
      "displayIndex" : 3,
      "localizedLabels" : [ {
        "label" : "Approved",
        "localeCd" : "en-US"
      } ]
    }, {
      "archived" : false,
      "code" : "CA_BI",
      "displayIndex" : 4,
      "localizedLabels" : [ {
        "label" : "Back to investigation",
        "localeCd" : "en-US"
      } ]
    }, {
      "archived" : false,
      "code" : "CA_R",
      "displayIndex" : 5,
      "localizedLabels" : [ {
        "label" : "Reviewed",
        "localeCd" : "en-US"
      } ]
    } ],
    "localizedLabels" : [ {
      "label" : "Case Action",
      "localeCd" : "en-US"
    } ],
    "maxCodeLength" : 10,
    "name" : "case_action",
    "referenceListType" : "LIST",
    "usedByField" : false
  } ],
  "handlerName" : "datahub"
}