{
  "schemaVersion" : "10.7.0",
  "referenceLists" : [ {
    "alphabeticalSort" : false,
    "archived" : false,
    "hierarchyLevel" : 0,
    "items" : [ {
      "archived" : false,
      "code" : "CT_S",
      "displayIndex" : 0,
      "localizedLabels" : [ {
        "label" : "Simple",
        "localeCd" : "en-US"
      } ]
    }, {
      "archived" : false,
      "code" : "CT_C",
      "displayIndex" : 1,
      "localizedLabels" : [ {
        "label" : "Complex",
        "localeCd" : "en-US"
      } ]
    } ],
    "localizedLabels" : [ {
      "label" : "Case Type",
      "localeCd" : "en-US"
    } ],
    "maxCodeLength" : 10,
    "name" : "case_type",
    "referenceListType" : "LIST",
    "usedByField" : false
  } ],
  "handlerName" : "datahub"
}