{
  "schemaVersion" : "10.7.0",
  "referenceLists" : [ {
    "alphabeticalSort" : false,
    "archived" : false,
    "hierarchyLevel" : 0,
    "items" : [ {
      "archived" : false,
      "code" : "C_O",
      "displayIndex" : 0,
      "localizedLabels" : [ {
        "label" : "Open",
        "localeCd" : "en-US"
      } ]
    }, {
      "archived" : false,
      "code" : "C_C",
      "displayIndex" : 1,
      "localizedLabels" : [ {
        "label" : "Closed",
        "localeCd" : "en-US"
      } ]
    }, {
      "archived" : false,
      "code" : "C_IP",
      "displayIndex" : 2,
      "localizedLabels" : [ {
        "label" : "In Process",
        "localeCd" : "en-US"
      } ]
    }, {
      "archived" : false,
      "code" : "C_RC",
      "displayIndex" : 3,
      "localizedLabels" : [ {
        "label" : "Review Completed",
        "localeCd" : "en-US"
      } ]
    } ],
    "localizedLabels" : [ {
      "label" : "Case Status",
      "localeCd" : "en-US"
    } ],
    "maxCodeLength" : 10,
    "name" : "case_status",
    "referenceListType" : "LIST",
    "usedByField" : false
  } ],
  "handlerName" : "datahub"
}