{
  "schemaVersion" : "10.7.0",
  "referenceLists" : [ {
    "alphabeticalSort" : false,
    "archived" : false,
    "hierarchyLevel" : 0,
    "items" : [ {
      "archived" : false,
      "code" : "RM Approval Pending",
      "displayIndex" : 0,
      "localizedLabels" : [ {
        "label" : "RM Approval Pending",
        "localeCd" : "en-US"
      } ]
    }, {
      "archived" : false,
      "code" : "RM Approved",
      "displayIndex" : 1,
      "localizedLabels" : [ {
        "label" : "RM Approved",
        "localeCd" : "en-US"
      } ]
    }, {
      "archived" : false,
      "code" : "QA Approval Pending",
      "displayIndex" : 2,
      "localizedLabels" : [ {
        "label" : "QA Approval Pending",
        "localeCd" : "en-US"
      } ]
    }, {
      "archived" : false,
      "code" : "QA Approved",
      "displayIndex" : 3,
      "localizedLabels" : [ {
        "label" : "QA Approved",
        "localeCd" : "en-US"
      } ]
    }, {
      "archived" : false,
      "code" : "TL Approval Pending",
      "displayIndex" : 4,
      "localizedLabels" : [ {
        "label" : "TL Approval Pending",
        "localeCd" : "en-US"
      } ]
    }, {
      "archived" : false,
      "code" : "TL Approved",
      "displayIndex" : 5,
      "localizedLabels" : [ {
        "label" : "TL Approved",
        "localeCd" : "en-US"
      } ]
    } ],
    "localizedLabels" : [ {
      "label" : "Case St",
      "localeCd" : "en-US"
    } ],
    "maxCodeLength" : 20,
    "name" : "Case_St",
    "referenceListType" : "LIST",
    "usedByField" : false
  } ],
  "handlerName" : "datahub"
}