{
  "schemaVersion" : "10.7.0",
  "referenceLists" : [ {
    "alphabeticalSort" : false,
    "archived" : false,
    "hierarchyLevel" : 0,
    "items" : [ {
      "archived" : false,
      "code" : "Yes",
      "displayIndex" : 0,
      "localizedLabels" : [ {
        "label" : "Yes",
        "localeCd" : "en-US"
      } ]
    }, {
      "archived" : false,
      "code" : "No",
      "displayIndex" : 1,
      "localizedLabels" : [ {
        "label" : "No",
        "localeCd" : "en-US"
      } ]
    } ],
    "localizedLabels" : [ {
      "label" : "Ent Class",
      "localeCd" : "en-US"
    } ],
    "maxCodeLength" : 10,
    "name" : "ent_class",
    "referenceListType" : "LIST",
    "usedByField" : false
  } ],
  "handlerName" : "datahub"
}