{
  "schemaVersion" : "10.7.0",
  "referenceLists" : [ {
    "alphabeticalSort" : false,
    "archived" : false,
    "hierarchyLevel" : 0,
    "items" : [ {
      "archived" : false,
      "code" : "WF_N",
      "displayIndex" : 0,
      "localizedLabels" : [ {
        "label" : "New",
        "localeCd" : "en-US"
      } ]
    }, {
      "archived" : false,
      "code" : "WF_UI",
      "displayIndex" : 1,
      "localizedLabels" : [ {
        "label" : "Under investigation",
        "localeCd" : "en-US"
      } ]
    }, {
      "archived" : false,
      "code" : "WF_R",
      "displayIndex" : 2,
      "localizedLabels" : [ {
        "label" : "Review",
        "localeCd" : "en-US"
      } ]
    }, {
      "archived" : false,
      "code" : "WF_CS",
      "displayIndex" : 3,
      "localizedLabels" : [ {
        "label" : "Closed Suspicious",
        "localeCd" : "en-US"
      } ]
    }, {
      "archived" : false,
      "code" : "WF_CNS",
      "displayIndex" : 4,
      "localizedLabels" : [ {
        "label" : "Closed Non-Suspicious",
        "localeCd" : "en-US"
      } ]
    }, {
      "archived" : false,
      "code" : "WF_AR",
      "displayIndex" : 5,
      "localizedLabels" : [ {
        "label" : "Approver Review",
        "localeCd" : "en-US"
      } ]
    } ],
    "localizedLabels" : [ {
      "label" : "WF Case Status",
      "localeCd" : "en-US"
    } ],
    "maxCodeLength" : 10,
    "name" : "wf_case_status",
    "referenceListType" : "LIST",
    "usedByField" : false
  } ],
  "handlerName" : "datahub"
}