{
  "schemaVersion" : "10.7.0",
  "transactions" : [ {
    "dataStoreAssignedTimeZone" : "Etc/UTC",
    "dataStoreDefaultSchemaName" : "training",
    "dataStoreName" : "training_db",
    "fields" : [ {
      "autoGenerated" : false,
      "columnName" : "channel",
      "dataType" : "STRING",
      "displayIndex" : 6,
      "indexedForSearch" : false,
      "length" : 20,
      "localizedLabels" : [ {
        "label" : "Channel",
        "localeCd" : "en-US"
      } ],
      "name" : "channel",
      "primaryKeyField" : false,
      "primaryKeySeqNo" : 0,
      "readOnly" : true,
      "required" : false,
      "showTimeZone" : false,
      "systemReserved" : false,
      "unique" : false
    }, {
      "autoGenerated" : false,
      "columnName" : "from_acc_number",
      "dataType" : "STRING",
      "displayIndex" : 3,
      "indexedForSearch" : false,
      "length" : 20,
      "localizedLabels" : [ {
        "label" : "From Acc Number",
        "localeCd" : "en-US"
      } ],
      "name" : "from_acc_number",
      "primaryKeyField" : false,
      "primaryKeySeqNo" : 0,
      "readOnly" : true,
      "required" : false,
      "showTimeZone" : false,
      "systemReserved" : false,
      "unique" : false
    }, {
      "autoGenerated" : false,
      "columnName" : "load_dt",
      "dataType" : "TIMESTAMP",
      "displayIndex" : 7,
      "indexedForSearch" : false,
      "localizedLabels" : [ {
        "label" : "Load Dt",
        "localeCd" : "en-US"
      } ],
      "name" : "load_dt",
      "primaryKeyField" : false,
      "primaryKeySeqNo" : 0,
      "readOnly" : true,
      "required" : false,
      "showTimeZone" : false,
      "systemReserved" : false,
      "unique" : false
    }, {
      "autoGenerated" : false,
      "columnName" : "to_acc_number",
      "dataType" : "STRING",
      "displayIndex" : 4,
      "indexedForSearch" : false,
      "length" : 20,
      "localizedLabels" : [ {
        "label" : "To Acc Number",
        "localeCd" : "en-US"
      } ],
      "name" : "to_acc_number",
      "primaryKeyField" : false,
      "primaryKeySeqNo" : 0,
      "readOnly" : true,
      "required" : false,
      "showTimeZone" : false,
      "systemReserved" : false,
      "unique" : false
    }, {
      "autoGenerated" : false,
      "columnName" : "tran_amount",
      "dataType" : "STRING",
      "displayIndex" : 2,
      "indexedForSearch" : false,
      "length" : 20,
      "localizedLabels" : [ {
        "label" : "Tran Amount",
        "localeCd" : "en-US"
      } ],
      "name" : "tran_amount",
      "primaryKeyField" : false,
      "primaryKeySeqNo" : 0,
      "readOnly" : true,
      "required" : false,
      "showTimeZone" : false,
      "systemReserved" : false,
      "unique" : false
    }, {
      "autoGenerated" : false,
      "columnName" : "tran_date",
      "dataType" : "DATE",
      "displayIndex" : 1,
      "indexedForSearch" : false,
      "localizedLabels" : [ {
        "label" : "Tran Date",
        "localeCd" : "en-US"
      } ],
      "name" : "tran_date",
      "primaryKeyField" : false,
      "primaryKeySeqNo" : 0,
      "readOnly" : true,
      "required" : false,
      "showTimeZone" : false,
      "systemReserved" : false,
      "unique" : false
    }, {
      "autoGenerated" : false,
      "columnName" : "tran_id",
      "dataType" : "STRING",
      "displayIndex" : 0,
      "indexedForSearch" : false,
      "length" : 20,
      "localizedLabels" : [ {
        "label" : "Tran Id",
        "localeCd" : "en-US"
      } ],
      "name" : "tran_id",
      "primaryKeyField" : true,
      "primaryKeySeqNo" : 1,
      "readOnly" : true,
      "required" : true,
      "showTimeZone" : false,
      "systemReserved" : false,
      "unique" : false
    }, {
      "autoGenerated" : false,
      "columnName" : "tran_type",
      "dataType" : "STRING",
      "displayIndex" : 5,
      "indexedForSearch" : false,
      "length" : 20,
      "localizedLabels" : [ {
        "label" : "Tran Type",
        "localeCd" : "en-US"
      } ],
      "name" : "tran_type",
      "primaryKeyField" : false,
      "primaryKeySeqNo" : 0,
      "readOnly" : true,
      "required" : false,
      "showTimeZone" : false,
      "systemReserved" : false,
      "unique" : false
    } ],
    "fromObjJoinCondition" : {
      "type" : "Conditional",
      "leftOperand" : {
        "type" : "FieldRef",
        "objectName" : "account_new",
        "fieldName" : "account_number"
      },
      "rightOperands" : [ {
        "type" : "FieldRef",
        "objectName" : "^RELATION^",
        "fieldName" : "from_acc_number"
      } ],
      "operator" : "EQ"
    },
    "fromObjectName" : "account_new",
    "lastUpdatedAtTimeFieldName" : "load_dt",
    "localizedLabels" : [ {
      "label" : "Acc_to_Acc",
      "localeCd" : "en-US"
    } ],
    "name" : "new_acc_to_acc",
    "readOnly" : true,
    "systemReserved" : false,
    "tableName" : "transaction",
    "toObjJoinCondition" : {
      "type" : "Conditional",
      "leftOperand" : {
        "type" : "FieldRef",
        "objectName" : "^RELATION^",
        "fieldName" : "to_acc_number"
      },
      "rightOperands" : [ {
        "type" : "FieldRef",
        "objectName" : "account_new",
        "fieldName" : "account_number"
      } ],
      "operator" : "EQ"
    },
    "toObjectName" : "account_new",
    "transactionDateFieldName" : "load_dt"
  } ],
  "handlerName" : "datahub"
}