{
  "deferToParentFlag" : false,
  "dependencies" : [ {
    "contentType" : "application/vnd.sas.investigation.meta.solution",
    "id" : "sas_visual_investigator_default"
  }, {
    "contentType" : "application/vnd.sas.investigation.meta.referenceList",
    "id" : "DispResn_svidomain"
  } ],
  "displayFlag" : true,
  "parentReference" : {
    "contentType" : "application/vnd.sas.investigation.meta.solution",
    "id" : "sas_visual_investigator_default"
  },
  "payload" : {
    "assignmentEnabledFlag" : true,
    "defaultAlertScore" : 0,
    "defaultManualAlertScore" : 1000,
    "dispositionReasonReferenceTableName" : "DispResn_svidomain",
    "domainDescription" : "This is the default SAS Visual Investigator domain",
    "domainId" : "svidomain",
    "domainName" : "Visual Investigator Domain",
    "scoreAggregationPolicy" : "SUM",
    "solutionId" : "sas_visual_investigator_default",
    "userCreatedDomain" : false,
    "version" : 1
  },
  "publishCode" : "OPEN",
  "reference" : {
    "contentType" : "application/vnd.sas.investigation.triage.domain",
    "id" : "svidomain"
  },
  "resourceCategoryLabelKey" : "svi.alert.transport.configuration.item.category.alerts.label.txt",
  "resourceLabelKey" : "svi.alert.domain.svidomain.name.txt",
  "resourceSubcategoryLabelKey" : "svi.alert.transport.configuration.item.subcategory.domains.label.txt",
  "resourceTypeLabelKey" : "svi.alert.transport.configuration.item.type.domain.label.txt",
  "solutionReference" : {
    "contentType" : "application/vnd.sas.investigation.meta.solution",
    "id" : "sas_visual_investigator_default"
  },
  "transportSchemaVersion" : 1
}