{
  "deferToParentFlag" : false,
  "dependencies" : [ {
    "contentType" : "application/vnd.sas.investigation.meta.solution",
    "id" : "sas_visual_investigator_default"
  } ],
  "displayFlag" : true,
  "parentReference" : {
    "contentType" : "application/vnd.sas.investigation.meta.solution",
    "id" : "sas_visual_investigator_default"
  },
  "payload" : {
    "alertDispositionId" : "AD_BUILT_IN_CLOSE",
    "alertDispositionName" : "Close Immediately",
    "alertDispositionResolutionCode" : "NON_PRODUCTIVE",
    "autoCloseDays" : 0,
    "automationCompatible" : true,
    "displayOrder" : 1,
    "generateCommentFlag" : false,
    "gridDisplayFlag" : true,
    "logicalDeleteFlag" : false,
    "promptForNoteFlag" : false,
    "promptForReasonFlag" : false,
    "rerouteQueuePromptFlag" : false,
    "scenarioDispositionPromptFlag" : false,
    "scenarioProductivityCode" : "NO",
    "solutionId" : "sas_visual_investigator_default",
    "version" : 1
  },
  "publishCode" : "OPEN",
  "reference" : {
    "contentType" : "application/vnd.sas.investigation.triage.alert.disposition",
    "id" : "AD_BUILT_IN_CLOSE"
  },
  "resourceCategoryLabelKey" : "svi.alert.transport.configuration.item.category.alerts.label.txt",
  "resourceLabelKey" : "svi.alert.disposition.AD_BUILT_IN_CLOSE.name.txt",
  "resourceSubcategoryLabelKey" : "svi.alert.transport.configuration.item.subcategory.dispositions.label.txt",
  "resourceTypeLabelKey" : "svi.alert.transport.configuration.item.type.disposition.label.txt",
  "solutionReference" : {
    "contentType" : "application/vnd.sas.investigation.meta.solution",
    "id" : "sas_visual_investigator_default"
  },
  "transportSchemaVersion" : 1
}