{
  "deferToParentFlag" : false,
  "dependencies" : [ {
    "contentType" : "application/vnd.sas.investigation.meta.solution",
    "id" : "sas_visual_investigator_default"
  } ],
  "displayFlag" : true,
  "parentReference" : {
    "contentType" : "application/vnd.sas.investigation.meta.solution",
    "id" : "sas_visual_investigator_default"
  },
  "publishCode" : "OPEN",
  "reference" : {
    "contentType" : "application/vnd.sas.investigation.meta.referenceList",
    "id" : "AlertActionServiceType"
  },
  "resourceCategoryLabelKey" : "svi.datahub.transport.reference_list.category.label.txt",
  "resourceLabelKey" : "svi.datahub.referenceList.AlertActionServiceType.label.txt",
  "resourceSubcategoryLabelKey" : "svi.datahub.transport.reference_list.subcategory.label.txt",
  "resourceTypeLabelKey" : "svi.datahub.transport.reference_list.type.label.txt",
  "solutionReference" : {
    "contentType" : "application/vnd.sas.investigation.meta.solution",
    "id" : "sas_visual_investigator_default"
  },
  "transportSchemaVersion" : 1
}