{
  "deferToParentFlag" : false,
  "dependencies" : [ {
    "contentType" : "application/vnd.sas.investigation.meta.solution",
    "id" : "sas_visual_investigator_default"
  } ],
  "displayFlag" : true,
  "parentReference" : {
    "contentType" : "application/vnd.sas.investigation.meta.solution",
    "id" : "sas_visual_investigator_default"
  },
  "payload" : {
    "schemaVersion" : "10.8.0",
    "referenceLists" : [ {
      "alphabeticalSort" : false,
      "archived" : false,
      "hierarchyLevel" : 0,
      "items" : [ {
        "archived" : false,
        "code" : "Private Foundation",
        "displayIndex" : 0,
        "localizedLabels" : [ {
          "label" : "Private Foundation",
          "localeCd" : "en-US"
        } ]
      }, {
        "archived" : false,
        "code" : "Private Holding Trust",
        "displayIndex" : 1,
        "localizedLabels" : [ {
          "label" : "Private Holding Trust",
          "localeCd" : "en-US"
        } ]
      }, {
        "archived" : false,
        "code" : "Operating Trust",
        "displayIndex" : 2,
        "localizedLabels" : [ {
          "label" : "Operating Trust",
          "localeCd" : "en-US"
        } ]
      }, {
        "archived" : false,
        "code" : "Special Purpose Vehicle",
        "displayIndex" : 3,
        "localizedLabels" : [ {
          "label" : "Special Purpose Vehicle",
          "localeCd" : "en-US"
        } ]
      }, {
        "archived" : false,
        "code" : "Commercial Holding Trust",
        "displayIndex" : 4,
        "localizedLabels" : [ {
          "label" : "Commercial Holding Trust",
          "localeCd" : "en-US"
        } ]
      }, {
        "archived" : false,
        "code" : "Sovereign Wealth Fund",
        "displayIndex" : 5,
        "localizedLabels" : [ {
          "label" : "Sovereign Wealth Fund",
          "localeCd" : "en-US"
        } ]
      }, {
        "archived" : false,
        "code" : "Holding Company",
        "displayIndex" : 6,
        "localizedLabels" : [ {
          "label" : "Holding Company",
          "localeCd" : "en-US"
        } ]
      }, {
        "archived" : false,
        "code" : "Fund",
        "displayIndex" : 7,
        "localizedLabels" : [ {
          "label" : "Fund",
          "localeCd" : "en-US"
        } ]
      }, {
        "archived" : false,
        "code" : "Corporate Service Provider",
        "displayIndex" : 8,
        "localizedLabels" : [ {
          "label" : "Corporate Service Provider",
          "localeCd" : "en-US"
        } ]
      } ],
      "localizedLabels" : [ {
        "label" : "Customer Type Ref Table",
        "localeCd" : "en-US"
      } ],
      "maxCodeLength" : 50,
      "name" : "CUSTOMER_TYPE_REF_TABLE",
      "referenceListType" : "LIST",
      "solutionLabel" : "SAS Visual Investigator",
      "solutionName" : "sas_visual_investigator_default",
      "usedByField" : false
    } ],
    "handlerName" : "datahub"
  },
  "publishCode" : "OPEN",
  "reference" : {
    "contentType" : "application/vnd.sas.investigation.meta.referenceList",
    "id" : "CUSTOMER_TYPE_REF_TABLE"
  },
  "resourceCategoryLabelKey" : "svi.datahub.transport.reference_list.category.label.txt",
  "resourceLabelKey" : "svi.datahub.referenceList.CUSTOMER_TYPE_REF_TABLE.label.txt",
  "resourceSubcategoryLabelKey" : "svi.datahub.transport.reference_list.subcategory.label.txt",
  "resourceTypeLabelKey" : "svi.datahub.transport.reference_list.type.label.txt",
  "solutionReference" : {
    "contentType" : "application/vnd.sas.investigation.meta.solution",
    "id" : "sas_visual_investigator_default"
  },
  "transportSchemaVersion" : 1
}