{
  "deferToParentFlag" : false,
  "dependencies" : [ {
    "contentType" : "application/vnd.sas.investigation.meta.solution",
    "id" : "sas_visual_investigator_default"
  }, {
    "contentType" : "application/vnd.sas.investigation.meta.entity",
    "id" : "case_master"
  }, {
    "contentType" : "application/vnd.sas.investigation.meta.pageTemplate",
    "id" : "befd395e-676b-4533-9b6c-dc3b98b2d692"
  } ],
  "displayFlag" : true,
  "parentReference" : {
    "contentType" : "application/vnd.sas.investigation.meta.entity",
    "id" : "case_master"
  },
  "payload" : {
    "schemaVersion" : "10.8.0",
    "contextMappings" : [ {
      "clientApplication" : "desktop",
      "documentType" : "case_master",
      "mappings" : [ {
        "clientApplication" : "desktop",
        "documentType" : "case_master",
        "evaluateOrder" : 0,
        "event" : "create",
        "mode" : "C",
        "publishCode" : "OPEN",
        "solutionName" : "sas_visual_investigator_default",
        "templateUUID" : "befd395e-676b-4533-9b6c-dc3b98b2d692",
        "toolbarEnabled" : true,
        "uuid" : "11684246-5652-4a76-ae56-2b4f8cdb61c8"
      }, {
        "clientApplication" : "desktop",
        "documentType" : "case_master",
        "evaluateOrder" : 0,
        "event" : "edit",
        "mode" : "E",
        "publishCode" : "OPEN",
        "solutionName" : "sas_visual_investigator_default",
        "templateUUID" : "befd395e-676b-4533-9b6c-dc3b98b2d692",
        "toolbarEnabled" : true,
        "uuid" : "840d0785-9a7d-4a92-8522-29c3d310feb2"
      }, {
        "clientApplication" : "desktop",
        "documentType" : "case_master",
        "evaluateOrder" : 0,
        "event" : "inspect",
        "mode" : "V",
        "publishCode" : "OPEN",
        "solutionName" : "sas_visual_investigator_default",
        "templateUUID" : "befd395e-676b-4533-9b6c-dc3b98b2d692",
        "toolbarEnabled" : false,
        "uuid" : "76d54e28-35d7-4e4f-a77f-c966ff7bc0ab"
      }, {
        "clientApplication" : "desktop",
        "documentType" : "case_master",
        "evaluateOrder" : 0,
        "event" : "open",
        "mode" : "V",
        "publishCode" : "OPEN",
        "solutionName" : "sas_visual_investigator_default",
        "templateUUID" : "befd395e-676b-4533-9b6c-dc3b98b2d692",
        "toolbarEnabled" : true,
        "uuid" : "9854c333-8505-4f04-a6c6-c2c0f6b18c83"
      }, {
        "clientApplication" : "desktop",
        "documentType" : "case_master",
        "evaluateOrder" : 0,
        "event" : "summary",
        "mode" : "V",
        "publishCode" : "OPEN",
        "solutionName" : "sas_visual_investigator_default",
        "templateUUID" : "befd395e-676b-4533-9b6c-dc3b98b2d692",
        "toolbarEnabled" : false,
        "uuid" : "93fcc8ac-da39-4d18-8a14-76a142deb861"
      } ],
      "solutionName" : "sas_visual_investigator_default"
    } ],
    "handlerName" : "datahub"
  },
  "publishCode" : "OPEN",
  "reference" : {
    "contentType" : "application/vnd.sas.investigation.meta.context",
    "id" : "sas_visual_investigator_default-desktop-case_master"
  },
  "resourceCategoryLabelKey" : "svi.datahub.transport.context.category.label.txt",
  "resourceLabelKey" : "svi.datahub.context.desktop-case_master.name.txt",
  "resourceSubcategoryLabelKey" : "svi.datahub.transport.context.subcategory.label.txt",
  "resourceTypeLabelKey" : "svi.datahub.transport.context.type.label.txt",
  "solutionReference" : {
    "contentType" : "application/vnd.sas.investigation.meta.solution",
    "id" : "sas_visual_investigator_default"
  },
  "transportSchemaVersion" : 1
}