{
  "deferToParentFlag" : false,
  "dependencies" : [ {
    "contentType" : "application/vnd.sas.investigation.meta.solution",
    "id" : "sas_visual_investigator_default"
  }, {
    "contentType" : "application/vnd.sas.investigation.meta.entity",
    "id" : "alerts"
  }, {
    "contentType" : "application/vnd.sas.investigation.meta.pageTemplate",
    "id" : "cfc8209f-67b5-453a-a43e-658ff5482911"
  }, {
    "contentType" : "application/vnd.sas.investigation.meta.pageTemplate",
    "id" : "cd6b4537-c715-440d-9ad6-c0ef82ca6d3a"
  }, {
    "contentType" : "application/vnd.sas.investigation.meta.pageTemplate",
    "id" : "a1c70d79-5a32-40ef-9cde-150cba5b5f71"
  } ],
  "displayFlag" : true,
  "parentReference" : {
    "contentType" : "application/vnd.sas.investigation.meta.entity",
    "id" : "alerts"
  },
  "payload" : {
    "schemaVersion" : "10.8.0",
    "contextMappings" : [ {
      "clientApplication" : "desktop",
      "documentType" : "alerts",
      "mappings" : [ {
        "clientApplication" : "desktop",
        "documentType" : "alerts",
        "evaluateOrder" : 1,
        "event" : "edit",
        "mode" : "E",
        "publishCode" : "OPEN",
        "solutionName" : "sas_visual_investigator_default",
        "templateUUID" : "cfc8209f-67b5-453a-a43e-658ff5482911",
        "toolbarEnabled" : true,
        "uuid" : "e650bb4a-13e0-4c99-b5b4-cd35202bd5a7"
      }, {
        "clientApplication" : "desktop",
        "documentType" : "alerts",
        "evaluateOrder" : 1,
        "event" : "inspect",
        "mode" : "V",
        "publishCode" : "OPEN",
        "solutionName" : "sas_visual_investigator_default",
        "templateUUID" : "cd6b4537-c715-440d-9ad6-c0ef82ca6d3a",
        "toolbarEnabled" : false,
        "uuid" : "98315d84-19dd-4e2a-84f4-df5b41c6fc36"
      }, {
        "clientApplication" : "desktop",
        "documentType" : "alerts",
        "evaluateOrder" : 1,
        "event" : "open",
        "mode" : "V",
        "publishCode" : "OPEN",
        "solutionName" : "sas_visual_investigator_default",
        "templateUUID" : "cfc8209f-67b5-453a-a43e-658ff5482911",
        "toolbarEnabled" : true,
        "uuid" : "41fea1cd-ee03-4aa3-b0f7-73b48280dff3"
      }, {
        "clientApplication" : "desktop",
        "documentType" : "alerts",
        "evaluateOrder" : 1,
        "event" : "summary",
        "mode" : "V",
        "publishCode" : "OPEN",
        "solutionName" : "sas_visual_investigator_default",
        "templateUUID" : "a1c70d79-5a32-40ef-9cde-150cba5b5f71",
        "toolbarEnabled" : false,
        "uuid" : "d7944b51-2804-4057-9ba4-7d347f9810bf"
      } ],
      "solutionName" : "sas_visual_investigator_default"
    } ],
    "handlerName" : "datahub"
  },
  "publishCode" : "OPEN",
  "reference" : {
    "contentType" : "application/vnd.sas.investigation.meta.context",
    "id" : "sas_visual_investigator_default-desktop-alerts"
  },
  "resourceCategoryLabelKey" : "svi.datahub.transport.context.category.label.txt",
  "resourceLabelKey" : "svi.datahub.context.desktop-alerts.name.txt",
  "resourceSubcategoryLabelKey" : "svi.datahub.transport.context.subcategory.label.txt",
  "resourceTypeLabelKey" : "svi.datahub.transport.context.type.label.txt",
  "solutionReference" : {
    "contentType" : "application/vnd.sas.investigation.meta.solution",
    "id" : "sas_visual_investigator_default"
  },
  "transportSchemaVersion" : 1
}