{
  "deferToParentFlag" : true,
  "dependencies" : [ {
    "contentType" : "application/vnd.sas.investigation.meta.solution",
    "id" : "sas_visual_investigator_default"
  }, {
    "contentType" : "application/vnd.sas.investigation.meta.entity",
    "id" : "alerts"
  }, {
    "contentType" : "application/vnd.sas.investigation.meta.referenceList",
    "id" : "AlertActionType"
  }, {
    "contentType" : "application/vnd.sas.investigation.meta.referenceList",
    "id" : "AlertStatusId"
  }, {
    "contentType" : "application/vnd.sas.investigation.meta.referenceList",
    "id" : "AlertActionServiceType"
  } ],
  "displayFlag" : false,
  "parentReference" : {
    "contentType" : "application/vnd.sas.investigation.meta.entity",
    "id" : "alerts"
  },
  "publishCode" : "OPEN",
  "reference" : {
    "contentType" : "application/vnd.sas.investigation.meta.entity",
    "id" : "alert_action"
  },
  "resourceCategoryLabelKey" : "svi.datahub.transport.entity.category.label.txt",
  "resourceLabelKey" : "svi.datahub.entity.alert_action.label.txt",
  "resourceSubcategoryLabelKey" : "svi.datahub.transport.entity.subcategory.label.txt",
  "resourceTypeLabelKey" : "svi.datahub.transport.entity.type.label.txt",
  "solutionReference" : {
    "contentType" : "application/vnd.sas.investigation.meta.solution",
    "id" : "sas_visual_investigator_default"
  },
  "transportSchemaVersion" : 1
}