{
  "deferToParentFlag" : false,
  "dependencies" : [ {
    "contentType" : "application/vnd.sas.investigation.meta.solution",
    "id" : "sas_visual_investigator_default"
  }, {
    "contentType" : "application/vnd.sas.investigation.meta.referenceList",
    "id" : "AlertStatusId"
  }, {
    "contentType" : "application/vnd.sas.investigation.meta.referenceList",
    "id" : "AlertTypes"
  }, {
    "contentType" : "application/vnd.sas.investigation.meta.referenceList",
    "id" : "AlertResolutionCodes"
  }, {
    "contentType" : "application/vnd.sas.investigation.meta.condition",
    "id" : "alerts"
  } ],
  "displayFlag" : true,
  "parentReference" : {
    "contentType" : "application/vnd.sas.investigation.meta.solution",
    "id" : "sas_visual_investigator_default"
  },
  "publishCode" : "OPEN",
  "reference" : {
    "contentType" : "application/vnd.sas.investigation.meta.entity",
    "id" : "alerts"
  },
  "resourceCategoryLabelKey" : "svi.datahub.transport.entity.category.label.txt",
  "resourceLabelKey" : "svi.datahub.entity.alerts.label.txt",
  "resourceSubcategoryLabelKey" : "svi.datahub.transport.entity.subcategory.label.txt",
  "resourceTypeLabelKey" : "svi.datahub.transport.entity.type.label.txt",
  "solutionReference" : {
    "contentType" : "application/vnd.sas.investigation.meta.solution",
    "id" : "sas_visual_investigator_default"
  },
  "transportSchemaVersion" : 1
}