{
  "deferToParentFlag" : true,
  "dependencies" : [ {
    "contentType" : "application/vnd.sas.investigation.meta.solution",
    "id" : "sas_visual_investigator_default"
  }, {
    "contentType" : "application/vnd.sas.investigation.meta.entity",
    "id" : "case_master"
  } ],
  "displayFlag" : false,
  "parentReference" : {
    "contentType" : "application/vnd.sas.investigation.meta.entity",
    "id" : "case_master"
  },
  "payload" : {
    "schemaVersion" : "10.8.0",
    "documents" : [ {
      "attachmentsIndexedForSearch" : false,
      "borderColor" : "#BFBFBF",
      "borderWidth" : 1,
      "createFlagHistoryColumnName" : "created_flg",
      "dataStoreAssignedTimeZone" : "Etc/UTC",
      "dataStoreDefaultSchemaName" : "fdhdata",
      "dataStoreName" : "DEFAULT_STORE",
      "deleteFlagHistoryColumnName" : "archived_flg",
      "displayTextFields" : [ {
        "displayIndex" : 0,
        "name" : "board_member_det_id"
      } ],
      "elementGroupRoot" : false,
      "enableCasDistributedDataLoad" : false,
      "fields" : [ {
        "autoGenerated" : false,
        "columnName" : "BM_DECLARATION_DATE",
        "dataType" : "DATE",
        "displayIndex" : 11,
        "indexedForSearch" : true,
        "localizedLabels" : [ {
          "label" : "Bm Declaration Date",
          "localeCd" : "en-US"
        } ],
        "name" : "BM_DECLARATION_DATE",
        "primaryKeyField" : false,
        "readOnly" : false,
        "required" : false,
        "showTimeZone" : false,
        "systemReserved" : false,
        "unique" : false
      }, {
        "autoGenerated" : false,
        "columnName" : "BM_DOB",
        "dataType" : "DATE",
        "displayIndex" : 6,
        "indexedForSearch" : true,
        "localizedLabels" : [ {
          "label" : "Bm Dob",
          "localeCd" : "en-US"
        } ],
        "name" : "BM_DOB",
        "primaryKeyField" : false,
        "readOnly" : false,
        "required" : false,
        "showTimeZone" : false,
        "systemReserved" : false,
        "unique" : false
      }, {
        "autoGenerated" : false,
        "columnName" : "BM_ID",
        "dataType" : "STRING",
        "displayIndex" : 4,
        "indexedForSearch" : true,
        "length" : 240,
        "localizedLabels" : [ {
          "label" : "Bm Id",
          "localeCd" : "en-US"
        } ],
        "name" : "BM_ID",
        "primaryKeyField" : false,
        "readOnly" : false,
        "required" : false,
        "showTimeZone" : false,
        "systemReserved" : false,
        "unique" : false
      }, {
        "autoGenerated" : false,
        "columnName" : "BM_KEY_CONTR_VERF_FLAG",
        "dataType" : "BOOLEAN",
        "displayIndex" : 35,
        "indexedForSearch" : true,
        "localizedLabels" : [ {
          "label" : "Bm Key Contr Verf Flag",
          "localeCd" : "en-US"
        } ],
        "name" : "BM_KEY_CONTR_VERF_FLAG",
        "primaryKeyField" : false,
        "readOnly" : false,
        "required" : false,
        "showTimeZone" : false,
        "systemReserved" : false,
        "unique" : false
      }, {
        "autoGenerated" : false,
        "columnName" : "BM_LE_NAME_1",
        "dataType" : "STRING",
        "displayIndex" : 8,
        "indexedForSearch" : true,
        "length" : 120,
        "localizedLabels" : [ {
          "label" : "Bm Le Name 1",
          "localeCd" : "en-US"
        } ],
        "name" : "BM_LE_NAME_1",
        "primaryKeyField" : false,
        "readOnly" : false,
        "required" : false,
        "showTimeZone" : false,
        "systemReserved" : false,
        "unique" : false
      }, {
        "autoGenerated" : false,
        "columnName" : "BM_LE_NAME_2",
        "dataType" : "STRING",
        "displayIndex" : 9,
        "indexedForSearch" : true,
        "length" : 120,
        "localizedLabels" : [ {
          "label" : "Bm Le Name 2",
          "localeCd" : "en-US"
        } ],
        "name" : "BM_LE_NAME_2",
        "primaryKeyField" : false,
        "readOnly" : false,
        "required" : false,
        "showTimeZone" : false,
        "systemReserved" : false,
        "unique" : false
      }, {
        "autoGenerated" : false,
        "columnName" : "BM_LE_NAME_3",
        "dataType" : "STRING",
        "displayIndex" : 10,
        "indexedForSearch" : true,
        "length" : 120,
        "localizedLabels" : [ {
          "label" : "Bm Le Name 3",
          "localeCd" : "en-US"
        } ],
        "name" : "BM_LE_NAME_3",
        "primaryKeyField" : false,
        "readOnly" : false,
        "required" : false,
        "showTimeZone" : false,
        "systemReserved" : false,
        "unique" : false
      }, {
        "autoGenerated" : false,
        "columnName" : "BM_MAIL_AD",
        "dataType" : "STRING",
        "displayIndex" : 14,
        "indexedForSearch" : true,
        "length" : 120,
        "localizedLabels" : [ {
          "label" : "Bm Mail Ad",
          "localeCd" : "en-US"
        } ],
        "name" : "BM_MAIL_AD",
        "primaryKeyField" : false,
        "readOnly" : false,
        "required" : false,
        "showTimeZone" : false,
        "systemReserved" : false,
        "unique" : false
      }, {
        "autoGenerated" : false,
        "columnName" : "BM_MAIL_AD_ZIP_CODE",
        "dataType" : "STRING",
        "displayIndex" : 15,
        "indexedForSearch" : true,
        "length" : 24,
        "localizedLabels" : [ {
          "label" : "Bm Mail Ad Zip Code",
          "localeCd" : "en-US"
        } ],
        "name" : "BM_MAIL_AD_ZIP_CODE",
        "primaryKeyField" : false,
        "readOnly" : false,
        "required" : false,
        "showTimeZone" : false,
        "systemReserved" : false,
        "unique" : false
      }, {
        "autoGenerated" : false,
        "columnName" : "BM_NAME",
        "dataType" : "STRING",
        "displayIndex" : 2,
        "indexedForSearch" : true,
        "length" : 60,
        "localizedLabels" : [ {
          "label" : "Bm Name",
          "localeCd" : "en-US"
        } ],
        "name" : "BM_NAME",
        "primaryKeyField" : false,
        "readOnly" : false,
        "required" : false,
        "showTimeZone" : false,
        "systemReserved" : false,
        "unique" : false
      }, {
        "autoGenerated" : false,
        "columnName" : "BM_PEP_DESC",
        "dataType" : "STRING",
        "displayIndex" : 7,
        "indexedForSearch" : true,
        "length" : 600,
        "localizedLabels" : [ {
          "label" : "Bm Pep Desc",
          "localeCd" : "en-US"
        } ],
        "name" : "BM_PEP_DESC",
        "primaryKeyField" : false,
        "readOnly" : false,
        "required" : false,
        "showTimeZone" : false,
        "systemReserved" : false,
        "unique" : false
      }, {
        "autoGenerated" : false,
        "columnName" : "BM_PERMANENT_RES_ADD",
        "dataType" : "STRING",
        "displayIndex" : 34,
        "indexedForSearch" : true,
        "length" : 600,
        "localizedLabels" : [ {
          "label" : "Bm Permanent Res Add",
          "localeCd" : "en-US"
        } ],
        "name" : "BM_PERMANENT_RES_ADD",
        "primaryKeyField" : false,
        "readOnly" : false,
        "required" : false,
        "showTimeZone" : false,
        "systemReserved" : false,
        "unique" : false
      }, {
        "autoGenerated" : false,
        "columnName" : "BM_REG_ADD",
        "dataType" : "STRING",
        "displayIndex" : 3,
        "indexedForSearch" : true,
        "length" : 600,
        "localizedLabels" : [ {
          "label" : "Bm Reg Add",
          "localeCd" : "en-US"
        } ],
        "name" : "BM_REG_ADD",
        "primaryKeyField" : false,
        "readOnly" : false,
        "required" : false,
        "showTimeZone" : false,
        "systemReserved" : false,
        "unique" : false
      }, {
        "autoGenerated" : false,
        "columnName" : "BM_RES_AD",
        "dataType" : "STRING",
        "displayIndex" : 12,
        "indexedForSearch" : true,
        "length" : 120,
        "localizedLabels" : [ {
          "label" : "Bm Res Ad",
          "localeCd" : "en-US"
        } ],
        "name" : "BM_RES_AD",
        "primaryKeyField" : false,
        "readOnly" : false,
        "required" : false,
        "showTimeZone" : false,
        "systemReserved" : false,
        "unique" : false
      }, {
        "autoGenerated" : false,
        "columnName" : "BM_SCREEN_RES_DET",
        "dataType" : "STRING",
        "displayIndex" : 36,
        "indexedForSearch" : true,
        "length" : 600,
        "localizedLabels" : [ {
          "label" : "Bm Screen Res Det",
          "localeCd" : "en-US"
        } ],
        "name" : "BM_SCREEN_RES_DET",
        "primaryKeyField" : false,
        "readOnly" : false,
        "required" : false,
        "showTimeZone" : false,
        "systemReserved" : false,
        "unique" : false
      }, {
        "autoGenerated" : false,
        "columnName" : "BM_TIN_1",
        "dataType" : "STRING",
        "displayIndex" : 16,
        "indexedForSearch" : true,
        "length" : 120,
        "localizedLabels" : [ {
          "label" : "Bm Tin 1",
          "localeCd" : "en-US"
        } ],
        "name" : "BM_TIN_1",
        "primaryKeyField" : false,
        "readOnly" : false,
        "required" : false,
        "showTimeZone" : false,
        "systemReserved" : false,
        "unique" : false
      }, {
        "autoGenerated" : false,
        "columnName" : "BM_TIN_2",
        "dataType" : "STRING",
        "displayIndex" : 19,
        "indexedForSearch" : true,
        "length" : 120,
        "localizedLabels" : [ {
          "label" : "Bm Tin 2",
          "localeCd" : "en-US"
        } ],
        "name" : "BM_TIN_2",
        "primaryKeyField" : false,
        "readOnly" : false,
        "required" : false,
        "showTimeZone" : false,
        "systemReserved" : false,
        "unique" : false
      }, {
        "autoGenerated" : false,
        "columnName" : "BM_TIN_3",
        "dataType" : "STRING",
        "displayIndex" : 22,
        "indexedForSearch" : true,
        "length" : 120,
        "localizedLabels" : [ {
          "label" : "Bm Tin 3",
          "localeCd" : "en-US"
        } ],
        "name" : "BM_TIN_3",
        "primaryKeyField" : false,
        "readOnly" : false,
        "required" : false,
        "showTimeZone" : false,
        "systemReserved" : false,
        "unique" : false
      }, {
        "autoGenerated" : false,
        "columnName" : "BM_TIN_4",
        "dataType" : "STRING",
        "displayIndex" : 25,
        "indexedForSearch" : true,
        "length" : 120,
        "localizedLabels" : [ {
          "label" : "Bm Tin 4",
          "localeCd" : "en-US"
        } ],
        "name" : "BM_TIN_4",
        "primaryKeyField" : false,
        "readOnly" : false,
        "required" : false,
        "showTimeZone" : false,
        "systemReserved" : false,
        "unique" : false
      }, {
        "autoGenerated" : false,
        "columnName" : "BM_TIN_5",
        "dataType" : "STRING",
        "displayIndex" : 28,
        "indexedForSearch" : true,
        "length" : 120,
        "localizedLabels" : [ {
          "label" : "Bm Tin 5",
          "localeCd" : "en-US"
        } ],
        "name" : "BM_TIN_5",
        "primaryKeyField" : false,
        "readOnly" : false,
        "required" : false,
        "showTimeZone" : false,
        "systemReserved" : false,
        "unique" : false
      }, {
        "autoGenerated" : false,
        "columnName" : "BM_TIN_6",
        "dataType" : "STRING",
        "displayIndex" : 31,
        "indexedForSearch" : true,
        "length" : 120,
        "localizedLabels" : [ {
          "label" : "Bm Tin 6",
          "localeCd" : "en-US"
        } ],
        "name" : "BM_TIN_6",
        "primaryKeyField" : false,
        "readOnly" : false,
        "required" : false,
        "showTimeZone" : false,
        "systemReserved" : false,
        "unique" : false
      }, {
        "autoGenerated" : false,
        "columnName" : "BM_TIN_REASON_1",
        "dataType" : "STRING",
        "displayIndex" : 17,
        "indexedForSearch" : true,
        "length" : 120,
        "localizedLabels" : [ {
          "label" : "Bm Tin Reason 1",
          "localeCd" : "en-US"
        } ],
        "name" : "BM_TIN_REASON_1",
        "primaryKeyField" : false,
        "readOnly" : false,
        "required" : false,
        "showTimeZone" : false,
        "systemReserved" : false,
        "unique" : false
      }, {
        "autoGenerated" : false,
        "columnName" : "BM_TIN_REASON_2",
        "dataType" : "STRING",
        "displayIndex" : 20,
        "indexedForSearch" : true,
        "length" : 120,
        "localizedLabels" : [ {
          "label" : "Bm Tin Reason 2",
          "localeCd" : "en-US"
        } ],
        "name" : "BM_TIN_REASON_2",
        "primaryKeyField" : false,
        "readOnly" : false,
        "required" : false,
        "showTimeZone" : false,
        "systemReserved" : false,
        "unique" : false
      }, {
        "autoGenerated" : false,
        "columnName" : "BM_TIN_REASON_3",
        "dataType" : "STRING",
        "displayIndex" : 23,
        "indexedForSearch" : true,
        "length" : 120,
        "localizedLabels" : [ {
          "label" : "Bm Tin Reason 3",
          "localeCd" : "en-US"
        } ],
        "name" : "BM_TIN_REASON_3",
        "primaryKeyField" : false,
        "readOnly" : false,
        "required" : false,
        "showTimeZone" : false,
        "systemReserved" : false,
        "unique" : false
      }, {
        "autoGenerated" : false,
        "columnName" : "BM_TIN_REASON_4",
        "dataType" : "STRING",
        "displayIndex" : 26,
        "indexedForSearch" : true,
        "length" : 120,
        "localizedLabels" : [ {
          "label" : "Bm Tin Reason 4",
          "localeCd" : "en-US"
        } ],
        "name" : "BM_TIN_REASON_4",
        "primaryKeyField" : false,
        "readOnly" : false,
        "required" : false,
        "showTimeZone" : false,
        "systemReserved" : false,
        "unique" : false
      }, {
        "autoGenerated" : false,
        "columnName" : "BM_TIN_REASON_5",
        "dataType" : "STRING",
        "displayIndex" : 29,
        "indexedForSearch" : true,
        "length" : 120,
        "localizedLabels" : [ {
          "label" : "Bm Tin Reason 5",
          "localeCd" : "en-US"
        } ],
        "name" : "BM_TIN_REASON_5",
        "primaryKeyField" : false,
        "readOnly" : false,
        "required" : false,
        "showTimeZone" : false,
        "systemReserved" : false,
        "unique" : false
      }, {
        "autoGenerated" : false,
        "columnName" : "BM_TIN_REASON_6",
        "dataType" : "STRING",
        "displayIndex" : 32,
        "indexedForSearch" : true,
        "length" : 120,
        "localizedLabels" : [ {
          "label" : "Bm Tin Reason 6",
          "localeCd" : "en-US"
        } ],
        "name" : "BM_TIN_REASON_6",
        "primaryKeyField" : false,
        "readOnly" : false,
        "required" : false,
        "showTimeZone" : false,
        "systemReserved" : false,
        "unique" : false
      }, {
        "autoGenerated" : false,
        "columnName" : "BM_TIN_REASON_DESC_1",
        "dataType" : "STRING",
        "displayIndex" : 18,
        "indexedForSearch" : true,
        "length" : 120,
        "localizedLabels" : [ {
          "label" : "Bm Tin Reason Desc 1",
          "localeCd" : "en-US"
        } ],
        "name" : "BM_TIN_REASON_DESC_1",
        "primaryKeyField" : false,
        "readOnly" : false,
        "required" : false,
        "showTimeZone" : false,
        "systemReserved" : false,
        "unique" : false
      }, {
        "autoGenerated" : false,
        "columnName" : "BM_TIN_REASON_DESC_2",
        "dataType" : "STRING",
        "displayIndex" : 21,
        "indexedForSearch" : true,
        "length" : 120,
        "localizedLabels" : [ {
          "label" : "Bm Tin Reason Desc 2",
          "localeCd" : "en-US"
        } ],
        "name" : "BM_TIN_REASON_DESC_2",
        "primaryKeyField" : false,
        "readOnly" : false,
        "required" : false,
        "showTimeZone" : false,
        "systemReserved" : false,
        "unique" : false
      }, {
        "autoGenerated" : false,
        "columnName" : "BM_TIN_REASON_DESC_3",
        "dataType" : "STRING",
        "displayIndex" : 24,
        "indexedForSearch" : true,
        "length" : 120,
        "localizedLabels" : [ {
          "label" : "Bm Tin Reason Desc 3",
          "localeCd" : "en-US"
        } ],
        "name" : "BM_TIN_REASON_DESC_3",
        "primaryKeyField" : false,
        "readOnly" : false,
        "required" : false,
        "showTimeZone" : false,
        "systemReserved" : false,
        "unique" : false
      }, {
        "autoGenerated" : false,
        "columnName" : "BM_TIN_REASON_DESC_4",
        "dataType" : "STRING",
        "displayIndex" : 27,
        "indexedForSearch" : true,
        "length" : 120,
        "localizedLabels" : [ {
          "label" : "Bm Tin Reason Desc 4",
          "localeCd" : "en-US"
        } ],
        "name" : "BM_TIN_REASON_DESC_4",
        "primaryKeyField" : false,
        "readOnly" : false,
        "required" : false,
        "showTimeZone" : false,
        "systemReserved" : false,
        "unique" : false
      }, {
        "autoGenerated" : false,
        "columnName" : "BM_TIN_REASON_DESC_5",
        "dataType" : "STRING",
        "displayIndex" : 30,
        "indexedForSearch" : true,
        "length" : 120,
        "localizedLabels" : [ {
          "label" : "Bm Tin Reason Desc 5",
          "localeCd" : "en-US"
        } ],
        "name" : "BM_TIN_REASON_DESC_5",
        "primaryKeyField" : false,
        "readOnly" : false,
        "required" : false,
        "showTimeZone" : false,
        "systemReserved" : false,
        "unique" : false
      }, {
        "autoGenerated" : false,
        "columnName" : "BM_TIN_REASON_DESC_6",
        "dataType" : "STRING",
        "displayIndex" : 33,
        "indexedForSearch" : true,
        "length" : 120,
        "localizedLabels" : [ {
          "label" : "Bm Tin Reason Desc 6",
          "localeCd" : "en-US"
        } ],
        "name" : "BM_TIN_REASON_DESC_6",
        "primaryKeyField" : false,
        "readOnly" : false,
        "required" : false,
        "showTimeZone" : false,
        "systemReserved" : false,
        "unique" : false
      }, {
        "autoGenerated" : false,
        "columnName" : "BM_TITLE",
        "dataType" : "STRING",
        "displayIndex" : 5,
        "indexedForSearch" : true,
        "length" : 240,
        "localizedLabels" : [ {
          "label" : "Bm Title",
          "localeCd" : "en-US"
        } ],
        "name" : "BM_TITLE",
        "primaryKeyField" : false,
        "readOnly" : false,
        "required" : false,
        "showTimeZone" : false,
        "systemReserved" : false,
        "unique" : false
      }, {
        "autoGenerated" : false,
        "columnName" : "BM_ZIP_CODE",
        "dataType" : "STRING",
        "displayIndex" : 13,
        "indexedForSearch" : true,
        "length" : 24,
        "localizedLabels" : [ {
          "label" : "Bm Zip Code",
          "localeCd" : "en-US"
        } ],
        "name" : "BM_ZIP_CODE",
        "primaryKeyField" : false,
        "readOnly" : false,
        "required" : false,
        "showTimeZone" : false,
        "systemReserved" : false,
        "unique" : false
      }, {
        "autoGenerated" : true,
        "columnName" : "board_member_det_id",
        "dataType" : "STRING",
        "displayIndex" : 0,
        "indexedForSearch" : true,
        "length" : 36,
        "localizedLabels" : [ {
          "label" : "Board_Member_Det ID",
          "localeCd" : "en-US"
        } ],
        "name" : "board_member_det_id",
        "primaryKeyField" : true,
        "primaryKeySeqNo" : 1,
        "readOnly" : true,
        "required" : true,
        "showTimeZone" : false,
        "systemReserved" : true,
        "unique" : true
      }, {
        "autoGenerated" : false,
        "columnName" : "case_master_id",
        "dataType" : "STRING",
        "displayIndex" : 1,
        "indexedForSearch" : true,
        "length" : 36,
        "localizedLabels" : [ {
          "label" : "Case ID",
          "localeCd" : "en-US"
        } ],
        "name" : "case_master_id",
        "primaryKeyField" : false,
        "primaryKeySeqNo" : 1,
        "readOnly" : false,
        "required" : true,
        "showTimeZone" : false,
        "systemReserved" : true,
        "unique" : false
      } ],
      "historyEnabled" : false,
      "historyTableName" : "Board_Member_Det",
      "indexedForSearch" : true,
      "localizedLabels" : [ {
        "label" : "Board Member Det",
        "localeCd" : "en-US"
      } ],
      "markerColor" : "#00517F",
      "mobileOfflineEnabled" : false,
      "name" : "Board_Member_Det",
      "nodeColor" : "#FFFFFF",
      "nodeDecoration" : { },
      "nodeShape" : "square",
      "publishCode" : "OPEN",
      "readOnly" : false,
      "reindexRequired" : false,
      "relationshipsTo" : [ {
        "cardinality" : "ONE_TO_MANY",
        "cascadeType" : "NONE",
        "createFlagHistoryColumnName" : "created_flg",
        "deleteFlagHistoryColumnName" : "archived_flg",
        "fromObjectLabel" : "Case Master",
        "fromObjectName" : "case_master",
        "historyEnabled" : false,
        "joinConditions" : [ {
          "type" : "Conditional",
          "leftOperand" : {
            "type" : "FieldRef",
            "objectName" : "case_master",
            "fieldName" : "case_master_id"
          },
          "rightOperands" : [ {
            "type" : "FieldRef",
            "objectName" : "Board_Member_Det",
            "fieldName" : "case_master_id"
          } ],
          "operator" : "EQ"
        } ],
        "lastUpdatedByUserIdFieldName" : "last_updated_by_user_id",
        "localizedLabels" : [ {
          "label" : "Board_Member_Det",
          "localeCd" : "en-US"
        } ],
        "localizedReverseLabels" : [ {
          "label" : "case_master",
          "localeCd" : "en-US"
        } ],
        "managed" : true,
        "name" : "Board_Member_Det",
        "qualifiedName" : "case_master__Board_Member_Det",
        "readOnly" : false,
        "reindexRequired" : false,
        "required" : false,
        "reverseName" : "case_master",
        "solutionLabel" : "SAS Visual Investigator",
        "solutionName" : "sas_visual_investigator_default",
        "symmetric" : false,
        "systemReserved" : false,
        "toObjectLabel" : "Board Member Det",
        "toObjectName" : "Board_Member_Det",
        "type" : "DIRECT_CHILD",
        "updateFlagHistoryColumnName" : "updated_flg",
        "useCustomIndex" : false,
        "versionNumberFieldName" : "version"
      } ],
      "requireSearchBeforeCreate" : false,
      "scale" : 1,
      "solutionLabel" : "SAS Visual Investigator",
      "solutionName" : "sas_visual_investigator_default",
      "systemReserved" : false,
      "tableName" : "Board_Member_Det",
      "type" : "MANAGED",
      "updateFlagHistoryColumnName" : "updated_flg",
      "versionNumberFieldName" : "version"
    } ],
    "handlerName" : "datahub"
  },
  "publishCode" : "OPEN",
  "reference" : {
    "contentType" : "application/vnd.sas.investigation.meta.entity",
    "id" : "Board_Member_Det"
  },
  "resourceCategoryLabelKey" : "svi.datahub.transport.entity.category.label.txt",
  "resourceLabelKey" : "svi.datahub.entity.Board_Member_Det.label.txt",
  "resourceSubcategoryLabelKey" : "svi.datahub.transport.entity.subcategory.label.txt",
  "resourceTypeLabelKey" : "svi.datahub.transport.entity.type.label.txt",
  "solutionReference" : {
    "contentType" : "application/vnd.sas.investigation.meta.solution",
    "id" : "sas_visual_investigator_default"
  },
  "transportSchemaVersion" : 1
}