{
  "deferToParentFlag" : true,
  "dependencies" : [ {
    "contentType" : "application/vnd.sas.investigation.meta.solution",
    "id" : "sas_visual_investigator_default"
  }, {
    "contentType" : "application/vnd.sas.investigation.meta.entity",
    "id" : "case_master"
  } ],
  "displayFlag" : false,
  "parentReference" : {
    "contentType" : "application/vnd.sas.investigation.meta.entity",
    "id" : "case_master"
  },
  "payload" : {
    "schemaVersion" : "10.8.0",
    "documents" : [ {
      "attachmentsIndexedForSearch" : false,
      "borderColor" : "#BFBFBF",
      "borderWidth" : 1,
      "createFlagHistoryColumnName" : "created_flg",
      "dataStoreAssignedTimeZone" : "Etc/UTC",
      "dataStoreDefaultSchemaName" : "fdhdata",
      "dataStoreName" : "DEFAULT_STORE",
      "deleteFlagHistoryColumnName" : "archived_flg",
      "displayTextFields" : [ {
        "displayIndex" : 0,
        "name" : "company_contact_info_sp_id"
      } ],
      "elementGroupRoot" : false,
      "enableCasDistributedDataLoad" : false,
      "fields" : [ {
        "autoGenerated" : false,
        "columnName" : "ACTIVE_STATUS",
        "dataType" : "STRING",
        "displayIndex" : 13,
        "indexedForSearch" : true,
        "length" : 35,
        "localizedLabels" : [ {
          "label" : "Active Status",
          "localeCd" : "en-US"
        } ],
        "name" : "ACTIVE_STATUS",
        "primaryKeyField" : false,
        "readOnly" : false,
        "required" : false,
        "showTimeZone" : false,
        "systemReserved" : false,
        "unique" : false
      }, {
        "autoGenerated" : false,
        "columnName" : "ADDITIONAL_NUMBER",
        "dataType" : "STRING",
        "displayIndex" : 10,
        "indexedForSearch" : true,
        "length" : 35,
        "localizedLabels" : [ {
          "label" : "Additional Number",
          "localeCd" : "en-US"
        } ],
        "name" : "ADDITIONAL_NUMBER",
        "primaryKeyField" : false,
        "readOnly" : false,
        "required" : false,
        "showTimeZone" : false,
        "systemReserved" : false,
        "unique" : false
      }, {
        "autoGenerated" : false,
        "columnName" : "ADDRESS_ID",
        "dataType" : "STRING",
        "displayIndex" : 2,
        "indexedForSearch" : true,
        "length" : 36,
        "localizedLabels" : [ {
          "label" : "Address Id",
          "localeCd" : "en-US"
        } ],
        "name" : "ADDRESS_ID",
        "primaryKeyField" : false,
        "readOnly" : false,
        "required" : false,
        "showTimeZone" : false,
        "systemReserved" : false,
        "unique" : false
      }, {
        "autoGenerated" : false,
        "columnName" : "ADDRESS_LINE1",
        "dataType" : "STRING",
        "displayIndex" : 3,
        "indexedForSearch" : true,
        "length" : 130,
        "localizedLabels" : [ {
          "label" : "Address Line1",
          "localeCd" : "en-US"
        } ],
        "name" : "ADDRESS_LINE1",
        "primaryKeyField" : false,
        "readOnly" : false,
        "required" : false,
        "showTimeZone" : false,
        "systemReserved" : false,
        "unique" : false
      }, {
        "autoGenerated" : false,
        "columnName" : "ADDRESS_LINE2",
        "dataType" : "STRING",
        "displayIndex" : 4,
        "indexedForSearch" : true,
        "length" : 130,
        "localizedLabels" : [ {
          "label" : "Address Line2",
          "localeCd" : "en-US"
        } ],
        "name" : "ADDRESS_LINE2",
        "primaryKeyField" : false,
        "readOnly" : false,
        "required" : false,
        "showTimeZone" : false,
        "systemReserved" : false,
        "unique" : false
      }, {
        "autoGenerated" : false,
        "columnName" : "BUILDING_NUMBER",
        "dataType" : "STRING",
        "displayIndex" : 5,
        "indexedForSearch" : true,
        "length" : 35,
        "localizedLabels" : [ {
          "label" : "Building Number",
          "localeCd" : "en-US"
        } ],
        "name" : "BUILDING_NUMBER",
        "primaryKeyField" : false,
        "readOnly" : false,
        "required" : false,
        "showTimeZone" : false,
        "systemReserved" : false,
        "unique" : false
      }, {
        "autoGenerated" : false,
        "columnName" : "CITY_NAME",
        "dataType" : "STRING",
        "displayIndex" : 8,
        "indexedForSearch" : true,
        "length" : 35,
        "localizedLabels" : [ {
          "label" : "City Name",
          "localeCd" : "en-US"
        } ],
        "name" : "CITY_NAME",
        "primaryKeyField" : false,
        "readOnly" : false,
        "required" : false,
        "showTimeZone" : false,
        "systemReserved" : false,
        "unique" : false
      }, {
        "autoGenerated" : false,
        "columnName" : "CREATED_DTTM",
        "dataType" : "TIMESTAMP",
        "displayIndex" : 12,
        "indexedForSearch" : true,
        "localizedLabels" : [ {
          "label" : "Created Dttm",
          "localeCd" : "en-US"
        } ],
        "name" : "CREATED_DTTM",
        "primaryKeyField" : false,
        "readOnly" : false,
        "required" : false,
        "showTimeZone" : false,
        "systemReserved" : false,
        "unique" : false
      }, {
        "autoGenerated" : false,
        "columnName" : "DISTRICT_NAME",
        "dataType" : "STRING",
        "displayIndex" : 7,
        "indexedForSearch" : true,
        "length" : 35,
        "localizedLabels" : [ {
          "label" : "District Name",
          "localeCd" : "en-US"
        } ],
        "name" : "DISTRICT_NAME",
        "primaryKeyField" : false,
        "readOnly" : false,
        "required" : false,
        "showTimeZone" : false,
        "systemReserved" : false,
        "unique" : false
      }, {
        "autoGenerated" : false,
        "columnName" : "POST_CODE",
        "dataType" : "STRING",
        "displayIndex" : 9,
        "indexedForSearch" : true,
        "length" : 35,
        "localizedLabels" : [ {
          "label" : "Post Code",
          "localeCd" : "en-US"
        } ],
        "name" : "POST_CODE",
        "primaryKeyField" : false,
        "readOnly" : false,
        "required" : false,
        "showTimeZone" : false,
        "systemReserved" : false,
        "unique" : false
      }, {
        "autoGenerated" : false,
        "columnName" : "REF_S_NO_REQ_RESP_LOG",
        "dataType" : "STRING",
        "displayIndex" : 14,
        "indexedForSearch" : true,
        "length" : 35,
        "localizedLabels" : [ {
          "label" : "Ref S No Req Resp Log",
          "localeCd" : "en-US"
        } ],
        "name" : "REF_S_NO_REQ_RESP_LOG",
        "primaryKeyField" : false,
        "readOnly" : false,
        "required" : false,
        "showTimeZone" : false,
        "systemReserved" : false,
        "unique" : false
      }, {
        "autoGenerated" : false,
        "columnName" : "RESULT_CODE",
        "dataType" : "STRING",
        "displayIndex" : 15,
        "indexedForSearch" : true,
        "length" : 35,
        "localizedLabels" : [ {
          "label" : "Result Code",
          "localeCd" : "en-US"
        } ],
        "name" : "RESULT_CODE",
        "primaryKeyField" : false,
        "readOnly" : false,
        "required" : false,
        "showTimeZone" : false,
        "systemReserved" : false,
        "unique" : false
      }, {
        "autoGenerated" : false,
        "columnName" : "RESULT_MESSAGE",
        "dataType" : "STRING",
        "displayIndex" : 16,
        "indexedForSearch" : true,
        "length" : 35,
        "localizedLabels" : [ {
          "label" : "Result Message",
          "localeCd" : "en-US"
        } ],
        "name" : "RESULT_MESSAGE",
        "primaryKeyField" : false,
        "readOnly" : false,
        "required" : false,
        "showTimeZone" : false,
        "systemReserved" : false,
        "unique" : false
      }, {
        "autoGenerated" : false,
        "columnName" : "STREET_NAME",
        "dataType" : "STRING",
        "displayIndex" : 6,
        "indexedForSearch" : true,
        "length" : 35,
        "localizedLabels" : [ {
          "label" : "Street Name",
          "localeCd" : "en-US"
        } ],
        "name" : "STREET_NAME",
        "primaryKeyField" : false,
        "readOnly" : false,
        "required" : false,
        "showTimeZone" : false,
        "systemReserved" : false,
        "unique" : false
      }, {
        "autoGenerated" : false,
        "columnName" : "UNIT_NUMBER",
        "dataType" : "STRING",
        "displayIndex" : 11,
        "indexedForSearch" : true,
        "length" : 35,
        "localizedLabels" : [ {
          "label" : "Unit Number",
          "localeCd" : "en-US"
        } ],
        "name" : "UNIT_NUMBER",
        "primaryKeyField" : false,
        "readOnly" : false,
        "required" : false,
        "showTimeZone" : false,
        "systemReserved" : false,
        "unique" : false
      }, {
        "autoGenerated" : false,
        "columnName" : "case_master_id",
        "dataType" : "STRING",
        "displayIndex" : 1,
        "indexedForSearch" : true,
        "length" : 36,
        "localizedLabels" : [ {
          "label" : "Case ID",
          "localeCd" : "en-US"
        } ],
        "name" : "case_master_id",
        "primaryKeyField" : false,
        "primaryKeySeqNo" : 1,
        "readOnly" : false,
        "required" : true,
        "showTimeZone" : false,
        "systemReserved" : true,
        "unique" : false
      }, {
        "autoGenerated" : true,
        "columnName" : "company_contact_info_sp_id",
        "dataType" : "STRING",
        "displayIndex" : 0,
        "indexedForSearch" : true,
        "length" : 36,
        "localizedLabels" : [ {
          "label" : "Company_Contact_Info_Sp ID",
          "localeCd" : "en-US"
        } ],
        "name" : "company_contact_info_sp_id",
        "primaryKeyField" : true,
        "primaryKeySeqNo" : 1,
        "readOnly" : true,
        "required" : true,
        "showTimeZone" : false,
        "systemReserved" : true,
        "unique" : true
      } ],
      "historyEnabled" : false,
      "historyTableName" : "Company_Contact_Info_Sp",
      "indexedForSearch" : true,
      "localizedLabels" : [ {
        "label" : "Company Contact Info Sp",
        "localeCd" : "en-US"
      } ],
      "markerColor" : "#00517F",
      "mobileOfflineEnabled" : false,
      "name" : "Company_Contact_Info_Sp",
      "nodeColor" : "#FFFFFF",
      "nodeDecoration" : { },
      "nodeShape" : "square",
      "publishCode" : "OPEN",
      "readOnly" : false,
      "reindexRequired" : false,
      "relationshipsTo" : [ {
        "cardinality" : "ONE_TO_MANY",
        "cascadeType" : "NONE",
        "createFlagHistoryColumnName" : "created_flg",
        "deleteFlagHistoryColumnName" : "archived_flg",
        "fromObjectLabel" : "Case Master",
        "fromObjectName" : "case_master",
        "historyEnabled" : false,
        "joinConditions" : [ {
          "type" : "Conditional",
          "leftOperand" : {
            "type" : "FieldRef",
            "objectName" : "case_master",
            "fieldName" : "case_master_id"
          },
          "rightOperands" : [ {
            "type" : "FieldRef",
            "objectName" : "Company_Contact_Info_Sp",
            "fieldName" : "case_master_id"
          } ],
          "operator" : "EQ"
        } ],
        "lastUpdatedByUserIdFieldName" : "last_updated_by_user_id",
        "localizedLabels" : [ {
          "label" : "Company_Contact_Info_Sp",
          "localeCd" : "en-US"
        } ],
        "localizedReverseLabels" : [ {
          "label" : "case_master",
          "localeCd" : "en-US"
        } ],
        "managed" : true,
        "name" : "Company_Contact_Info_Sp",
        "qualifiedName" : "case_master__Company_Contact_Info_Sp",
        "readOnly" : false,
        "reindexRequired" : false,
        "required" : false,
        "reverseName" : "case_master",
        "solutionLabel" : "SAS Visual Investigator",
        "solutionName" : "sas_visual_investigator_default",
        "symmetric" : false,
        "systemReserved" : false,
        "toObjectLabel" : "Company Contact Info Sp",
        "toObjectName" : "Company_Contact_Info_Sp",
        "type" : "DIRECT_CHILD",
        "updateFlagHistoryColumnName" : "updated_flg",
        "useCustomIndex" : false,
        "versionNumberFieldName" : "version"
      } ],
      "requireSearchBeforeCreate" : false,
      "scale" : 1,
      "solutionLabel" : "SAS Visual Investigator",
      "solutionName" : "sas_visual_investigator_default",
      "systemReserved" : false,
      "tableName" : "Company_Contact_Info_Sp",
      "type" : "MANAGED",
      "updateFlagHistoryColumnName" : "updated_flg",
      "versionNumberFieldName" : "version"
    } ],
    "handlerName" : "datahub"
  },
  "publishCode" : "OPEN",
  "reference" : {
    "contentType" : "application/vnd.sas.investigation.meta.entity",
    "id" : "Company_Contact_Info_Sp"
  },
  "resourceCategoryLabelKey" : "svi.datahub.transport.entity.category.label.txt",
  "resourceLabelKey" : "svi.datahub.entity.Company_Contact_Info_Sp.label.txt",
  "resourceSubcategoryLabelKey" : "svi.datahub.transport.entity.subcategory.label.txt",
  "resourceTypeLabelKey" : "svi.datahub.transport.entity.type.label.txt",
  "solutionReference" : {
    "contentType" : "application/vnd.sas.investigation.meta.solution",
    "id" : "sas_visual_investigator_default"
  },
  "transportSchemaVersion" : 1
}