{
  "deferToParentFlag" : true,
  "dependencies" : [ {
    "contentType" : "application/vnd.sas.investigation.meta.solution",
    "id" : "sas_visual_investigator_default"
  }, {
    "contentType" : "application/vnd.sas.investigation.meta.entity",
    "id" : "case_master"
  } ],
  "displayFlag" : false,
  "parentReference" : {
    "contentType" : "application/vnd.sas.investigation.meta.entity",
    "id" : "case_master"
  },
  "payload" : {
    "schemaVersion" : "10.8.0",
    "documents" : [ {
      "attachmentsIndexedForSearch" : false,
      "borderColor" : "#BFBFBF",
      "borderWidth" : 1,
      "createFlagHistoryColumnName" : "created_flg",
      "dataStoreAssignedTimeZone" : "Etc/UTC",
      "dataStoreDefaultSchemaName" : "fdhdata",
      "dataStoreName" : "DEFAULT_STORE",
      "deleteFlagHistoryColumnName" : "archived_flg",
      "displayTextFields" : [ {
        "displayIndex" : 0,
        "name" : "crsetfi_det_id"
      } ],
      "elementGroupRoot" : false,
      "enableCasDistributedDataLoad" : false,
      "fields" : [ {
        "autoGenerated" : false,
        "columnName" : "CRSETFI_DOB",
        "dataType" : "DATE",
        "displayIndex" : 4,
        "indexedForSearch" : true,
        "localizedLabels" : [ {
          "label" : "Crsetfi Dob",
          "localeCd" : "en-US"
        } ],
        "name" : "CRSETFI_DOB",
        "primaryKeyField" : false,
        "readOnly" : false,
        "required" : false,
        "showTimeZone" : false,
        "systemReserved" : false,
        "unique" : false
      }, {
        "autoGenerated" : false,
        "columnName" : "CRSETFI_JOTR",
        "dataType" : "STRING",
        "displayIndex" : 5,
        "indexedForSearch" : true,
        "length" : 120,
        "localizedLabels" : [ {
          "label" : "Crsetfi Jotr",
          "localeCd" : "en-US"
        } ],
        "name" : "CRSETFI_JOTR",
        "primaryKeyField" : false,
        "readOnly" : false,
        "required" : false,
        "showTimeZone" : false,
        "systemReserved" : false,
        "unique" : false
      }, {
        "autoGenerated" : false,
        "columnName" : "CRSETFI_NM",
        "dataType" : "STRING",
        "displayIndex" : 2,
        "indexedForSearch" : true,
        "length" : 120,
        "localizedLabels" : [ {
          "label" : "Crsetfi Nm",
          "localeCd" : "en-US"
        } ],
        "name" : "CRSETFI_NM",
        "primaryKeyField" : false,
        "readOnly" : false,
        "required" : false,
        "showTimeZone" : false,
        "systemReserved" : false,
        "unique" : false
      }, {
        "autoGenerated" : false,
        "columnName" : "CRSETFI_RADDR",
        "dataType" : "STRING",
        "displayIndex" : 3,
        "indexedForSearch" : true,
        "length" : 200,
        "localizedLabels" : [ {
          "label" : "Crsetfi Raddr",
          "localeCd" : "en-US"
        } ],
        "name" : "CRSETFI_RADDR",
        "primaryKeyField" : false,
        "readOnly" : false,
        "required" : false,
        "showTimeZone" : false,
        "systemReserved" : false,
        "unique" : false
      }, {
        "autoGenerated" : false,
        "columnName" : "CRSETFI_RNTINTXT",
        "dataType" : "STRING",
        "displayIndex" : 7,
        "indexedForSearch" : true,
        "length" : 120,
        "localizedLabels" : [ {
          "label" : "Crsetfi Rntintxt",
          "localeCd" : "en-US"
        } ],
        "name" : "CRSETFI_RNTINTXT",
        "primaryKeyField" : false,
        "readOnly" : false,
        "required" : false,
        "showTimeZone" : false,
        "systemReserved" : false,
        "unique" : false
      }, {
        "autoGenerated" : false,
        "columnName" : "CRSETFI_TIN",
        "dataType" : "STRING",
        "displayIndex" : 6,
        "indexedForSearch" : true,
        "length" : 120,
        "localizedLabels" : [ {
          "label" : "Crsetfi Tin",
          "localeCd" : "en-US"
        } ],
        "name" : "CRSETFI_TIN",
        "primaryKeyField" : false,
        "readOnly" : false,
        "required" : false,
        "showTimeZone" : false,
        "systemReserved" : false,
        "unique" : false
      }, {
        "autoGenerated" : false,
        "columnName" : "case_master_id",
        "dataType" : "STRING",
        "displayIndex" : 1,
        "indexedForSearch" : true,
        "length" : 36,
        "localizedLabels" : [ {
          "label" : "Case ID",
          "localeCd" : "en-US"
        } ],
        "name" : "case_master_id",
        "primaryKeyField" : false,
        "primaryKeySeqNo" : 1,
        "readOnly" : false,
        "required" : true,
        "showTimeZone" : false,
        "systemReserved" : true,
        "unique" : false
      }, {
        "autoGenerated" : true,
        "columnName" : "crsetfi_det_id",
        "dataType" : "STRING",
        "displayIndex" : 0,
        "indexedForSearch" : true,
        "length" : 36,
        "localizedLabels" : [ {
          "label" : "Crsetfi_Det ID",
          "localeCd" : "en-US"
        } ],
        "name" : "crsetfi_det_id",
        "primaryKeyField" : true,
        "primaryKeySeqNo" : 1,
        "readOnly" : true,
        "required" : true,
        "showTimeZone" : false,
        "systemReserved" : true,
        "unique" : true
      } ],
      "historyEnabled" : false,
      "historyTableName" : "Crsetfi_Det",
      "indexedForSearch" : true,
      "localizedLabels" : [ {
        "label" : "Crsetfi Det",
        "localeCd" : "en-US"
      } ],
      "markerColor" : "#00517F",
      "mobileOfflineEnabled" : false,
      "name" : "Crsetfi_Det",
      "nodeColor" : "#FFFFFF",
      "nodeDecoration" : { },
      "nodeShape" : "square",
      "publishCode" : "OPEN",
      "readOnly" : false,
      "reindexRequired" : false,
      "relationshipsTo" : [ {
        "cardinality" : "ONE_TO_MANY",
        "cascadeType" : "NONE",
        "createFlagHistoryColumnName" : "created_flg",
        "deleteFlagHistoryColumnName" : "archived_flg",
        "fromObjectLabel" : "Case Master",
        "fromObjectName" : "case_master",
        "historyEnabled" : false,
        "joinConditions" : [ {
          "type" : "Conditional",
          "leftOperand" : {
            "type" : "FieldRef",
            "objectName" : "case_master",
            "fieldName" : "case_master_id"
          },
          "rightOperands" : [ {
            "type" : "FieldRef",
            "objectName" : "Crsetfi_Det",
            "fieldName" : "case_master_id"
          } ],
          "operator" : "EQ"
        } ],
        "lastUpdatedByUserIdFieldName" : "last_updated_by_user_id",
        "localizedLabels" : [ {
          "label" : "Crsetfi_Det",
          "localeCd" : "en-US"
        } ],
        "localizedReverseLabels" : [ {
          "label" : "case_master",
          "localeCd" : "en-US"
        } ],
        "managed" : true,
        "name" : "Crsetfi_Det",
        "qualifiedName" : "case_master__Crsetfi_Det",
        "readOnly" : false,
        "reindexRequired" : false,
        "required" : false,
        "reverseName" : "case_master",
        "solutionLabel" : "SAS Visual Investigator",
        "solutionName" : "sas_visual_investigator_default",
        "symmetric" : false,
        "systemReserved" : false,
        "toObjectLabel" : "Crsetfi Det",
        "toObjectName" : "Crsetfi_Det",
        "type" : "DIRECT_CHILD",
        "updateFlagHistoryColumnName" : "updated_flg",
        "useCustomIndex" : false,
        "versionNumberFieldName" : "version"
      } ],
      "requireSearchBeforeCreate" : false,
      "scale" : 1,
      "solutionLabel" : "SAS Visual Investigator",
      "solutionName" : "sas_visual_investigator_default",
      "systemReserved" : false,
      "tableName" : "Crsetfi_Det",
      "type" : "MANAGED",
      "updateFlagHistoryColumnName" : "updated_flg",
      "versionNumberFieldName" : "version"
    } ],
    "handlerName" : "datahub"
  },
  "publishCode" : "OPEN",
  "reference" : {
    "contentType" : "application/vnd.sas.investigation.meta.entity",
    "id" : "Crsetfi_Det"
  },
  "resourceCategoryLabelKey" : "svi.datahub.transport.entity.category.label.txt",
  "resourceLabelKey" : "svi.datahub.entity.Crsetfi_Det.label.txt",
  "resourceSubcategoryLabelKey" : "svi.datahub.transport.entity.subcategory.label.txt",
  "resourceTypeLabelKey" : "svi.datahub.transport.entity.type.label.txt",
  "solutionReference" : {
    "contentType" : "application/vnd.sas.investigation.meta.solution",
    "id" : "sas_visual_investigator_default"
  },
  "transportSchemaVersion" : 1
}