{
  "deferToParentFlag" : true,
  "dependencies" : [ {
    "contentType" : "application/vnd.sas.investigation.meta.solution",
    "id" : "sas_visual_investigator_default"
  }, {
    "contentType" : "application/vnd.sas.investigation.meta.entity",
    "id" : "case_master"
  } ],
  "displayFlag" : false,
  "parentReference" : {
    "contentType" : "application/vnd.sas.investigation.meta.entity",
    "id" : "case_master"
  },
  "payload" : {
    "schemaVersion" : "10.8.0",
    "documents" : [ {
      "attachmentsIndexedForSearch" : false,
      "borderColor" : "#BFBFBF",
      "borderWidth" : 1,
      "createFlagHistoryColumnName" : "created_flg",
      "dataStoreAssignedTimeZone" : "Etc/UTC",
      "dataStoreDefaultSchemaName" : "fdhdata",
      "dataStoreName" : "DEFAULT_STORE",
      "deleteFlagHistoryColumnName" : "archived_flg",
      "displayTextFields" : [ {
        "displayIndex" : 0,
        "name" : "reduced_baseline_id"
      } ],
      "elementGroupRoot" : false,
      "enableCasDistributedDataLoad" : false,
      "fields" : [ {
        "autoGenerated" : false,
        "columnName" : "RBCDD_BENEFICIARY_CLASS",
        "dataType" : "STRING",
        "displayIndex" : 30,
        "indexedForSearch" : true,
        "length" : 120,
        "localizedLabels" : [ {
          "label" : "Rbcdd Beneficiary Class",
          "localeCd" : "en-US"
        } ],
        "name" : "RBCDD_BENEFICIARY_CLASS",
        "primaryKeyField" : false,
        "readOnly" : false,
        "required" : false,
        "showTimeZone" : false,
        "systemReserved" : false,
        "unique" : false
      }, {
        "autoGenerated" : false,
        "columnName" : "RBCDD_CONTROLLER_LIST",
        "dataType" : "STRING",
        "displayIndex" : 15,
        "indexedForSearch" : true,
        "length" : 120,
        "localizedLabels" : [ {
          "label" : "Rbcdd Controller List",
          "localeCd" : "en-US"
        } ],
        "name" : "RBCDD_CONTROLLER_LIST",
        "primaryKeyField" : false,
        "readOnly" : false,
        "required" : false,
        "showTimeZone" : false,
        "systemReserved" : false,
        "unique" : false
      }, {
        "autoGenerated" : false,
        "columnName" : "RBCDD_COUNTRIES_PR_OP_PS",
        "dataType" : "STRING",
        "displayIndex" : 13,
        "indexedForSearch" : true,
        "length" : 120,
        "localizedLabels" : [ {
          "label" : "Rbcdd Countries Pr Op Ps",
          "localeCd" : "en-US"
        } ],
        "name" : "RBCDD_COUNTRIES_PR_OP_PS",
        "primaryKeyField" : false,
        "readOnly" : false,
        "required" : false,
        "showTimeZone" : false,
        "systemReserved" : false,
        "unique" : false
      }, {
        "autoGenerated" : false,
        "columnName" : "RBCDD_EMPLOYER_NAME",
        "dataType" : "STRING",
        "displayIndex" : 31,
        "indexedForSearch" : true,
        "length" : 120,
        "localizedLabels" : [ {
          "label" : "Rbcdd Employer Name",
          "localeCd" : "en-US"
        } ],
        "name" : "RBCDD_EMPLOYER_NAME",
        "primaryKeyField" : false,
        "readOnly" : false,
        "required" : false,
        "showTimeZone" : false,
        "systemReserved" : false,
        "unique" : false
      }, {
        "autoGenerated" : false,
        "columnName" : "RBCDD_ENG_TYPE_FUND_HSBC",
        "dataType" : "STRING",
        "displayIndex" : 26,
        "indexedForSearch" : true,
        "length" : 120,
        "localizedLabels" : [ {
          "label" : "Rbcdd Eng Type Fund Hsbc",
          "localeCd" : "en-US"
        } ],
        "name" : "RBCDD_ENG_TYPE_FUND_HSBC",
        "primaryKeyField" : false,
        "readOnly" : false,
        "required" : false,
        "showTimeZone" : false,
        "systemReserved" : false,
        "unique" : false
      }, {
        "autoGenerated" : false,
        "columnName" : "RBCDD_ERFI_STATUS_REG_NAME",
        "dataType" : "STRING",
        "displayIndex" : 11,
        "indexedForSearch" : true,
        "length" : 120,
        "localizedLabels" : [ {
          "label" : "Rbcdd Erfi Status Reg Name",
          "localeCd" : "en-US"
        } ],
        "name" : "RBCDD_ERFI_STATUS_REG_NAME",
        "primaryKeyField" : false,
        "readOnly" : false,
        "required" : false,
        "showTimeZone" : false,
        "systemReserved" : false,
        "unique" : false
      }, {
        "autoGenerated" : false,
        "columnName" : "RBCDD_FEEDER_FUND_DET",
        "dataType" : "STRING",
        "displayIndex" : 32,
        "indexedForSearch" : true,
        "length" : 600,
        "localizedLabels" : [ {
          "label" : "Rbcdd Feeder Fund Det",
          "localeCd" : "en-US"
        } ],
        "name" : "RBCDD_FEEDER_FUND_DET",
        "primaryKeyField" : false,
        "readOnly" : false,
        "required" : false,
        "showTimeZone" : false,
        "systemReserved" : false,
        "unique" : false
      }, {
        "autoGenerated" : false,
        "columnName" : "RBCDD_FEEDER_FUND_INV_MF_DET",
        "dataType" : "STRING",
        "displayIndex" : 33,
        "indexedForSearch" : true,
        "length" : 600,
        "localizedLabels" : [ {
          "label" : "Rbcdd Feeder Fund Inv Mf Det",
          "localeCd" : "en-US"
        } ],
        "name" : "RBCDD_FEEDER_FUND_INV_MF_DET",
        "primaryKeyField" : false,
        "readOnly" : false,
        "required" : false,
        "showTimeZone" : false,
        "systemReserved" : false,
        "unique" : false
      }, {
        "autoGenerated" : false,
        "columnName" : "RBCDD_FUND_LEGAL_FORMATION",
        "dataType" : "STRING",
        "displayIndex" : 25,
        "indexedForSearch" : true,
        "length" : 120,
        "localizedLabels" : [ {
          "label" : "Rbcdd Fund Legal Formation",
          "localeCd" : "en-US"
        } ],
        "name" : "RBCDD_FUND_LEGAL_FORMATION",
        "primaryKeyField" : false,
        "readOnly" : false,
        "required" : false,
        "showTimeZone" : false,
        "systemReserved" : false,
        "unique" : false
      }, {
        "autoGenerated" : false,
        "columnName" : "RBCDD_FUND_STRATEGY_TARGET_OBJ",
        "dataType" : "STRING",
        "displayIndex" : 28,
        "indexedForSearch" : true,
        "length" : 600,
        "localizedLabels" : [ {
          "label" : "Rbcdd Fund Strategy Target Obj",
          "localeCd" : "en-US"
        } ],
        "name" : "RBCDD_FUND_STRATEGY_TARGET_OBJ",
        "primaryKeyField" : false,
        "readOnly" : false,
        "required" : false,
        "showTimeZone" : false,
        "systemReserved" : false,
        "unique" : false
      }, {
        "autoGenerated" : false,
        "columnName" : "RBCDD_FUND_ST_EXCHG_NAME",
        "dataType" : "STRING",
        "displayIndex" : 27,
        "indexedForSearch" : true,
        "length" : 120,
        "localizedLabels" : [ {
          "label" : "Rbcdd Fund St Exchg Name",
          "localeCd" : "en-US"
        } ],
        "name" : "RBCDD_FUND_ST_EXCHG_NAME",
        "primaryKeyField" : false,
        "readOnly" : false,
        "required" : false,
        "showTimeZone" : false,
        "systemReserved" : false,
        "unique" : false
      }, {
        "autoGenerated" : false,
        "columnName" : "RBCDD_ID_ISSUE_AUTHORITY",
        "dataType" : "STRING",
        "displayIndex" : 9,
        "indexedForSearch" : true,
        "length" : 120,
        "localizedLabels" : [ {
          "label" : "Rbcdd Id Issue Authority",
          "localeCd" : "en-US"
        } ],
        "name" : "RBCDD_ID_ISSUE_AUTHORITY",
        "primaryKeyField" : false,
        "readOnly" : false,
        "required" : false,
        "showTimeZone" : false,
        "systemReserved" : false,
        "unique" : false
      }, {
        "autoGenerated" : false,
        "columnName" : "RBCDD_ID_NUMBER",
        "dataType" : "STRING",
        "displayIndex" : 8,
        "indexedForSearch" : true,
        "length" : 120,
        "localizedLabels" : [ {
          "label" : "Rbcdd Id Number",
          "localeCd" : "en-US"
        } ],
        "name" : "RBCDD_ID_NUMBER",
        "primaryKeyField" : false,
        "readOnly" : false,
        "required" : false,
        "showTimeZone" : false,
        "systemReserved" : false,
        "unique" : false
      }, {
        "autoGenerated" : false,
        "columnName" : "RBCDD_INC_RGD_DETAILS",
        "dataType" : "STRING",
        "displayIndex" : 6,
        "indexedForSearch" : true,
        "length" : 300,
        "localizedLabels" : [ {
          "label" : "Rbcdd Inc Rgd Details",
          "localeCd" : "en-US"
        } ],
        "name" : "RBCDD_INC_RGD_DETAILS",
        "primaryKeyField" : false,
        "readOnly" : false,
        "required" : false,
        "showTimeZone" : false,
        "systemReserved" : false,
        "unique" : false
      }, {
        "autoGenerated" : false,
        "columnName" : "RBCDD_LEGAL_NAME",
        "dataType" : "STRING",
        "displayIndex" : 2,
        "indexedForSearch" : true,
        "length" : 60,
        "localizedLabels" : [ {
          "label" : "Rbcdd Legal Name",
          "localeCd" : "en-US"
        } ],
        "name" : "RBCDD_LEGAL_NAME",
        "primaryKeyField" : false,
        "readOnly" : false,
        "required" : false,
        "showTimeZone" : false,
        "systemReserved" : false,
        "unique" : false
      }, {
        "autoGenerated" : false,
        "columnName" : "RBCDD_NAME_CP",
        "dataType" : "STRING",
        "displayIndex" : 38,
        "indexedForSearch" : true,
        "length" : 600,
        "localizedLabels" : [ {
          "label" : "Rbcdd Name Cp",
          "localeCd" : "en-US"
        } ],
        "name" : "RBCDD_NAME_CP",
        "primaryKeyField" : false,
        "readOnly" : false,
        "required" : false,
        "showTimeZone" : false,
        "systemReserved" : false,
        "unique" : false
      }, {
        "autoGenerated" : false,
        "columnName" : "RBCDD_NATURE_BUSINESS",
        "dataType" : "STRING",
        "displayIndex" : 14,
        "indexedForSearch" : true,
        "length" : 120,
        "localizedLabels" : [ {
          "label" : "Rbcdd Nature Business",
          "localeCd" : "en-US"
        } ],
        "name" : "RBCDD_NATURE_BUSINESS",
        "primaryKeyField" : false,
        "readOnly" : false,
        "required" : false,
        "showTimeZone" : false,
        "systemReserved" : false,
        "unique" : false
      }, {
        "autoGenerated" : false,
        "columnName" : "RBCDD_PREV_NAME",
        "dataType" : "STRING",
        "displayIndex" : 3,
        "indexedForSearch" : true,
        "length" : 60,
        "localizedLabels" : [ {
          "label" : "Rbcdd Prev Name",
          "localeCd" : "en-US"
        } ],
        "name" : "RBCDD_PREV_NAME",
        "primaryKeyField" : false,
        "readOnly" : false,
        "required" : false,
        "showTimeZone" : false,
        "systemReserved" : false,
        "unique" : false
      }, {
        "autoGenerated" : false,
        "columnName" : "RBCDD_PRINCIPAL_BUSINESS_ADD",
        "dataType" : "STRING",
        "displayIndex" : 12,
        "indexedForSearch" : true,
        "length" : 600,
        "localizedLabels" : [ {
          "label" : "Rbcdd Principal Business Add",
          "localeCd" : "en-US"
        } ],
        "name" : "RBCDD_PRINCIPAL_BUSINESS_ADD",
        "primaryKeyField" : false,
        "readOnly" : false,
        "required" : false,
        "showTimeZone" : false,
        "systemReserved" : false,
        "unique" : false
      }, {
        "autoGenerated" : false,
        "columnName" : "RBCDD_PURPOSE_ACCOUNT_SPV",
        "dataType" : "STRING",
        "displayIndex" : 17,
        "indexedForSearch" : true,
        "length" : 120,
        "localizedLabels" : [ {
          "label" : "Rbcdd Purpose Account Spv",
          "localeCd" : "en-US"
        } ],
        "name" : "RBCDD_PURPOSE_ACCOUNT_SPV",
        "primaryKeyField" : false,
        "readOnly" : false,
        "required" : false,
        "showTimeZone" : false,
        "systemReserved" : false,
        "unique" : false
      }, {
        "autoGenerated" : false,
        "columnName" : "RBCDD_PURPOSE_SPV",
        "dataType" : "STRING",
        "displayIndex" : 16,
        "indexedForSearch" : true,
        "length" : 120,
        "localizedLabels" : [ {
          "label" : "Rbcdd Purpose Spv",
          "localeCd" : "en-US"
        } ],
        "name" : "RBCDD_PURPOSE_SPV",
        "primaryKeyField" : false,
        "readOnly" : false,
        "required" : false,
        "showTimeZone" : false,
        "systemReserved" : false,
        "unique" : false
      }, {
        "autoGenerated" : false,
        "columnName" : "RBCDD_REG_INC_DATE",
        "dataType" : "DATE",
        "displayIndex" : 7,
        "indexedForSearch" : true,
        "localizedLabels" : [ {
          "label" : "Rbcdd Reg Inc Date",
          "localeCd" : "en-US"
        } ],
        "name" : "RBCDD_REG_INC_DATE",
        "primaryKeyField" : false,
        "readOnly" : false,
        "required" : false,
        "showTimeZone" : false,
        "systemReserved" : false,
        "unique" : false
      }, {
        "autoGenerated" : false,
        "columnName" : "RBCDD_RELIANCE_PARTY_ADM_NAME",
        "dataType" : "STRING",
        "displayIndex" : 34,
        "indexedForSearch" : true,
        "length" : 600,
        "localizedLabels" : [ {
          "label" : "Rbcdd Reliance Party Adm Name",
          "localeCd" : "en-US"
        } ],
        "name" : "RBCDD_RELIANCE_PARTY_ADM_NAME",
        "primaryKeyField" : false,
        "readOnly" : false,
        "required" : false,
        "showTimeZone" : false,
        "systemReserved" : false,
        "unique" : false
      }, {
        "autoGenerated" : false,
        "columnName" : "RBCDD_RELIANCE_PARTY_CRMS",
        "dataType" : "STRING",
        "displayIndex" : 37,
        "indexedForSearch" : true,
        "length" : 120,
        "localizedLabels" : [ {
          "label" : "Rbcdd Reliance Party Crms",
          "localeCd" : "en-US"
        } ],
        "name" : "RBCDD_RELIANCE_PARTY_CRMS",
        "primaryKeyField" : false,
        "readOnly" : false,
        "required" : false,
        "showTimeZone" : false,
        "systemReserved" : false,
        "unique" : false
      }, {
        "autoGenerated" : false,
        "columnName" : "RBCDD_REL_PARTY_ADM_REG_NAME",
        "dataType" : "STRING",
        "displayIndex" : 36,
        "indexedForSearch" : true,
        "length" : 600,
        "localizedLabels" : [ {
          "label" : "Rbcdd Rel Party Adm Reg Name",
          "localeCd" : "en-US"
        } ],
        "name" : "RBCDD_REL_PARTY_ADM_REG_NAME",
        "primaryKeyField" : false,
        "readOnly" : false,
        "required" : false,
        "showTimeZone" : false,
        "systemReserved" : false,
        "unique" : false
      }, {
        "autoGenerated" : false,
        "columnName" : "RBCDD_REL_PARTY_HRTC_FCC_ESCL",
        "dataType" : "STRING",
        "displayIndex" : 35,
        "indexedForSearch" : true,
        "length" : 600,
        "localizedLabels" : [ {
          "label" : "Rbcdd Rel Party Hrtc Fcc Escl",
          "localeCd" : "en-US"
        } ],
        "name" : "RBCDD_REL_PARTY_HRTC_FCC_ESCL",
        "primaryKeyField" : false,
        "readOnly" : false,
        "required" : false,
        "showTimeZone" : false,
        "systemReserved" : false,
        "unique" : false
      }, {
        "autoGenerated" : false,
        "columnName" : "RBCDD_RGD_OFF_ADDRESS_INC_CTRY",
        "dataType" : "STRING",
        "displayIndex" : 5,
        "indexedForSearch" : true,
        "length" : 600,
        "localizedLabels" : [ {
          "label" : "Rbcdd Rgd Off Address Inc Ctry",
          "localeCd" : "en-US"
        } ],
        "name" : "RBCDD_RGD_OFF_ADDRESS_INC_CTRY",
        "primaryKeyField" : false,
        "readOnly" : false,
        "required" : false,
        "showTimeZone" : false,
        "systemReserved" : false,
        "unique" : false
      }, {
        "autoGenerated" : false,
        "columnName" : "RBCDD_SPV_ASSET_PR_COUNTRY_INC",
        "dataType" : "STRING",
        "displayIndex" : 20,
        "indexedForSearch" : true,
        "length" : 120,
        "localizedLabels" : [ {
          "label" : "Rbcdd Spv Asset Pr Country Inc",
          "localeCd" : "en-US"
        } ],
        "name" : "RBCDD_SPV_ASSET_PR_COUNTRY_INC",
        "primaryKeyField" : false,
        "readOnly" : false,
        "required" : false,
        "showTimeZone" : false,
        "systemReserved" : false,
        "unique" : false
      }, {
        "autoGenerated" : false,
        "columnName" : "RBCDD_SPV_ASSET_PR_COUNTRY_OPR",
        "dataType" : "STRING",
        "displayIndex" : 19,
        "indexedForSearch" : true,
        "length" : 120,
        "localizedLabels" : [ {
          "label" : "Rbcdd Spv Asset Pr Country Opr",
          "localeCd" : "en-US"
        } ],
        "name" : "RBCDD_SPV_ASSET_PR_COUNTRY_OPR",
        "primaryKeyField" : false,
        "readOnly" : false,
        "required" : false,
        "showTimeZone" : false,
        "systemReserved" : false,
        "unique" : false
      }, {
        "autoGenerated" : false,
        "columnName" : "RBCDD_SPV_ASSET_PR_NAME",
        "dataType" : "STRING",
        "displayIndex" : 18,
        "indexedForSearch" : true,
        "length" : 120,
        "localizedLabels" : [ {
          "label" : "Rbcdd Spv Asset Pr Name",
          "localeCd" : "en-US"
        } ],
        "name" : "RBCDD_SPV_ASSET_PR_NAME",
        "primaryKeyField" : false,
        "readOnly" : false,
        "required" : false,
        "showTimeZone" : false,
        "systemReserved" : false,
        "unique" : false
      }, {
        "autoGenerated" : false,
        "columnName" : "RBCDD_SPV_BANKING_LICENSE",
        "dataType" : "STRING",
        "displayIndex" : 22,
        "indexedForSearch" : true,
        "length" : 120,
        "localizedLabels" : [ {
          "label" : "Rbcdd Spv Banking License",
          "localeCd" : "en-US"
        } ],
        "name" : "RBCDD_SPV_BANKING_LICENSE",
        "primaryKeyField" : false,
        "readOnly" : false,
        "required" : false,
        "showTimeZone" : false,
        "systemReserved" : false,
        "unique" : false
      }, {
        "autoGenerated" : false,
        "columnName" : "RBCDD_SPV_EST_SOURCE_ASSET_FND",
        "dataType" : "STRING",
        "displayIndex" : 23,
        "indexedForSearch" : true,
        "length" : 120,
        "localizedLabels" : [ {
          "label" : "Rbcdd Spv Est Source Asset Fnd",
          "localeCd" : "en-US"
        } ],
        "name" : "RBCDD_SPV_EST_SOURCE_ASSET_FND",
        "primaryKeyField" : false,
        "readOnly" : false,
        "required" : false,
        "showTimeZone" : false,
        "systemReserved" : false,
        "unique" : false
      }, {
        "autoGenerated" : false,
        "columnName" : "RBCDD_SPV_EVIDENCE_REGULATION",
        "dataType" : "STRING",
        "displayIndex" : 21,
        "indexedForSearch" : true,
        "length" : 120,
        "localizedLabels" : [ {
          "label" : "Rbcdd Spv Evidence Regulation",
          "localeCd" : "en-US"
        } ],
        "name" : "RBCDD_SPV_EVIDENCE_REGULATION",
        "primaryKeyField" : false,
        "readOnly" : false,
        "required" : false,
        "showTimeZone" : false,
        "systemReserved" : false,
        "unique" : false
      }, {
        "autoGenerated" : false,
        "columnName" : "RBCDD_SPV_FUND_TYPE",
        "dataType" : "STRING",
        "displayIndex" : 24,
        "indexedForSearch" : true,
        "length" : 120,
        "localizedLabels" : [ {
          "label" : "Rbcdd Spv Fund Type",
          "localeCd" : "en-US"
        } ],
        "name" : "RBCDD_SPV_FUND_TYPE",
        "primaryKeyField" : false,
        "readOnly" : false,
        "required" : false,
        "showTimeZone" : false,
        "systemReserved" : false,
        "unique" : false
      }, {
        "autoGenerated" : false,
        "columnName" : "RBCDD_STOCK_EXCHG_LISTED_NAME",
        "dataType" : "STRING",
        "displayIndex" : 10,
        "indexedForSearch" : true,
        "length" : 120,
        "localizedLabels" : [ {
          "label" : "Rbcdd Stock Exchg Listed Name",
          "localeCd" : "en-US"
        } ],
        "name" : "RBCDD_STOCK_EXCHG_LISTED_NAME",
        "primaryKeyField" : false,
        "readOnly" : false,
        "required" : false,
        "showTimeZone" : false,
        "systemReserved" : false,
        "unique" : false
      }, {
        "autoGenerated" : false,
        "columnName" : "RBCDD_TRADING_NAME",
        "dataType" : "STRING",
        "displayIndex" : 4,
        "indexedForSearch" : true,
        "length" : 60,
        "localizedLabels" : [ {
          "label" : "Rbcdd Trading Name",
          "localeCd" : "en-US"
        } ],
        "name" : "RBCDD_TRADING_NAME",
        "primaryKeyField" : false,
        "readOnly" : false,
        "required" : false,
        "showTimeZone" : false,
        "systemReserved" : false,
        "unique" : false
      }, {
        "autoGenerated" : false,
        "columnName" : "RBCDD_UNIT_HOLDER_BENEF_DET",
        "dataType" : "STRING",
        "displayIndex" : 29,
        "indexedForSearch" : true,
        "length" : 600,
        "localizedLabels" : [ {
          "label" : "Rbcdd Unit Holder Benef Det",
          "localeCd" : "en-US"
        } ],
        "name" : "RBCDD_UNIT_HOLDER_BENEF_DET",
        "primaryKeyField" : false,
        "readOnly" : false,
        "required" : false,
        "showTimeZone" : false,
        "systemReserved" : false,
        "unique" : false
      }, {
        "autoGenerated" : false,
        "columnName" : "case_master_id",
        "dataType" : "STRING",
        "displayIndex" : 1,
        "indexedForSearch" : true,
        "length" : 36,
        "localizedLabels" : [ {
          "label" : "Case ID",
          "localeCd" : "en-US"
        } ],
        "name" : "case_master_id",
        "primaryKeyField" : false,
        "primaryKeySeqNo" : 1,
        "readOnly" : false,
        "required" : true,
        "showTimeZone" : false,
        "systemReserved" : true,
        "unique" : false
      }, {
        "autoGenerated" : true,
        "columnName" : "reduced_baseline_id",
        "dataType" : "STRING",
        "displayIndex" : 0,
        "indexedForSearch" : true,
        "length" : 36,
        "localizedLabels" : [ {
          "label" : "Reduced_Baseline ID",
          "localeCd" : "en-US"
        } ],
        "name" : "reduced_baseline_id",
        "primaryKeyField" : true,
        "primaryKeySeqNo" : 1,
        "readOnly" : true,
        "required" : true,
        "showTimeZone" : false,
        "systemReserved" : true,
        "unique" : true
      } ],
      "historyEnabled" : false,
      "historyTableName" : "Reduced_Baseline",
      "indexedForSearch" : true,
      "localizedLabels" : [ {
        "label" : "Reduced Baseline",
        "localeCd" : "en-US"
      } ],
      "markerColor" : "#00517F",
      "mobileOfflineEnabled" : false,
      "name" : "Reduced_Baseline",
      "nodeColor" : "#FFFFFF",
      "nodeDecoration" : { },
      "nodeShape" : "square",
      "publishCode" : "OPEN",
      "readOnly" : false,
      "reindexRequired" : false,
      "relationshipsTo" : [ {
        "cardinality" : "ONE_TO_MANY",
        "cascadeType" : "NONE",
        "createFlagHistoryColumnName" : "created_flg",
        "deleteFlagHistoryColumnName" : "archived_flg",
        "fromObjectLabel" : "Case Master",
        "fromObjectName" : "case_master",
        "historyEnabled" : false,
        "joinConditions" : [ {
          "type" : "Conditional",
          "leftOperand" : {
            "type" : "FieldRef",
            "objectName" : "case_master",
            "fieldName" : "case_master_id"
          },
          "rightOperands" : [ {
            "type" : "FieldRef",
            "objectName" : "Reduced_Baseline",
            "fieldName" : "case_master_id"
          } ],
          "operator" : "EQ"
        } ],
        "lastUpdatedByUserIdFieldName" : "last_updated_by_user_id",
        "localizedLabels" : [ {
          "label" : "Reduced_Baseline",
          "localeCd" : "en-US"
        } ],
        "localizedReverseLabels" : [ {
          "label" : "case_master",
          "localeCd" : "en-US"
        } ],
        "managed" : true,
        "name" : "Reduced_Baseline",
        "qualifiedName" : "case_master__Reduced_Baseline",
        "readOnly" : false,
        "reindexRequired" : false,
        "required" : false,
        "reverseName" : "case_master",
        "solutionLabel" : "SAS Visual Investigator",
        "solutionName" : "sas_visual_investigator_default",
        "symmetric" : false,
        "systemReserved" : false,
        "toObjectLabel" : "Reduced Baseline",
        "toObjectName" : "Reduced_Baseline",
        "type" : "DIRECT_CHILD",
        "updateFlagHistoryColumnName" : "updated_flg",
        "useCustomIndex" : false,
        "versionNumberFieldName" : "version"
      } ],
      "requireSearchBeforeCreate" : false,
      "scale" : 1,
      "solutionLabel" : "SAS Visual Investigator",
      "solutionName" : "sas_visual_investigator_default",
      "systemReserved" : false,
      "tableName" : "Reduced_Baseline",
      "type" : "MANAGED",
      "updateFlagHistoryColumnName" : "updated_flg",
      "versionNumberFieldName" : "version"
    } ],
    "handlerName" : "datahub"
  },
  "publishCode" : "OPEN",
  "reference" : {
    "contentType" : "application/vnd.sas.investigation.meta.entity",
    "id" : "Reduced_Baseline"
  },
  "resourceCategoryLabelKey" : "svi.datahub.transport.entity.category.label.txt",
  "resourceLabelKey" : "svi.datahub.entity.Reduced_Baseline.label.txt",
  "resourceSubcategoryLabelKey" : "svi.datahub.transport.entity.subcategory.label.txt",
  "resourceTypeLabelKey" : "svi.datahub.transport.entity.type.label.txt",
  "solutionReference" : {
    "contentType" : "application/vnd.sas.investigation.meta.solution",
    "id" : "sas_visual_investigator_default"
  },
  "transportSchemaVersion" : 1
}