{
  "deferToParentFlag" : false,
  "dependencies" : [ {
    "contentType" : "application/vnd.sas.investigation.meta.solution",
    "id" : "sas_visual_investigator_default"
  } ],
  "displayFlag" : true,
  "parentReference" : {
    "contentType" : "application/vnd.sas.investigation.meta.solution",
    "id" : "sas_visual_investigator_default"
  },
  "payload" : [ {
    "id" : "1",
    "name" : "page-designer-pages",
    "title" : "pageDesigner.tab.title",
    "order" : 3,
    "appConfigurationId" : "40",
    "requiredFeatures" : [ "svi.administration.core_metadata" ],
    "version" : 1,
    "solutionName" : "sas_visual_investigator_default",
    "nullSafeVersion" : 1
  }, {
    "id" : "10",
    "name" : "ai-main",
    "title" : "aiMain.tab.title",
    "order" : 9,
    "appConfigurationId" : "110",
    "requiredFeatures" : [ "svi.analyzeindex" ],
    "version" : 1,
    "solutionName" : "sas_visual_investigator_default",
    "nullSafeVersion" : 1
  }, {
    "id" : "11",
    "name" : "homepage",
    "title" : "homePage.tab.title",
    "order" : 0,
    "appConfigurationId" : "101",
    "requiredFeatures" : [ "svi.homepage" ],
    "version" : 1,
    "solutionName" : "sas_visual_investigator_default",
    "nullSafeVersion" : 1
  }, {
    "id" : "12",
    "name" : "jobs",
    "title" : "jobs.tab.title",
    "order" : 10,
    "appConfigurationId" : "21",
    "requiredFeatures" : [ "svi.feature.jobs" ],
    "version" : 1,
    "solutionName" : "sas_visual_investigator_default",
    "nullSafeVersion" : 1
  }, {
    "id" : "13",
    "name" : "svi-mgmt-reports",
    "title" : "svi.mgmt.report.tab.title",
    "order" : 3,
    "appConfigurationId" : "22",
    "requiredFeatures" : [ "svi.audit", "svi.workflows.operational_management.view", "svi.alert.operational_management.view" ],
    "version" : 1,
    "solutionName" : "sas_visual_investigator_default",
    "nullSafeVersion" : 1
  }, {
    "id" : "2",
    "name" : "sand-search",
    "title" : "sandSearch.tab.title",
    "order" : 4,
    "appConfigurationId" : "61",
    "requiredFeatures" : [ "svi.search" ],
    "version" : 1,
    "solutionName" : "sas_visual_investigator_default",
    "nullSafeVersion" : 1
  }, {
    "id" : "3",
    "name" : "alerts-triage",
    "title" : "tdcAlert.tab.title",
    "order" : 1,
    "appConfigurationId" : "30",
    "requiredFeatures" : [ "svi.alert.disposition" ],
    "version" : 2,
    "solutionName" : "sas_visual_investigator_default",
    "nullSafeVersion" : 2
  }, {
    "id" : "4",
    "name" : "alerts-routing-admin",
    "title" : "alertRouting.tab.title",
    "order" : 5,
    "appConfigurationId" : "31",
    "requiredFeatures" : [ "svi.administration.alerts" ],
    "version" : 2,
    "solutionName" : "sas_visual_investigator_default",
    "nullSafeVersion" : 2
  }, {
    "id" : "400",
    "name" : "workflow-main",
    "title" : "workflows.tab.title",
    "order" : 4,
    "appConfigurationId" : "400",
    "requiredFeatures" : [ "svi.administration.workflows.setting", "svi.administration.workflows", "svi.administration.workflows.process" ],
    "version" : 1,
    "solutionName" : "sas_visual_investigator_default",
    "nullSafeVersion" : 1
  }, {
    "id" : "401",
    "name" : "workflow-tasks-main",
    "title" : "workflow.tasks.tab.title",
    "order" : 2,
    "appConfigurationId" : "401",
    "requiredFeatures" : [ "svi.workflows.tasks" ],
    "version" : 1,
    "solutionName" : "sas_visual_investigator_default",
    "nullSafeVersion" : 1
  }, {
    "id" : "6",
    "name" : "object-list",
    "title" : "dataHub.tab.title",
    "order" : 1,
    "appConfigurationId" : "80",
    "requiredFeatures" : [ "svi.administration.reference_data", "svi.administration.core_metadata" ],
    "version" : 1,
    "solutionName" : "sas_visual_investigator_default",
    "nullSafeVersion" : 1
  }, {
    "id" : "7",
    "name" : "relationships",
    "title" : "relationships.tab.title",
    "order" : 2,
    "appConfigurationId" : "90",
    "requiredFeatures" : [ "svi.administration.core_metadata" ],
    "version" : 1,
    "solutionName" : "sas_visual_investigator_default",
    "nullSafeVersion" : 1
  }, {
    "id" : "8",
    "name" : "permissions",
    "title" : "permissions.tab.title",
    "order" : 6,
    "appConfigurationId" : "100",
    "requiredFeatures" : [ "svi.feature.assign.group" ],
    "version" : 2,
    "solutionName" : "sas_visual_investigator_default",
    "nullSafeVersion" : 2
  }, {
    "id" : "9",
    "name" : "workspace-configuration",
    "title" : "configuration.tab.title",
    "order" : 7,
    "appConfigurationId" : "21",
    "requiredFeatures" : [ "svi.administration.core_metadata" ],
    "version" : 1,
    "solutionName" : "sas_visual_investigator_default",
    "nullSafeVersion" : 1
  }, {
    "id" : "Admin__admin-scenario-alerts",
    "name" : "admin-scenario-alerts",
    "title" : "alertRouting.tab.title",
    "order" : 5,
    "appConfigurationId" : "sngShared_scenarioAlerts__Admin",
    "requiredFeatures" : [ "svi.vsd.flow.view", "svi.administration.alerts" ],
    "version" : 1,
    "solutionName" : "sas_visual_investigator_default",
    "nullSafeVersion" : 1
  }, {
    "id" : "Core__alerts-triage",
    "name" : "alerts-triage",
    "title" : "tdcAlert.tab.title",
    "order" : 1,
    "appConfigurationId" : "sngTDC__Core",
    "requiredFeatures" : [ "svi.alert.disposition" ],
    "version" : 1,
    "solutionName" : "sas_visual_investigator_default",
    "nullSafeVersion" : 1
  }, {
    "id" : "simCodeEditor",
    "name" : "sim-code-editor",
    "title" : "sim.codeEditor.tab.title",
    "order" : 11,
    "appConfigurationId" : "SASIntelligenceManagementAdmin",
    "requiredFeatures" : [ "svi.administration.core_metadata" ],
    "version" : 2,
    "solutionName" : "sas_visual_investigator_default",
    "nullSafeVersion" : 2
  }, {
    "id" : "simLibrarySearches",
    "name" : "sim-library-searches",
    "title" : "sim.librarySearches.tab.title",
    "order" : 12,
    "appConfigurationId" : "SASIntelligenceManagementAdmin",
    "requiredFeatures" : [ "sim.searches.manage.organization.searches", "sim.searches.admin" ],
    "version" : 2,
    "solutionName" : "sas_visual_investigator_default",
    "nullSafeVersion" : 2
  } ],
  "publishCode" : "OPEN",
  "reference" : {
    "contentType" : "application/vnd.sas.investigation.tab.configuration",
    "id" : "sas_visual_investigator_default"
  },
  "resourceCategoryLabelKey" : "workspace.tab.configurations.category.label.txt",
  "resourceLabelKey" : "workspace.tab.configurations.label.txt",
  "resourceSubcategoryLabelKey" : "workspace.tab.configurations.subcategory.label.txt",
  "resourceTypeLabelKey" : "workspace.tab.configurations.type.txt",
  "solutionReference" : {
    "contentType" : "application/vnd.sas.investigation.meta.solution",
    "id" : "sas_visual_investigator_default"
  },
  "transportSchemaVersion" : 1
}